Results Table 1,,,,
,Specimen label,Width,Thickness,Length
,,(mm),(mm),(mm)
1,A,3.14,1.32,76.2
2,B,3.15,1.94,76.2
3,C,3.14,1.19,76.2
4,D,3.17,1,76.2
,,,,
Results Table 2,,,,
,,,,
,,,,
1,Force,Displacement,Time,
,(kN),(mm),(s),
,0.0022,0,0,
,0.0024,0.0001,0.02,
,0.003,0.0004,0.04,
,0.0058,0.0008,0.06,
,0.0123,0.0015,0.08,
,0.022,0.0023,0.1,
,0.0347,0.0033,0.12,
,0.0513,0.0043,0.14,
,0.0697,0.0053,0.16,
,0.0878,0.0063,0.18,
,0.1049,0.0072,0.2,
,0.1207,0.0082,0.22,
,0.1365,0.0092,0.24,
,0.1526,0.0101,0.26,
,0.1682,0.0111,0.28,
,0.1833,0.0121,0.3,
,0.1991,0.0132,0.32,
,0.2157,0.0142,0.34,
,0.2323,0.0152,0.36,
,0.248,0.0162,0.38,
,0.2628,0.0171,0.4,
,0.2768,0.0181,0.42,
,0.2912,0.0192,0.44,
,0.3064,0.0202,0.46,
,0.3212,0.0212,0.48,
,0.3357,0.0222,0.5,
,0.3507,0.0233,0.52,
,0.3654,0.0243,0.54,
,0.3793,0.0253,0.56,
,0.3927,0.0263,0.58,
,0.4055,0.0272,0.6,
,0.4183,0.0283,0.62,
,0.4314,0.0294,0.64,
,0.4451,0.0304,0.66,
,0.4579,0.0314,0.68,
,0.4693,0.0324,0.7,
,0.4799,0.0333,0.72,
,0.4898,0.0343,0.74,
,0.4991,0.0353,0.76,
,0.508,0.0363,0.78,
,0.5162,0.0372,0.8,
,0.5227,0.0382,0.82,
,0.5269,0.0393,0.84,
,0.5252,0.0402,0.86,
,0.5175,0.0412,0.88,
,0.5116,0.0421,0.9,
,0.5104,0.0431,0.92,
,0.5122,0.0441,0.94,
,0.5154,0.0452,0.96,
,0.5197,0.0462,0.98,
,0.5241,0.0472,1,
,0.5283,0.0481,1.02,
,0.5326,0.0491,1.04,
,0.5375,0.0501,1.06,
,0.5423,0.051,1.08,
,0.5468,0.0521,1.1,
,0.5519,0.0532,1.12,
,0.5571,0.0542,1.14,
,0.5621,0.0553,1.16,
,0.5669,0.0563,1.18,
,0.5715,0.0572,1.2,
,0.5759,0.0582,1.22,
,0.5812,0.0593,1.24,
,0.5873,0.0603,1.26,
,0.5928,0.0613,1.28,
,0.598,0.0624,1.3,
,0.6034,0.0634,1.32,
,0.6086,0.0643,1.34,
,0.6132,0.0653,1.36,
,0.6178,0.0662,1.38,
,0.6223,0.0671,1.4,
,0.6272,0.0681,1.42,
,0.6327,0.0692,1.44,
,0.6386,0.0702,1.46,
,0.644,0.0712,1.48,
,0.6487,0.0722,1.5,
,0.6533,0.0732,1.52,
,0.6579,0.0741,1.54,
,0.6624,0.0751,1.56,
,0.6672,0.0761,1.58,
,0.6724,0.0772,1.6,
,0.6776,0.0782,1.62,
,0.6829,0.0793,1.64,
,0.6884,0.0803,1.66,
,0.6928,0.0812,1.68,
,0.6969,0.0822,1.7,
,0.7018,0.0832,1.72,
,0.7069,0.0842,1.74,
,0.7122,0.0853,1.76,
,0.7178,0.0863,1.78,
,0.723,0.0873,1.8,
,0.7274,0.0883,1.82,
,0.7318,0.0893,1.84,
,0.7365,0.0903,1.86,
,0.7409,0.0913,1.88,
,0.7452,0.0923,1.9,
,0.7501,0.0933,1.92,
,0.7553,0.0944,1.94,
,0.7602,0.0954,1.96,
,0.7646,0.0963,1.98,
,0.7683,0.0972,2,
,0.7717,0.0982,2.02,
,0.7758,0.0992,2.04,
,0.7806,0.1002,2.06,
,0.7851,0.1011,2.08,
,0.7893,0.1022,2.1,
,0.7938,0.1032,2.12,
,0.7982,0.1042,2.14,
,0.8021,0.1052,2.16,
,0.8059,0.1061,2.18,
,0.8097,0.1071,2.2,
,0.8135,0.108,2.22,
,0.8179,0.1091,2.24,
,0.823,0.1102,2.26,
,0.8278,0.1112,2.28,
,0.8317,0.1122,2.3,
,0.8357,0.1132,2.32,
,0.8397,0.1142,2.34,
,0.8433,0.1152,2.36,
,0.8467,0.1163,2.38,
,0.8501,0.1173,2.4,
,0.8533,0.1183,2.42,
,0.8565,0.1194,2.44,
,0.8594,0.1204,2.46,
,0.8615,0.1213,2.48,
,0.8629,0.1223,2.5,
,0.8645,0.1233,2.52,
,0.8664,0.1243,2.54,
,0.8684,0.1253,2.56,
,0.8708,0.1263,2.58,
,0.8737,0.1272,2.6,
,0.8764,0.1282,2.62,
,0.8793,0.1292,2.64,
,0.8828,0.1301,2.66,
,0.8861,0.1311,2.68,
,0.889,0.132,2.7,
,0.8927,0.1331,2.72,
,0.8968,0.1342,2.74,
,0.9007,0.1352,2.76,
,0.904,0.1362,2.78,
,0.9067,0.1372,2.8,
,0.9094,0.1381,2.82,
,0.9122,0.1391,2.84,
,0.916,0.1402,2.86,
,0.9198,0.1411,2.88,
,0.9232,0.1422,2.9,
,0.9269,0.1433,2.92,
,0.9307,0.1443,2.94,
,0.9341,0.1453,2.96,
,0.9375,0.1462,2.98,
,0.9409,0.1472,3,
,0.9444,0.1482,3.02,
,0.9482,0.1493,3.04,
,0.9528,0.1504,3.06,
,0.957,0.1514,3.08,
,0.9602,0.1524,3.1,
,0.9633,0.1533,3.12,
,0.9664,0.1543,3.14,
,0.9699,0.1552,3.16,
,0.9736,0.1562,3.18,
,0.9776,0.1572,3.2,
,0.9813,0.1582,3.22,
,0.9853,0.1593,3.24,
,0.9893,0.1603,3.26,
,0.9927,0.1612,3.28,
,0.9955,0.1621,3.3,
,0.9986,0.1631,3.32,
,1.0022,0.1641,3.34,
,1.0061,0.1651,3.36,
,1.01,0.1662,3.38,
,1.0139,0.1672,3.4,
,1.0174,0.1682,3.42,
,1.0204,0.1692,3.44,
,1.0237,0.1702,3.46,
,1.0273,0.1711,3.48,
,1.0305,0.1721,3.5,
,1.0339,0.1731,3.52,
,1.0381,0.1742,3.54,
,1.0423,0.1753,3.56,
,1.0464,0.1764,3.58,
,1.05,0.1773,3.6,
,1.0526,0.1783,3.62,
,1.0555,0.1793,3.64,
,1.0592,0.1803,3.66,
,1.063,0.1813,3.68,
,1.0664,0.1823,3.7,
,1.0698,0.1833,3.72,
,1.0732,0.1843,3.74,
,1.076,0.1853,3.76,
,1.0787,0.1862,3.78,
,1.0817,0.1871,3.8,
,1.0846,0.1881,3.82,
,1.0877,0.1891,3.84,
,1.0916,0.1902,3.86,
,1.0958,0.1912,3.88,
,1.0991,0.1921,3.9,
,1.1019,0.1931,3.92,
,1.105,0.1941,3.94,
,1.108,0.1951,3.96,
,1.1112,0.1961,3.98,
,1.1147,0.1971,4,
,1.1183,0.1981,4.02,
,1.1217,0.1992,4.04,
,1.1253,0.2003,4.06,
,1.1286,0.2012,4.08,
,1.1311,0.2021,4.1,
,1.1335,0.2031,4.12,
,1.1366,0.2041,4.14,
,1.1397,0.2052,4.16,
,1.1431,0.2063,4.18,
,1.1466,0.2073,4.2,
,1.1497,0.2083,4.22,
,1.1522,0.2093,4.24,
,1.1551,0.2104,4.26,
,1.1582,0.2113,4.28,
,1.1609,0.2123,4.3,
,1.1637,0.2133,4.32,
,1.1669,0.2144,4.34,
,1.17,0.2154,4.36,
,1.1727,0.2164,4.38,
,1.175,0.2173,4.4,
,1.1768,0.2182,4.42,
,1.1786,0.2192,4.44,
,1.1812,0.2202,4.46,
,1.184,0.2212,4.48,
,1.1862,0.2222,4.5,
,1.1882,0.2232,4.52,
,1.1905,0.2242,4.54,
,1.1922,0.2252,4.56,
,1.1932,0.2261,4.58,
,1.194,0.2271,4.6,
,1.1945,0.228,4.62,
,1.1949,0.2291,4.64,
,1.1956,0.2302,4.66,
,1.1961,0.2312,4.68,
,1.195,0.2322,4.7,
,1.192,0.2332,4.72,
,1.1878,0.2342,4.74,
,1.1824,0.2352,4.76,
,1.1765,0.2362,4.78,
,1.1709,0.2372,4.8,
,1.1662,0.2383,4.82,
,1.1624,0.2394,4.84,
,1.16,0.2404,4.86,
,1.1586,0.2414,4.88,
,1.1569,0.2423,4.9,
,1.1556,0.2433,4.92,
,1.1554,0.2442,4.94,
,1.1561,0.2452,4.96,
,1.1574,0.2462,4.98,
,1.1593,0.2473,5,
,1.1614,0.2482,5.02,
,1.1626,0.2492,5.04,
,1.1638,0.2502,5.06,
,1.1655,0.2511,5.08,
,1.1669,0.2521,5.1,
,1.1682,0.2531,5.12,
,1.1703,0.2541,5.14,
,1.1727,0.2552,5.16,
,1.1749,0.2563,5.18,
,1.1767,0.2572,5.2,
,1.1775,0.2582,5.22,
,1.1776,0.2591,5.24,
,1.1784,0.2601,5.26,
,1.1798,0.2611,5.28,
,1.181,0.2621,5.3,
,1.182,0.2632,5.32,
,1.1836,0.2643,5.34,
,1.1849,0.2653,5.36,
,1.1857,0.2663,5.38,
,1.1862,0.2673,5.4,
,1.1862,0.2682,5.42,
,1.186,0.2693,5.44,
,1.1866,0.2704,5.46,
,1.188,0.2714,5.48,
,1.1885,0.2724,5.5,
,1.1881,0.2734,5.52,
,1.1878,0.2743,5.54,
,1.1875,0.2753,5.56,
,1.1871,0.2763,5.58,
,1.1872,0.2773,5.6,
,1.1876,0.2782,5.62,
,1.1877,0.2792,5.64,
,1.1883,0.2803,5.66,
,1.189,0.2813,5.68,
,1.1888,0.2822,5.7,
,1.1881,0.2831,5.72,
,1.1879,0.2841,5.74,
,1.1882,0.2851,5.76,
,1.1891,0.2861,5.78,
,1.1902,0.2872,5.8,
,1.1914,0.2881,5.82,
,1.1919,0.2891,5.84,
,1.1923,0.2901,5.86,
,1.1932,0.2911,5.88,
,1.1939,0.2921,5.9,
,1.194,0.2931,5.92,
,1.1947,0.2942,5.94,
,1.1961,0.2953,5.96,
,1.1974,0.2963,5.98,
,1.1982,0.2973,6,
,1.1982,0.2983,6.02,
,1.1974,0.2993,6.04,
,1.197,0.3003,6.06,
,1.1975,0.3014,6.08,
,1.1976,0.3023,6.1,
,1.1973,0.3034,6.12,
,1.1974,0.3044,6.14,
,1.197,0.3053,6.16,
,1.1959,0.3063,6.18,
,1.1944,0.3072,6.2,
,1.1931,0.3081,6.22,
,1.192,0.3091,6.24,
,1.1915,0.3101,6.26,
,1.1918,0.3112,6.28,
,1.1919,0.3122,6.3,
,1.1912,0.3132,6.32,
,1.1904,0.3142,6.34,
,1.19,0.3151,6.36,
,1.1894,0.3161,6.38,
,1.1892,0.3171,6.4,
,1.1893,0.3181,6.42,
,1.1895,0.3192,6.44,
,1.1896,0.3202,6.46,
,1.19,0.3213,6.48,
,1.1896,0.3222,6.5,
,1.1885,0.3231,6.52,
,1.1877,0.3241,6.54,
,1.1874,0.3252,6.56,
,1.1873,0.3262,6.58,
,1.1877,0.3273,6.6,
,1.188,0.3283,6.62,
,1.1873,0.3293,6.64,
,1.1866,0.3303,6.66,
,1.1867,0.3313,6.68,
,1.1866,0.3323,6.7,
,1.1862,0.3332,6.72,
,1.1866,0.3343,6.74,
,1.1879,0.3354,6.76,
,1.1894,0.3364,6.78,
,1.1904,0.3373,6.8,
,1.1909,0.3382,6.82,
,1.191,0.3392,6.84,
,1.1916,0.3402,6.86,
,1.1932,0.3412,6.88,
,1.1948,0.3421,6.9,
,1.1961,0.3432,6.92,
,1.1979,0.3442,6.94,
,1.1998,0.3452,6.96,
,1.2009,0.3462,6.98,
,1.2016,0.3471,7,
,1.2023,0.3481,7.02,
,1.2031,0.349,7.04,
,1.2045,0.3501,7.06,
,1.2066,0.3512,7.08,
,1.2085,0.3522,7.1,
,1.2095,0.3532,7.12,
,1.2104,0.3542,7.14,
,1.2113,0.3552,7.16,
,1.2121,0.3562,7.18,
,1.2129,0.3573,7.2,
,1.2142,0.3583,7.22,
,1.2152,0.3593,7.24,
,1.2163,0.3604,7.26,
,1.2175,0.3614,7.28,
,1.2181,0.3623,7.3,
,1.2178,0.3633,7.32,
,1.2179,0.3642,7.34,
,1.2185,0.3652,7.36,
,1.2193,0.3662,7.38,
,1.2204,0.3673,7.4,
,1.2215,0.3682,7.42,
,1.222,0.3692,7.44,
,1.2221,0.3702,7.46,
,1.2228,0.3712,7.48,
,1.2235,0.3721,7.5,
,1.2236,0.373,7.52,
,1.2242,0.3741,7.54,
,1.2256,0.3752,7.56,
,1.2272,0.3762,7.58,
,1.2283,0.3772,7.6,
,1.2287,0.3781,7.62,
,1.2285,0.3791,7.64,
,1.2287,0.3801,7.66,
,1.2298,0.3812,7.68,
,1.2309,0.3822,7.7,
,1.2317,0.3832,7.72,
,1.2326,0.3843,7.74,
,1.2336,0.3853,7.76,
,1.2343,0.3863,7.78,
,1.2344,0.3873,7.8,
,1.2346,0.3883,7.82,
,1.2347,0.3892,7.84,
,1.2355,0.3903,7.86,
,1.2372,0.3914,7.88,
,1.2386,0.3924,7.9,
,1.2388,0.3934,7.92,
,1.2389,0.3944,7.94,
,1.2389,0.3953,7.96,
,1.239,0.3963,7.98,
,1.2396,0.3972,8,
,1.2405,0.3982,8.02,
,1.2414,0.3992,8.04,
,1.2423,0.4003,8.06,
,1.2435,0.4013,8.08,
,1.2443,0.4022,8.1,
,1.2443,0.4031,8.12,
,1.2443,0.4041,8.14,
,1.2453,0.4051,8.16,
,1.2464,0.4061,8.18,
,1.2475,0.4072,8.2,
,1.2488,0.4082,8.22,
,1.2494,0.4091,8.24,
,1.2496,0.4101,8.26,
,1.2502,0.4112,8.28,
,1.2509,0.4121,8.3,
,1.2511,0.4131,8.32,
,1.2517,0.4141,8.34,
,1.2531,0.4152,8.36,
,1.2547,0.4163,8.38,
,1.2559,0.4173,8.4,
,1.2564,0.4183,8.42,
,1.2562,0.4192,8.44,
,1.2561,0.4203,8.46,
,1.257,0.4213,8.48,
,1.2582,0.4223,8.5,
,1.2588,0.4233,8.52,
,1.2596,0.4244,8.54,
,1.2605,0.4253,8.56,
,1.2608,0.4263,8.58,
,1.2608,0.4272,8.6,
,1.2609,0.4282,8.62,
,1.2614,0.4291,8.64,
,1.2621,0.4301,8.66,
,1.2634,0.4312,8.68,
,1.2652,0.4322,8.7,
,1.2662,0.4332,8.72,
,1.2664,0.4342,8.74,
,1.267,0.4352,8.76,
,1.2673,0.4361,8.78,
,1.2676,0.4371,8.8,
,1.2685,0.4381,8.82,
,1.2696,0.4391,8.84,
,1.2706,0.4402,8.86,
,1.2718,0.4413,8.88,
,1.2728,0.4422,8.9,
,1.2727,0.4431,8.92,
,1.2726,0.4441,8.94,
,1.2732,0.4451,8.96,
,1.2742,0.4462,8.98,
,1.2756,0.4473,9,
,1.2771,0.4483,9.02,
,1.2779,0.4493,9.04,
,1.278,0.4503,9.06,
,1.2785,0.4514,9.08,
,1.2793,0.4523,9.1,
,1.2795,0.4532,9.12,
,1.2797,0.4543,9.14,
,1.2808,0.4554,9.16,
,1.282,0.4564,9.18,
,1.2828,0.4574,9.2,
,1.2831,0.4583,9.22,
,1.2829,0.4592,9.24,
,1.2828,0.4602,9.26,
,1.2835,0.4612,9.28,
,1.2848,0.4621,9.3,
,1.2856,0.4631,9.32,
,1.2864,0.4642,9.34,
,1.2875,0.4652,9.36,
,1.2883,0.4662,9.38,
,1.2887,0.4671,9.4,
,1.2889,0.4681,9.42,
,1.2893,0.469,9.44,
,1.2898,0.47,9.46,
,1.2908,0.4711,9.48,
,1.2925,0.4722,9.5,
,1.2935,0.4732,9.52,
,1.2939,0.4742,9.54,
,1.2943,0.4752,9.56,
,1.2948,0.4762,9.58,
,1.2953,0.4772,9.6,
,1.2962,0.4783,9.62,
,1.2973,0.4793,9.64,
,1.298,0.4804,9.66,
,1.2988,0.4814,9.68,
,1.2995,0.4824,9.7,
,1.2993,0.4833,9.72,
,1.299,0.4842,9.74,
,1.2993,0.4852,9.76,
,1.3001,0.4862,9.78,
,1.301,0.4872,9.8,
,1.3023,0.4883,9.82,
,1.3033,0.4892,9.84,
,1.3035,0.4902,9.86,
,1.3037,0.4912,9.88,
,1.3042,0.4921,9.9,
,1.3046,0.4931,9.92,
,1.305,0.4941,9.94,
,1.3062,0.4952,9.96,
,1.3077,0.4962,9.98,
,1.3089,0.4973,10,
,1.3096,0.4982,10.02,
,1.3095,0.4991,10.04,
,1.309,0.5001,10.06,
,1.3092,0.5011,10.08,
,1.3105,0.5021,10.1,
,1.3116,0.5031,10.12,
,1.3125,0.5042,10.14,
,1.3137,0.5053,10.16,
,1.3148,0.5063,10.18,
,1.3153,0.5073,10.2,
,1.3154,0.5083,10.22,
,1.3154,0.5092,10.24,
,1.3154,0.5102,10.26,
,1.3163,0.5113,10.28,
,1.318,0.5124,10.3,
,1.3191,0.5134,10.32,
,1.3194,0.5144,10.34,
,1.3194,0.5153,10.36,
,1.3193,0.5163,10.38,
,1.3194,0.5173,10.4,
,1.32,0.5183,10.42,
,1.3208,0.5192,10.44,
,1.3215,0.5202,10.46,
,1.3225,0.5213,10.48,
,1.3238,0.5223,10.5,
,1.3242,0.5232,10.52,
,1.3238,0.5241,10.54,
,1.3239,0.5251,10.56,
,1.3246,0.5261,10.58,
,1.3256,0.5272,10.6,
,1.3267,0.5282,10.62,
,1.3277,0.5292,10.64,
,1.3281,0.5301,10.66,
,1.3285,0.5312,10.68,
,1.3293,0.5322,10.7,
,1.3297,0.5331,10.72,
,1.3296,0.5341,10.74,
,1.3302,0.5352,10.76,
,1.3317,0.5363,10.78,
,1.333,0.5373,10.8,
,1.3339,0.5384,10.82,
,1.3341,0.5393,10.84,
,1.3338,0.5403,10.86,
,1.3341,0.5413,10.88,
,1.3351,0.5424,10.9,
,1.3358,0.5433,10.92,
,1.3361,0.5444,10.94,
,1.3367,0.5454,10.96,
,1.3372,0.5463,10.98,
,1.3373,0.5472,11,
,1.3375,0.5482,11.02,
,1.3377,0.5491,11.04,
,1.3382,0.5501,11.06,
,1.3391,0.5512,11.08,
,1.3406,0.5522,11.1,
,1.3416,0.5531,11.12,
,1.3417,0.5541,11.14,
,1.342,0.5551,11.16,
,1.3426,0.5561,11.18,
,1.3432,0.5571,11.2,
,1.3438,0.5581,11.22,
,1.3447,0.5591,11.24,
,1.3456,0.5602,11.26,
,1.3465,0.5613,11.28,
,1.3475,0.5623,11.3,
,1.3476,0.5632,11.32,
,1.3472,0.5642,11.34,
,1.3475,0.5652,11.36,
,1.3483,0.5662,11.38,
,1.3494,0.5673,11.4,
,1.3505,0.5684,11.42,
,1.3513,0.5693,11.44,
,1.3513,0.5703,11.46,
,1.3513,0.5713,11.48,
,1.3519,0.5723,11.5,
,1.3524,0.5733,11.52,
,1.3525,0.5743,11.54,
,1.3533,0.5754,11.56,
,1.3546,0.5764,11.58,
,1.3555,0.5774,11.6,
,1.3557,0.5783,11.62,
,1.3555,0.5793,11.64,
,1.3552,0.5802,11.66,
,1.3554,0.5812,11.68,
,1.3564,0.5822,11.7,
,1.3574,0.5832,11.72,
,1.3581,0.5842,11.74,
,1.3591,0.5853,11.76,
,1.3601,0.5862,11.78,
,1.3603,0.5871,11.8,
,1.3601,0.5881,11.82,
,1.3602,0.589,11.84,
,1.3605,0.59,11.86,
,1.3612,0.5911,11.88,
,1.3627,0.5922,11.9,
,1.3642,0.5932,11.92,
,1.3648,0.5942,11.94,
,1.365,0.5952,11.96,
,1.3651,0.5961,11.98,
,1.3652,0.5972,12,
,1.3659,0.5982,12.02,
,1.3669,0.5993,12.04,
,1.3677,0.6003,12.06,
,1.3684,0.6014,12.08,
,1.3695,0.6025,12.1,
,1.3698,0.6034,12.12,
,1.369,0.6043,12.14,
,1.3687,0.6052,12.16,
,1.3687,0.6062,12.18,
,1.3694,0.6072,12.2,
,1.3706,0.6083,12.22,
,1.3717,0.6092,12.24,
,1.3721,0.6102,12.26,
,1.3723,0.6112,12.28,
,1.373,0.6122,12.3,
,1.3735,0.6131,12.32,
,1.3733,0.614,12.34,
,1.3736,0.6151,12.36,
,1.3748,0.6162,12.38,
,1.3762,0.6172,12.4,
,1.377,0.6182,12.42,
,1.3775,0.6192,12.44,
,1.3773,0.6201,12.46,
,1.3771,0.6211,12.48,
,1.3777,0.6221,12.5,
,1.3785,0.6231,12.52,
,1.379,0.6241,12.54,
,1.3798,0.6252,12.56,
,1.381,0.6263,12.58,
,1.3816,0.6273,12.6,
,1.3819,0.6283,12.62,
,1.3821,0.6293,12.64,
,1.3823,0.6302,12.66,
,1.3827,0.6313,12.68,
,1.3838,0.6324,12.7,
,1.3847,0.6334,12.72,
,1.3849,0.6344,12.74,
,1.3848,0.6353,12.76,
,1.3848,0.6363,12.78,
,1.3849,0.6373,12.8,
,1.3852,0.6382,12.82,
,1.3859,0.6392,12.84,
,1.3864,0.6402,12.86,
,1.387,0.6412,12.88,
,1.3878,0.6422,12.9,
,1.3885,0.6432,12.92,
,1.3885,0.6441,12.94,
,1.3885,0.6451,12.96,
,1.3892,0.6461,12.98,
,1.3902,0.6471,13,
,1.3912,0.6482,13.02,
,1.3921,0.6492,13.04,
,1.3922,0.6501,13.06,
,1.3921,0.6512,13.08,
,1.3927,0.6522,13.1,
,1.3934,0.6531,13.12,
,1.3935,0.6541,13.14,
,1.3939,0.6552,13.16,
,1.3951,0.6563,13.18,
,1.3963,0.6574,13.2,
,1.397,0.6584,13.22,
,1.3969,0.6593,13.24,
,1.3965,0.6603,13.26,
,1.3965,0.6613,13.28,
,1.3972,0.6623,13.3,
,1.3982,0.6633,13.32,
,1.3988,0.6644,13.34,
,1.3994,0.6654,13.36,
,1.4,0.6664,13.38,
,1.3998,0.6673,13.4,
,1.3993,0.6682,13.42,
,1.3992,0.6692,13.44,
,1.3996,0.6701,13.46,
,1.4001,0.6711,13.48,
,1.4013,0.6722,13.5,
,1.4029,0.6732,13.52,
,1.4037,0.6742,13.54,
,1.4038,0.6752,13.56,
,1.4039,0.6761,13.58,
,1.4037,0.6771,13.6,
,1.4038,0.6781,13.62,
,1.4046,0.6791,13.64,
,1.4054,0.6801,13.66,
,1.4061,0.6812,13.68,
,1.4072,0.6823,13.7,
,1.4081,0.6833,13.72,
,1.4077,0.6842,13.74,
,1.4071,0.6851,13.76,
,1.4072,0.6861,13.78,
,1.408,0.6872,13.8,
,1.4092,0.6883,13.82,
,1.4105,0.6893,13.84,
,1.4112,0.6903,13.86,
,1.4111,0.6913,13.88,
,1.4113,0.6924,13.9,
,1.4117,0.6933,13.92,
,1.4113,0.6942,13.94,
,1.4111,0.6953,13.96,
,1.4121,0.6963,13.98,
,1.4133,0.6974,14,
,1.4141,0.6984,14.02,
,1.4143,0.6993,14.04,
,1.4139,0.7002,14.06,
,1.4136,0.7012,14.08,
,1.4142,0.7022,14.1,
,1.4148,0.7032,14.12,
,1.4151,0.7042,14.14,
,1.4157,0.7052,14.16,
,1.4167,0.7062,14.18,
,1.4173,0.7072,14.2,
,1.4176,0.7082,14.22,
,1.4177,0.7092,14.24,
,1.4179,0.7101,14.26,
,1.4181,0.7111,14.28,
,1.4186,0.7122,14.3,
,1.4198,0.7132,14.32,
,1.4206,0.7142,14.34,
,1.4209,0.7152,14.36,
,1.4212,0.7162,14.38,
,1.4215,0.7172,14.4,
,1.4218,0.7182,14.42,
,1.4225,0.7193,14.44,
,1.4232,0.7203,14.46,
,1.4234,0.7213,14.48,
,1.4239,0.7224,14.5,
,1.4247,0.7234,14.52,
,1.4246,0.7243,14.54,
,1.4241,0.7253,14.56,
,1.4242,0.7262,14.58,
,1.4247,0.7272,14.6,
,1.4254,0.7283,14.62,
,1.4262,0.7293,14.64,
,1.4265,0.7302,14.66,
,1.4264,0.7311,14.68,
,1.4265,0.7322,14.7,
,1.4271,0.7331,14.72,
,1.4276,0.7341,14.74,
,1.4279,0.7351,14.76,
,1.4287,0.7362,14.78,
,1.43,0.7372,14.8,
,1.4309,0.7382,14.82,
,1.4311,0.7392,14.84,
,1.4308,0.7401,14.86,
,1.4304,0.7411,14.88,
,1.4304,0.7421,14.9,
,1.4315,0.7432,14.92,
,1.4324,0.7442,14.94,
,1.4329,0.7452,14.96,
,1.434,0.7463,14.98,
,1.4345,0.7473,15,
,1.4342,0.7483,15.02,
,1.4341,0.7492,15.04,
,1.4342,0.7502,15.06,
,1.4343,0.7512,15.08,
,1.4351,0.7523,15.1,
,1.4366,0.7534,15.12,
,1.4376,0.7544,15.14,
,1.4376,0.7554,15.16,
,1.4373,0.7564,15.18,
,1.4369,0.7573,15.2,
,1.4367,0.7583,15.22,
,1.4369,0.7593,15.24,
,1.4376,0.7602,15.26,
,1.4382,0.7612,15.28,
,1.4389,0.7623,15.3,
,1.4399,0.7633,15.32,
,1.4402,0.7642,15.34,
,1.4397,0.7651,15.36,
,1.4397,0.7661,15.38,
,1.4401,0.7671,15.4,
,1.4408,0.7681,15.42,
,1.4417,0.7692,15.44,
,1.4426,0.7702,15.46,
,1.4428,0.7711,15.48,
,1.4429,0.7722,15.5,
,1.4435,0.7732,15.52,
,1.4437,0.7741,15.54,
,1.4434,0.7751,15.56,
,1.4438,0.7761,15.58,
,1.445,0.7772,15.6,
,1.4463,0.7783,15.62,
,1.4471,0.7793,15.64,
,1.4473,0.7803,15.66,
,1.447,0.7813,15.68,
,1.4469,0.7824,15.7,
,1.4475,0.7834,15.72,
,1.4479,0.7843,15.74,
,1.448,0.7854,15.76,
,1.4484,0.7864,15.78,
,1.4488,0.7873,15.8,
,1.4487,0.7883,15.82,
,1.4487,0.7892,15.84,
,1.4488,0.7902,15.86,
,1.4489,0.7911,15.88,
,1.4493,0.7922,15.9,
,1.4505,0.7932,15.92,
,1.4514,0.7942,15.94,
,1.4516,0.7952,15.96,
,1.4517,0.7962,15.98,
,1.452,0.7972,16,
,1.4522,0.7981,16.02,
,1.4526,0.7992,16.04,
,1.4533,0.8002,16.06,
,1.4538,0.8012,16.08,
,1.4543,0.8023,16.1,
,1.4552,0.8033,16.12,
,1.4556,0.8042,16.14,
,1.455,0.8052,16.16,
,1.4549,0.8062,16.18,
,1.4554,0.8072,16.2,
,1.4562,0.8083,16.22,
,1.4571,0.8093,16.24,
,1.4578,0.8103,16.26,
,1.4575,0.8113,16.28,
,1.4574,0.8123,16.3,
,1.4579,0.8133,16.32,
,1.4581,0.8143,16.34,
,1.458,0.8153,16.36,
,1.4585,0.8163,16.38,
,1.4596,0.8174,16.4,
,1.4604,0.8184,16.42,
,1.4605,0.8193,16.44,
,1.4601,0.8202,16.46,
,1.4595,0.8212,16.48,
,1.4594,0.8221,16.5,
,1.4601,0.8232,16.52,
,1.4611,0.8241,16.54,
,1.4617,0.8252,16.56,
,1.4625,0.8262,16.58,
,1.4634,0.8272,16.6,
,1.4636,0.8282,16.62,
,1.4632,0.8291,16.64,
,1.463,0.8301,16.66,
,1.463,0.831,16.68,
,1.4633,0.8321,16.7,
,1.4645,0.8332,16.72,
,1.4658,0.8342,16.74,
,1.4663,0.8352,16.76,
,1.4665,0.8362,16.78,
,1.4666,0.8372,16.8,
,1.4665,0.8382,16.82,
,1.4667,0.8393,16.84,
,1.4673,0.8403,16.86,
,1.4678,0.8413,16.88,
,1.4684,0.8424,16.9,
,1.4692,0.8435,16.92,
,1.4694,0.8444,16.94,
,1.4687,0.8453,16.96,
,1.4683,0.8463,16.98,
,1.4682,0.8473,17,
,1.4685,0.8483,17.02,
,1.4693,0.8493,17.04,
,1.47,0.8503,17.06,
,1.4702,0.8512,17.08,
,1.4702,0.8522,17.1,
,1.4707,0.8532,17.12,
,1.471,0.8541,17.14,
,1.4708,0.855,17.16,
,1.471,0.8561,17.18,
,1.4721,0.8571,17.2,
,1.4733,0.8582,17.22,
,1.474,0.8592,17.24,
,1.474,0.8602,17.26,
,1.4737,0.8611,17.28,
,1.4734,0.8621,17.3,
,1.4741,0.8632,17.32,
,1.4749,0.8641,17.34,
,1.475,0.8652,17.36,
,1.4755,0.8662,17.38,
,1.4762,0.8672,17.4,
,1.4764,0.8682,17.42,
,1.4764,0.8692,17.44,
,1.4765,0.8702,17.46,
,1.4766,0.8712,17.48,
,1.477,0.8723,17.5,
,1.4781,0.8734,17.52,
,1.4791,0.8744,17.54,
,1.4792,0.8754,17.56,
,1.4789,0.8764,17.58,
,1.4785,0.8773,17.6,
,1.4783,0.8783,17.62,
,1.4784,0.8793,17.64,
,1.4788,0.8803,17.66,
,1.4795,0.8813,17.68,
,1.48,0.8823,17.7,
,1.4808,0.8833,17.72,
,1.4811,0.8842,17.74,
,1.4805,0.8852,17.76,
,1.4802,0.8861,17.78,
,1.4807,0.8871,17.8,
,1.4814,0.8881,17.82,
,1.4822,0.8892,17.84,
,1.4831,0.8902,17.86,
,1.4832,0.8911,17.88,
,1.4829,0.8921,17.9,
,1.4831,0.8932,17.92,
,1.4834,0.8941,17.94,
,1.4835,0.895,17.96,
,1.4837,0.8961,17.98,
,1.4847,0.8972,18,
,1.4859,0.8983,18.02,
,1.4867,0.8993,18.04,
,1.4867,0.9003,18.06,
,1.4862,0.9012,18.08,
,1.4857,0.9022,18.1,
,1.4859,0.9033,18.12,
,1.4866,0.9043,18.14,
,1.4869,0.9053,18.16,
,1.4873,0.9063,18.18,
,1.4879,0.9073,18.2,
,1.4878,0.9083,18.22,
,1.4874,0.9092,18.24,
,1.4871,0.9101,18.26,
,1.4871,0.9111,18.28,
,1.4873,0.9121,18.3,
,1.4882,0.9132,18.32,
,1.4897,0.9142,18.34,
,1.4903,0.9152,18.36,
,1.4903,0.9162,18.38,
,1.4905,0.9172,18.4,
,1.4905,0.9181,18.42,
,1.4905,0.9191,18.44,
,1.4909,0.9202,18.46,
,1.4913,0.9212,18.48,
,1.4917,0.9222,18.5,
,1.4925,0.9233,18.52,
,1.4931,0.9243,18.54,
,1.4928,0.9252,18.56,
,1.4922,0.9262,18.58,
,1.4922,0.9272,18.6,
,1.4928,0.9282,18.62,
,1.4937,0.9293,18.64,
,1.4948,0.9303,18.66,
,1.4953,0.9313,18.68,
,1.495,0.9323,18.7,
,1.4949,0.9334,18.72,
,1.4954,0.9343,18.74,
,1.4953,0.9353,18.76,
,1.495,0.9363,18.78,
,1.4956,0.9374,18.8,
,1.4964,0.9384,18.82,
,1.497,0.9394,18.84,
,1.4969,0.9403,18.86,
,1.4964,0.9412,18.88,
,1.4958,0.9422,18.9,
,1.496,0.9432,18.92,
,1.4969,0.9442,18.94,
,1.4975,0.9451,18.96,
,1.4979,0.9462,18.98,
,1.4987,0.9472,19,
,1.4991,0.9482,19.02,
,1.499,0.9491,19.04,
,1.4988,0.9501,19.06,
,1.4987,0.951,19.08,
,1.4988,0.952,19.1,
,1.4994,0.9531,19.12,
,1.5008,0.9542,19.14,
,1.5016,0.9552,19.16,
,1.5016,0.9562,19.18,
,1.5016,0.9572,19.2,
,1.5015,0.9582,19.22,
,1.5015,0.9592,19.24,
,1.502,0.9603,19.26,
,1.5026,0.9613,19.28,
,1.5029,0.9623,19.3,
,1.5035,0.9635,19.32,
,1.504,0.9644,19.34,
,1.5037,0.9654,19.36,
,1.5031,0.9663,19.38,
,1.5029,0.9673,19.4,
,1.5031,0.9683,19.42,
,1.5034,0.9693,19.44,
,1.5042,0.9703,19.46,
,1.5046,0.9713,19.48,
,1.5044,0.9722,19.5,
,1.5044,0.9732,19.52,
,1.5049,0.9742,19.54,
,1.5051,0.9751,19.56,
,1.505,0.9761,19.58,
,1.5056,0.9772,19.6,
,1.5066,0.9782,19.62,
,1.5074,0.9792,19.64,
,1.5077,0.9802,19.66,
,1.5075,0.9812,19.68,
,1.507,0.9821,19.7,
,1.507,0.9832,19.72,
,1.5078,0.9842,19.74,
,1.5083,0.9852,19.76,
,1.5085,0.9862,19.78,
,1.5092,0.9873,19.8,
,1.5098,0.9883,19.82,
,1.51,0.9893,19.84,
,1.5098,0.9903,19.86,
,1.5096,0.9912,19.88,
,1.5094,0.9922,19.9,
,1.5099,0.9933,19.92,
,1.511,0.9944,19.94,
,1.5118,0.9954,19.96,
,1.5116,0.9964,19.98,
,1.5113,0.9974,20,
,1.5111,0.9983,20.02,
,1.5108,0.9992,20.04,
,1.5109,1.0002,20.06,
,1.5112,1.0012,20.08,
,1.5117,1.0022,20.1,
,1.5122,1.0033,20.12,
,1.5129,1.0043,20.14,
,1.5131,1.0052,20.16,
,1.5128,1.0061,20.18,
,1.5129,1.0072,20.2,
,1.5133,1.0082,20.22,
,1.5139,1.0092,20.24,
,1.5145,1.0102,20.26,
,1.5149,1.0112,20.28,
,1.5149,1.0122,20.3,
,1.5147,1.0132,20.32,
,1.5151,1.0142,20.34,
,1.5154,1.0151,20.36,
,1.5153,1.0161,20.38,
,1.5157,1.0172,20.4,
,1.5165,1.0183,20.42,
,1.5173,1.0193,20.44,
,1.5177,1.0204,20.46,
,1.5176,1.0213,20.48,
,1.5171,1.0223,20.5,
,1.517,1.0233,20.52,
,1.5177,1.0244,20.54,
,1.5182,1.0253,20.56,
,1.5184,1.0264,20.58,
,1.5187,1.0274,20.6,
,1.5188,1.0283,20.62,
,1.5184,1.0293,20.64,
,1.5181,1.0302,20.66,
,1.5181,1.0311,20.68,
,1.518,1.0321,20.7,
,1.5184,1.0331,20.72,
,1.5195,1.0342,20.74,
,1.5207,1.0352,20.76,
,1.5208,1.0362,20.78,
,1.5206,1.0372,20.8,
,1.5206,1.0381,20.82,
,1.5206,1.0391,20.84,
,1.5206,1.0401,20.86,
,1.5211,1.0411,20.88,
,1.5216,1.0422,20.9,
,1.5223,1.0432,20.92,
,1.5231,1.0443,20.94,
,1.5232,1.0452,20.96,
,1.5225,1.0461,20.98,
,1.522,1.0471,21,
,1.5223,1.0481,21.02,
,1.523,1.0492,21.04,
,1.5239,1.0503,21.06,
,1.5249,1.0513,21.08,
,1.525,1.0523,21.1,
,1.5246,1.0533,21.12,
,1.5246,1.0543,21.14,
,1.5245,1.0552,21.16,
,1.5241,1.0562,21.18,
,1.5243,1.0573,21.2,
,1.5249,1.0583,21.22,
,1.5257,1.0593,21.24,
,1.5261,1.0603,21.26,
,1.526,1.0613,21.28,
,1.5254,1.0622,21.3,
,1.5251,1.0632,21.32,
,1.5255,1.0642,21.34,
,1.5262,1.0651,21.36,
,1.5265,1.0661,21.38,
,1.5269,1.0672,21.4,
,1.5276,1.0682,21.42,
,1.5278,1.0692,21.44,
,1.5278,1.0701,21.46,
,1.5276,1.0711,21.48,
,1.5275,1.072,21.5,
,1.5276,1.0731,21.52,
,1.5285,1.0742,21.54,
,1.5295,1.0752,21.56,
,1.5296,1.0762,21.58,
,1.5294,1.0772,21.6,
,1.5296,1.0782,21.62,
,1.5297,1.0792,21.64,
,1.53,1.0802,21.66,
,1.5304,1.0813,21.68,
,1.5307,1.0823,21.7,
,1.5311,1.0834,21.72,
,1.5318,1.0844,21.74,
,1.5319,1.0853,21.76,
,1.531,1.0863,21.78,
,1.5305,1.0873,21.8,
,1.5305,1.0882,21.82,
,1.5308,1.0892,21.84,
,1.5314,1.0903,21.86,
,1.5321,1.0913,21.88,
,1.5322,1.0922,21.9,
,1.5319,1.0932,21.92,
,1.532,1.0942,21.94,
,1.5323,1.0951,21.96,
,1.5322,1.0961,21.98,
,1.5324,1.0971,22,
,1.5332,1.0982,22.02,
,1.5341,1.0992,22.04,
,1.5347,1.1002,22.06,
,1.5347,1.1012,22.08,
,1.5342,1.1021,22.1,
,1.5337,1.1031,22.12,
,1.534,1.1042,22.14,
,1.5349,1.1052,22.16,
,1.5351,1.1062,22.18,
,1.5355,1.1073,22.2,
,1.5361,1.1083,22.22,
,1.5364,1.1093,22.24,
,1.5362,1.1103,22.26,
,1.536,1.1112,22.28,
,1.5359,1.1122,22.3,
,1.536,1.1133,22.32,
,1.537,1.1144,22.34,
,1.5382,1.1154,22.36,
,1.538,1.1164,22.38,
,1.5374,1.1174,22.4,
,1.5371,1.1183,22.42,
,1.5367,1.1193,22.44,
,1.5367,1.1202,22.46,
,1.5371,1.1212,22.48,
,1.5375,1.1222,22.5,
,1.538,1.1233,22.52,
,1.5387,1.1243,22.54,
,1.5391,1.1252,22.56,
,1.5385,1.1261,22.58,
,1.5381,1.1271,22.6,
,1.5383,1.1281,22.62,
,1.5388,1.1291,22.64,
,1.5394,1.1301,22.66,
,1.5402,1.1312,22.68,
,1.5405,1.1321,22.7,
,1.5403,1.1331,22.72,
,1.5402,1.1342,22.74,
,1.5405,1.1351,22.76,
,1.5404,1.136,22.78,
,1.5404,1.1371,22.8,
,1.541,1.1382,22.82,
,1.5421,1.1393,22.84,
,1.5428,1.1403,22.86,
,1.5432,1.1413,22.88,
,1.5427,1.1423,22.9,
,1.542,1.1433,22.92,
,1.5421,1.1443,22.94,
,1.5427,1.1453,22.96,
,1.5429,1.1463,22.98,
,1.5431,1.1474,23,
,1.5435,1.1484,23.02,
,1.5433,1.1493,23.04,
,1.5431,1.1503,23.06,
,1.5427,1.1512,23.08,
,1.5424,1.1521,23.1,
,1.5425,1.1531,23.12,
,1.5431,1.1542,23.14,
,1.5443,1.1552,23.16,
,1.5449,1.1562,23.18,
,1.5447,1.1572,23.2,
,1.5446,1.1582,23.22,
,1.5448,1.1591,23.24,
,1.5447,1.1601,23.26,
,1.545,1.1611,23.28,
,1.5455,1.1621,23.3,
,1.5458,1.1632,23.32,
,1.5464,1.1643,23.34,
,1.547,1.1652,23.36,
,1.5467,1.1662,23.38,
,1.5461,1.1672,23.4,
,1.5461,1.1682,23.42,
,1.5465,1.1692,23.44,
,1.5471,1.1703,23.46,
,1.5479,1.1713,23.48,
,1.5483,1.1723,23.5,
,1.548,1.1733,23.52,
,1.5478,1.1743,23.54,
,1.5479,1.1753,23.56,
,1.5478,1.1763,23.58,
,1.5475,1.1773,23.6,
,1.5479,1.1783,23.62,
,1.5486,1.1794,23.64,
,1.549,1.1804,23.66,
,1.549,1.1813,23.68,
,1.5485,1.1822,23.7,
,1.5478,1.1831,23.72,
,1.548,1.1842,23.74,
,1.5488,1.1852,23.76,
,1.5493,1.1861,23.78,
,1.5495,1.1872,23.8,
,1.5502,1.1882,23.82,
,1.5506,1.1892,23.84,
,1.5503,1.1902,23.86,
,1.55,1.1911,23.88,
,1.5499,1.1921,23.9,
,1.5499,1.1931,23.92,
,1.5505,1.1942,23.94,
,1.5517,1.1952,23.96,
,1.5523,1.1962,23.98,
,1.5522,1.1972,24,
,1.5521,1.1982,24.02,
,1.5519,1.1992,24.04,
,1.5518,1.2002,24.06,
,1.5522,1.2013,24.08,
,1.5528,1.2023,24.1,
,1.5531,1.2033,24.12,
,1.5536,1.2044,24.14,
,1.554,1.2054,24.16,
,1.5536,1.2063,24.18,
,1.5528,1.2073,24.2,
,1.5525,1.2083,24.22,
,1.5527,1.2092,24.24,
,1.553,1.2102,24.26,
,1.5536,1.2113,24.28,
,1.5542,1.2122,24.3,
,1.554,1.2132,24.32,
,1.5537,1.2142,24.34,
,1.5538,1.2151,24.36,
,1.5539,1.2161,24.38,
,1.5539,1.2171,24.4,
,1.5543,1.2181,24.42,
,1.5552,1.2192,24.44,
,1.5559,1.2202,24.46,
,1.5563,1.2212,24.48,
,1.5561,1.2222,24.5,
,1.5556,1.2231,24.52,
,1.5553,1.2241,24.54,
,1.5558,1.2252,24.56,
,1.5562,1.2261,24.58,
,1.5565,1.2272,24.6,
,1.5571,1.2283,24.62,
,1.5575,1.2293,24.64,
,1.5574,1.2303,24.66,
,1.5572,1.2313,24.68,
,1.5572,1.2322,24.7,
,1.557,1.2332,24.72,
,1.5573,1.2343,24.74,
,1.5583,1.2354,24.76,
,1.5591,1.2364,24.78,
,1.5588,1.2374,24.8,
,1.5583,1.2384,24.82,
,1.558,1.2393,24.84,
,1.5577,1.2403,24.86,
,1.5577,1.2413,24.88,
,1.5578,1.2422,24.9,
,1.5579,1.2432,24.92,
,1.5584,1.2443,24.94,
,1.5592,1.2453,24.96,
,1.5594,1.2462,24.98,
,1.5589,1.2471,25,
,1.5587,1.2481,25.02,
,1.5591,1.2491,25.04,
,1.5596,1.2501,25.06,
,1.5602,1.2512,25.08,
,1.5606,1.2522,25.1,
,1.5606,1.2531,25.12,
,1.5604,1.2541,25.14,
,1.5606,1.2551,25.16,
,1.561,1.2561,25.18,
,1.5608,1.2571,25.2,
,1.5608,1.2582,25.22,
,1.5616,1.2592,25.24,
,1.5625,1.2603,25.26,
,1.5629,1.2613,25.28,
,1.5627,1.2623,25.3,
,1.562,1.2632,25.32,
,1.5617,1.2643,25.34,
,1.5623,1.2654,25.36,
,1.5629,1.2663,25.38,
,1.5628,1.2674,25.4,
,1.5629,1.2684,25.42,
,1.563,1.2693,25.44,
,1.5626,1.2703,25.46,
,1.5622,1.2712,25.48,
,1.5621,1.2721,25.5,
,1.5621,1.2731,25.52,
,1.5623,1.2741,25.54,
,1.5633,1.2752,25.56,
,1.5642,1.2762,25.58,
,1.5643,1.2772,25.6,
,1.564,1.2782,25.62,
,1.5641,1.2791,25.64,
,1.5641,1.2801,25.66,
,1.5642,1.2811,25.68,
,1.5646,1.2822,25.7,
,1.5649,1.2832,25.72,
,1.5653,1.2842,25.74,
,1.5659,1.2853,25.76,
,1.566,1.2862,25.78,
,1.5653,1.2872,25.8,
,1.5648,1.2882,25.82,
,1.5651,1.2892,25.84,
,1.5656,1.2902,25.86,
,1.5664,1.2913,25.88,
,1.5672,1.2923,25.9,
,1.5672,1.2933,25.92,
,1.5668,1.2943,25.94,
,1.5668,1.2954,25.96,
,1.5668,1.2963,25.98,
,1.5663,1.2972,26,
,1.5663,1.2983,26.02,
,1.5669,1.2993,26.04,
,1.5675,1.3004,26.06,
,1.5677,1.3013,26.08,
,1.5673,1.3022,26.1,
,1.5666,1.3031,26.12,
,1.5663,1.3041,26.14,
,1.5667,1.3051,26.16,
,1.5674,1.3061,26.18,
,1.5677,1.3071,26.2,
,1.5682,1.3082,26.22,
,1.5687,1.3092,26.24,
,1.5687,1.3101,26.26,
,1.5685,1.3111,26.28,
,1.5684,1.3121,26.3,
,1.5683,1.313,26.32,
,1.5683,1.3141,26.34,
,1.5693,1.3152,26.36,
,1.5703,1.3162,26.38,
,1.5704,1.3172,26.4,
,1.5703,1.3182,26.42,
,1.5702,1.3192,26.44,
,1.57,1.3202,26.46,
,1.5699,1.3213,26.48,
,1.5703,1.3223,26.5,
,1.5707,1.3233,26.52,
,1.571,1.3244,26.54,
,1.5715,1.3255,26.56,
,1.5717,1.3264,26.58,
,1.5709,1.3273,26.6,
,1.5701,1.3283,26.62,
,1.57,1.3292,26.64,
,1.5702,1.3302,26.66,
,1.5708,1.3313,26.68,
,1.5715,1.3323,26.7,
,1.5715,1.3332,26.72,
,1.5712,1.3342,26.74,
,1.5713,1.3352,26.76,
,1.5717,1.3361,26.78,
,1.5715,1.3371,26.8,
,1.5714,1.3381,26.82,
,1.572,1.3392,26.84,
,1.5729,1.3402,26.86,
,1.5733,1.3412,26.88,
,1.5732,1.3422,26.9,
,1.5727,1.3431,26.92,
,1.5722,1.3441,26.94,
,1.5726,1.3451,26.96,
,1.5732,1.3461,26.98,
,1.5733,1.3471,27,
,1.5736,1.3482,27.02,
,1.5742,1.3492,27.04,
,1.5745,1.3502,27.06,
,1.5743,1.3512,27.08,
,1.5741,1.3522,27.1,
,1.574,1.3532,27.12,
,1.5738,1.3542,27.14,
,1.5745,1.3553,27.16,
,1.5755,1.3564,27.18,
,1.5756,1.3574,27.2,
,1.5753,1.3584,27.22,
,1.5749,1.3593,27.24,
,1.5745,1.3603,27.26,
,1.5744,1.3612,27.28,
,1.5747,1.3622,27.3,
,1.575,1.3632,27.32,
,1.5752,1.3642,27.34,
,1.5756,1.3653,27.36,
,1.576,1.3662,27.38,
,1.5756,1.3671,27.4,
,1.575,1.3681,27.42,
,1.5752,1.3691,27.44,
,1.5757,1.3701,27.46,
,1.5762,1.3712,27.48,
,1.5769,1.3722,27.5,
,1.5772,1.3732,27.52,
,1.5768,1.3742,27.54,
,1.5767,1.3752,27.56,
,1.577,1.3762,27.58,
,1.5767,1.3771,27.6,
,1.5766,1.3781,27.62,
,1.5774,1.3792,27.64,
,1.5783,1.3803,27.66,
,1.5788,1.3814,27.68,
,1.5788,1.3823,27.7,
,1.5782,1.3833,27.72,
,1.5776,1.3843,27.74,
,1.5778,1.3853,27.76,
,1.5784,1.3863,27.78,
,1.5786,1.3873,27.8,
,1.5788,1.3884,27.82,
,1.579,1.3894,27.84,
,1.5788,1.3903,27.86,
,1.5781,1.3912,27.88,
,1.5776,1.3922,27.9,
,1.5774,1.3931,27.92,
,1.5775,1.3941,27.94,
,1.5781,1.3952,27.96,
,1.5794,1.3962,27.98,
,1.58,1.3972,28,
,1.5799,1.3982,28.02,
,1.5797,1.3992,28.04,
,1.5795,1.4001,28.06,
,1.5793,1.4011,28.08,
,1.5796,1.4021,28.1,
,1.58,1.4031,28.12,
,1.5802,1.4042,28.14,
,1.5808,1.4053,28.16,
,1.5815,1.4062,28.18,
,1.5811,1.4071,28.2,
,1.5803,1.4081,28.22,
,1.5801,1.4091,28.24,
,1.5804,1.4102,28.26,
,1.5811,1.4112,28.28,
,1.5819,1.4123,28.3,
,1.5824,1.4133,28.32,
,1.5821,1.4143,28.34,
,1.5819,1.4154,28.36,
,1.5821,1.4163,28.38,
,1.5818,1.4173,28.4,
,1.5811,1.4183,28.42,
,1.5814,1.4193,28.44,
,1.5822,1.4204,28.46,
,1.5826,1.4214,28.48,
,1.5824,1.4223,28.5,
,1.582,1.4232,28.52,
,1.5814,1.4242,28.54,
,1.5814,1.4252,28.56,
,1.582,1.4262,28.58,
,1.5824,1.4271,28.6,
,1.5825,1.4282,28.62,
,1.5831,1.4292,28.64,
,1.5836,1.4302,28.66,
,1.5835,1.4312,28.68,
,1.5832,1.4321,28.7,
,1.5831,1.4331,28.72,
,1.583,1.434,28.74,
,1.5832,1.4351,28.76,
,1.584,1.4362,28.78,
,1.5846,1.4372,28.8,
,1.5846,1.4382,28.82,
,1.5845,1.4392,28.84,
,1.5844,1.4402,28.86,
,1.5843,1.4412,28.88,
,1.5845,1.4423,28.9,
,1.5848,1.4433,28.92,
,1.5848,1.4443,28.94,
,1.585,1.4453,28.96,
,1.5856,1.4464,28.98,
,1.5855,1.4473,29,
,1.5847,1.4483,29.02,
,1.5845,1.4492,29.04,
,1.5846,1.4502,29.06,
,1.5849,1.4513,29.08,
,1.5855,1.4523,29.1,
,1.5857,1.4532,29.12,
,1.5852,1.4542,29.14,
,1.5849,1.4552,29.16,
,1.5853,1.4562,29.18,
,1.5855,1.4571,29.2,
,1.5852,1.4581,29.22,
,1.5855,1.4592,29.24,
,1.5864,1.4602,29.26,
,1.5872,1.4612,29.28,
,1.5872,1.4622,29.3,
,1.5867,1.4632,29.32,
,1.5861,1.4641,29.34,
,1.586,1.4651,29.36,
,1.5865,1.4662,29.38,
,1.5871,1.4672,29.4,
,1.5873,1.4682,29.42,
,1.5878,1.4693,29.44,
,1.5882,1.4703,29.46,
,1.5879,1.4712,29.48,
,1.5874,1.4722,29.5,
,1.5873,1.4732,29.52,
,1.5872,1.4742,29.54,
,1.5874,1.4753,29.56,
,1.5885,1.4764,29.58,
,1.5894,1.4774,29.6,
,1.5891,1.4784,29.62,
,1.5886,1.4793,29.64,
,1.5879,1.4803,29.66,
,1.5875,1.4812,29.68,
,1.5875,1.4822,29.7,
,1.5879,1.4832,29.72,
,1.5883,1.4842,29.74,
,1.5887,1.4853,29.76,
,1.5894,1.4863,29.78,
,1.5895,1.4872,29.8,
,1.5887,1.4881,29.82,
,1.5882,1.4891,29.84,
,1.5883,1.4901,29.86,
,1.5888,1.4911,29.88,
,1.5895,1.4922,29.9,
,1.59,1.4932,29.92,
,1.5901,1.4942,29.94,
,1.5899,1.4952,29.96,
,1.5901,1.4962,29.98,
,1.5901,1.4971,30,
,1.5896,1.4981,30.02,
,1.5895,1.4992,30.04,
,1.5903,1.5002,30.06,
,1.5912,1.5013,30.08,
,1.5916,1.5023,30.1,
,1.5916,1.5033,30.12,
,1.591,1.5043,30.14,
,1.5905,1.5053,30.16,
,1.5909,1.5064,30.18,
,1.5913,1.5073,30.2,
,1.591,1.5084,30.22,
,1.5912,1.5094,30.24,
,1.5914,1.5104,30.26,
,1.5912,1.5113,30.28,
,1.5907,1.5123,30.3,
,1.5905,1.5132,30.32,
,1.5904,1.5141,30.34,
,1.5906,1.5152,30.36,
,1.5913,1.5162,30.38,
,1.592,1.5172,30.4,
,1.592,1.5182,30.42,
,1.5918,1.5192,30.44,
,1.5917,1.5201,30.46,
,1.5919,1.5211,30.48,
,1.5921,1.5221,30.5,
,1.5925,1.5232,30.52,
,1.5928,1.5241,30.54,
,1.5929,1.5252,30.56,
,1.5932,1.5263,30.58,
,1.5933,1.5272,30.6,
,1.5926,1.5281,30.62,
,1.5923,1.5292,30.64,
,1.5928,1.5302,30.66,
,1.5934,1.5312,30.68,
,1.5941,1.5323,30.7,
,1.5945,1.5333,30.72,
,1.5941,1.5343,30.74,
,1.5935,1.5353,30.76,
,1.5936,1.5363,30.78,
,1.5938,1.5373,30.8,
,1.5935,1.5383,30.82,
,1.5935,1.5393,30.84,
,1.5942,1.5404,30.86,
,1.5948,1.5414,30.88,
,1.5946,1.5424,30.9,
,1.594,1.5433,30.92,
,1.5933,1.5442,30.94,
,1.5928,1.5452,30.96,
,1.5934,1.5462,30.98,
,1.5941,1.5472,31,
,1.5945,1.5482,31.02,
,1.5947,1.5493,31.04,
,1.5953,1.5503,31.06,
,1.5952,1.5512,31.08,
,1.5946,1.5521,31.1,
,1.5942,1.5531,31.12,
,1.594,1.554,31.14,
,1.5941,1.5551,31.16,
,1.5951,1.5562,31.18,
,1.5964,1.5573,31.2,
,1.5967,1.5583,31.22,
,1.5964,1.5593,31.24,
,1.5961,1.5602,31.26,
,1.5956,1.5612,31.28,
,1.5955,1.5622,31.3,
,1.5959,1.5633,31.32,
,1.5962,1.5643,31.34,
,1.5964,1.5654,31.36,
,1.5971,1.5665,31.38,
,1.5973,1.5674,31.4,
,1.5965,1.5683,31.42,
,1.5956,1.5693,31.44,
,1.5953,1.5702,31.46,
,1.5954,1.5712,31.48,
,1.596,1.5723,31.5,
,1.5966,1.5733,31.52,
,1.5969,1.5742,31.54,
,1.5967,1.5752,31.56,
,1.5967,1.5762,31.58,
,1.5969,1.5772,31.6,
,1.5965,1.5781,31.62,
,1.5961,1.5791,31.64,
,1.5966,1.5801,31.66,
,1.5975,1.5812,31.68,
,1.5981,1.5822,31.7,
,1.5983,1.5832,31.72,
,1.598,1.5841,31.74,
,1.5973,1.5851,31.76,
,1.5974,1.5862,31.78,
,1.5979,1.5872,31.8,
,1.5979,1.5882,31.82,
,1.5981,1.5893,31.84,
,1.5987,1.5903,31.86,
,1.5989,1.5913,31.88,
,1.5987,1.5923,31.9,
,1.5986,1.5933,31.92,
,1.5983,1.5942,31.94,
,1.5982,1.5953,31.96,
,1.5988,1.5964,31.98,
,1.5996,1.5974,32,
,1.5996,1.5984,32.02,
,1.5991,1.5994,32.04,
,1.5988,1.6004,32.06,
,1.5986,1.6013,32.08,
,1.5984,1.6023,32.1,
,1.5986,1.6033,32.12,
,1.5987,1.6042,32.14,
,1.5986,1.6052,32.16,
,1.5988,1.6063,32.18,
,1.5992,1.6072,32.2,
,1.5988,1.6081,32.22,
,1.5982,1.6091,32.24,
,1.5985,1.6101,32.26,
,1.599,1.6111,32.28,
,1.5995,1.6121,32.3,
,1.6002,1.6131,32.32,
,1.6003,1.6141,32.34,
,1.5998,1.6151,32.36,
,1.5997,1.6161,32.38,
,1.6002,1.6171,32.4,
,1.6002,1.618,32.42,
,1.5999,1.6191,32.44,
,1.6005,1.6202,32.46,
,1.6014,1.6213,32.48,
,1.602,1.6223,32.5,
,1.6019,1.6233,32.52,
,1.6011,1.6242,32.54,
,1.6005,1.6252,32.56,
,1.6006,1.6263,32.58,
,1.6012,1.6273,32.6,
,1.6015,1.6283,32.62,
,1.6016,1.6294,32.64,
,1.6018,1.6304,32.66,
,1.6016,1.6313,32.68,
,1.6007,1.6322,32.7,
,1.6002,1.6332,32.72,
,1.6001,1.6341,32.74,
,1.6001,1.6351,32.76,
,1.6008,1.6362,32.78,
,1.6021,1.6372,32.8,
,1.6027,1.6382,32.82,
,1.6025,1.6392,32.84,
,1.6022,1.6402,32.86,
,1.6017,1.6411,32.88,
,1.6014,1.6421,32.9,
,1.6017,1.6431,32.92,
,1.602,1.6441,32.94,
,1.6023,1.6452,32.96,
,1.6027,1.6463,32.98,
,1.6033,1.6473,33,
,1.6032,1.6482,33.02,
,1.6023,1.6492,33.04,
,1.6018,1.6502,33.06,
,1.602,1.6512,33.08,
,1.6027,1.6523,33.1,
,1.6036,1.6533,33.12,
,1.604,1.6543,33.14,
,1.6036,1.6553,33.16,
,1.6034,1.6564,33.18,
,1.6035,1.6574,33.2,
,1.6031,1.6582,33.22,
,1.6024,1.6593,33.24,
,1.6026,1.6603,33.26,
,1.6033,1.6613,33.28,
,1.6037,1.6623,33.3,
,1.6037,1.6633,33.32,
,1.6033,1.6642,33.34,
,1.6026,1.6651,33.36,
,1.6025,1.6662,33.38,
,1.6031,1.6672,33.4,
,1.6034,1.6681,33.42,
,1.6035,1.6692,33.44,
,1.6041,1.6702,33.46,
,1.6045,1.6712,33.48,
,1.6044,1.6721,33.5,
,1.6039,1.6731,33.52,
,1.6037,1.6741,33.54,
,1.6037,1.6751,33.56,
,1.604,1.6761,33.58,
,1.6049,1.6772,33.6,
,1.6055,1.6782,33.62,
,1.6053,1.6792,33.64,
,1.6051,1.6802,33.66,
,1.605,1.6812,33.68,
,1.6048,1.6822,33.7,
,1.605,1.6833,33.72,
,1.6054,1.6843,33.74,
,1.6055,1.6853,33.76,
,1.6056,1.6864,33.78,
,1.6061,1.6874,33.8,
,1.6059,1.6883,33.82,
,1.6051,1.6893,33.84,
,1.6046,1.6903,33.86,
,1.6046,1.6913,33.88,
,1.6048,1.6923,33.9,
,1.6054,1.6933,33.92,
,1.6058,1.6942,33.94,
,1.6054,1.6952,33.96,
,1.605,1.6962,33.98,
,1.6053,1.6972,34,
,1.6055,1.6981,34.02,
,1.6053,1.6991,34.04,
,1.6055,1.7002,34.06,
,1.6064,1.7012,34.08,
,1.607,1.7023,34.1,
,1.607,1.7032,34.12,
,1.6065,1.7042,34.14,
,1.6058,1.7051,34.16,
,1.6056,1.7061,34.18,
,1.6061,1.7072,34.2,
,1.6067,1.7082,34.22,
,1.6068,1.7092,34.24,
,1.6073,1.7103,34.26,
,1.6078,1.7113,34.28,
,1.6075,1.7123,34.3,
,1.6068,1.7133,34.32,
,1.6065,1.7142,34.34,
,1.6064,1.7152,34.36,
,1.6067,1.7163,34.38,
,1.6077,1.7174,34.4,
,1.6084,1.7184,34.42,
,1.6081,1.7194,34.44,
,1.6077,1.7204,34.46,
,1.6071,1.7213,34.48,
,1.6066,1.7223,34.5,
,1.6065,1.7233,34.52,
,1.6068,1.7242,34.54,
,1.607,1.7252,34.56,
,1.6074,1.7263,34.58,
,1.6081,1.7273,34.6,
,1.6082,1.7282,34.62,
,1.6075,1.7292,34.64,
,1.607,1.7301,34.66,
,1.6071,1.7311,34.68,
,1.6074,1.7321,34.7,
,1.608,1.7332,34.72,
,1.6084,1.7342,34.74,
,1.6084,1.7351,34.76,
,1.6082,1.7362,34.78,
,1.6083,1.7372,34.8,
,1.6085,1.7381,34.82,
,1.6081,1.7391,34.84,
,1.6081,1.7402,34.86,
,1.6089,1.7413,34.88,
,1.6097,1.7423,34.9,
,1.61,1.7434,34.92,
,1.6098,1.7443,34.94,
,1.6091,1.7453,34.96,
,1.6086,1.7463,34.98,
,1.6089,1.7474,35,
,1.6094,1.7483,35.02,
,1.6093,1.7494,35.04,
,1.6095,1.7504,35.06,
,1.6096,1.7513,35.08,
,1.609,1.7523,35.1,
,1.6085,1.7532,35.12,
,1.6084,1.7542,35.14,
,1.6084,1.7551,35.16,
,1.6085,1.7561,35.18,
,1.6094,1.7572,35.2,
,1.6101,1.7582,35.22,
,1.6101,1.7592,35.24,
,1.6097,1.7602,35.26,
,1.6096,1.7611,35.28,
,1.6094,1.7621,35.3,
,1.6094,1.7631,35.32,
,1.6098,1.7641,35.34,
,1.6102,1.7652,35.36,
,1.6105,1.7662,35.38,
,1.611,1.7673,35.4,
,1.6112,1.7682,35.42,
,1.6103,1.7692,35.44,
,1.6097,1.7702,35.46,
,1.6098,1.7712,35.48,
,1.6103,1.7722,35.5,
,1.611,1.7733,35.52,
,1.6117,1.7744,35.54,
,1.6116,1.7753,35.56,
,1.611,1.7764,35.58,
,1.6109,1.7774,35.6,
,1.6109,1.7783,35.62,
,1.6104,1.7793,35.64,
,1.6103,1.7803,35.66,
,1.6108,1.7814,35.68,
,1.6114,1.7824,35.7,
,1.6116,1.7834,35.72,
,1.6111,1.7843,35.74,
,1.6103,1.7852,35.76,
,1.6098,1.7861,35.78,
,1.6101,1.7872,35.8,
,1.6107,1.7881,35.82,
,1.611,1.7891,35.84,
,1.6114,1.7902,35.86,
,1.612,1.7912,35.88,
,1.6121,1.7922,35.9,
,1.6117,1.7931,35.92,
,1.6113,1.7941,35.94,
,1.611,1.795,35.96,
,1.6109,1.7961,35.98,
,1.6116,1.7972,36,
,1.6126,1.7982,36.02,
,1.6129,1.7992,36.04,
,1.6126,1.8002,36.06,
,1.6124,1.8012,36.08,
,1.612,1.8022,36.1,
,1.612,1.8032,36.12,
,1.6125,1.8043,36.14,
,1.6127,1.8053,36.16,
,1.6128,1.8064,36.18,
,1.6132,1.8075,36.2,
,1.6132,1.8084,36.22,
,1.6123,1.8093,36.24,
,1.6115,1.8103,36.26,
,1.6112,1.8112,36.28,
,1.6115,1.8122,36.3,
,1.6121,1.8133,36.32,
,1.6125,1.8143,36.34,
,1.6126,1.8152,36.36,
,1.6122,1.8162,36.38,
,1.6122,1.8172,36.4,
,1.6126,1.8181,36.42,
,1.6125,1.8191,36.44,
,1.6121,1.8201,36.46,
,1.6127,1.8212,36.48,
,1.6136,1.8222,36.5,
,1.6139,1.8232,36.52,
,1.6139,1.8242,36.54,
,1.6134,1.8251,36.56,
,1.6128,1.8261,36.58,
,1.6129,1.8272,36.6,
,1.6134,1.8282,36.62,
,1.6135,1.8292,36.64,
,1.6137,1.8303,36.66,
,1.6141,1.8313,36.68,
,1.6142,1.8323,36.7,
,1.614,1.8333,36.72,
,1.6137,1.8342,36.74,
,1.6133,1.8352,36.76,
,1.6132,1.8362,36.78,
,1.6137,1.8374,36.8,
,1.6146,1.8384,36.82,
,1.6149,1.8394,36.84,
,1.6146,1.8404,36.86,
,1.6141,1.8413,36.88,
,1.6135,1.8423,36.9,
,1.6132,1.8432,36.92,
,1.6134,1.8442,36.94,
,1.6136,1.8452,36.96,
,1.6138,1.8462,36.98,
,1.6143,1.8473,37,
,1.6146,1.8482,37.02,
,1.6142,1.8491,37.04,
,1.6136,1.8501,37.06,
,1.6136,1.8511,37.08,
,1.6137,1.8521,37.1,
,1.6143,1.8531,37.12,
,1.615,1.8542,37.14,
,1.6153,1.8552,37.16,
,1.615,1.8562,37.18,
,1.6149,1.8572,37.2,
,1.6151,1.8582,37.22,
,1.6148,1.8591,37.24,
,1.6144,1.8601,37.26,
,1.6148,1.8612,37.28,
,1.6157,1.8623,37.3,
,1.6163,1.8634,37.32,
,1.6164,1.8644,37.34,
,1.6158,1.8653,37.36,
,1.6149,1.8663,37.38,
,1.6147,1.8673,37.4,
,1.6152,1.8683,37.42,
,1.6154,1.8693,37.44,
,1.6154,1.8704,37.46,
,1.6158,1.8714,37.48,
,1.6157,1.8723,37.5,
,1.6153,1.8733,37.52,
,1.6148,1.8742,37.54,
,1.6144,1.8751,37.56,
,1.6141,1.8761,37.58,
,1.6146,1.8772,37.6,
,1.6156,1.8782,37.62,
,1.6162,1.8792,37.64,
,1.616,1.8802,37.66,
,1.6158,1.8812,37.68,
,1.6156,1.8821,37.7,
,1.6153,1.8831,37.72,
,1.6154,1.8841,37.74,
,1.6158,1.8851,37.76,
,1.616,1.8861,37.78,
,1.6163,1.8872,37.8,
,1.6169,1.8882,37.82,
,1.6167,1.8892,37.84,
,1.6158,1.8901,37.86,
,1.6155,1.8911,37.88,
,1.6158,1.8921,37.9,
,1.6164,1.8932,37.92,
,1.6172,1.8943,37.94,
,1.6176,1.8953,37.96,
,1.6172,1.8963,37.98,
,1.6171,1.8973,38,
,1.6172,1.8983,38.02,
,1.6169,1.8993,38.04,
,1.6162,1.9003,38.06,
,1.6163,1.9013,38.08,
,1.6169,1.9024,38.1,
,1.6174,1.9034,38.12,
,1.6172,1.9043,38.14,
,1.6165,1.9052,38.16,
,1.6159,1.9062,38.18,
,1.6157,1.9072,38.2,
,1.6163,1.9082,38.22,
,1.6167,1.9092,38.24,
,1.6167,1.9102,38.26,
,1.6173,1.9113,38.28,
,1.6177,1.9122,38.3,
,1.6174,1.9132,38.32,
,1.6169,1.9142,38.34,
,1.6165,1.9151,38.36,
,1.6163,1.9161,38.38,
,1.6166,1.9171,38.4,
,1.6176,1.9182,38.42,
,1.6183,1.9192,38.44,
,1.6181,1.9202,38.46,
,1.6178,1.9212,38.48,
,1.6175,1.9222,38.5,
,1.6174,1.9232,38.52,
,1.6175,1.9242,38.54,
,1.6179,1.9253,38.56,
,1.6182,1.9263,38.58,
,1.6184,1.9274,38.6,
,1.6188,1.9284,38.62,
,1.6185,1.9293,38.64,
,1.6176,1.9303,38.66,
,1.6172,1.9313,38.68,
,1.6171,1.9322,38.7,
,1.6172,1.9332,38.72,
,1.6177,1.9343,38.74,
,1.6181,1.9352,38.76,
,1.6178,1.9362,38.78,
,1.6174,1.9372,38.8,
,1.6176,1.9382,38.82,
,1.6178,1.9391,38.84,
,1.6176,1.94,38.86,
,1.6177,1.9411,38.88,
,1.6185,1.9422,38.9,
,1.6193,1.9432,38.92,
,1.6195,1.9442,38.94,
,1.619,1.9452,38.96,
,1.6183,1.9461,38.98,
,1.6179,1.9471,39,
,1.6183,1.9482,39.02,
,1.6188,1.9492,39.04,
,1.6188,1.9502,39.06,
,1.619,1.9513,39.08,
,1.6195,1.9523,39.1,
,1.6195,1.9533,39.12,
,1.6191,1.9543,39.14,
,1.6188,1.9552,39.16,
,1.6186,1.9562,39.18,
,1.6185,1.9573,39.2,
,1.6193,1.9584,39.22,
,1.6201,1.9594,39.24,
,1.6199,1.9604,39.26,
,1.6195,1.9614,39.28,
,1.619,1.9623,39.3,
,1.6186,1.9633,39.32,
,1.6184,1.9643,39.34,
,1.6185,1.9652,39.36,
,1.6186,1.9662,39.38,
,1.6189,1.9673,39.4,
,1.6194,1.9683,39.42,
,1.6196,1.9692,39.44,
,1.6189,1.9701,39.46,
,1.6186,1.9711,39.48,
,1.6188,1.9721,39.5,
,1.6191,1.9731,39.52,
,1.6194,1.9742,39.54,
,1.6199,1.9752,39.56,
,1.62,1.9761,39.58,
,1.6196,1.9771,39.6,
,1.6195,1.9782,39.62,
,1.6197,1.9791,39.64,
,1.6194,1.9801,39.66,
,1.6193,1.9811,39.68,
,1.62,1.9822,39.7,
,1.6207,1.9833,39.72,
,1.6211,1.9843,39.74,
,1.6209,1.9853,39.76,
,1.6201,1.9862,39.78,
,1.6196,1.9873,39.8,
,1.62,1.9884,39.82,
,1.6206,1.9893,39.84,
,1.6206,1.9904,39.86,
,1.6205,1.9914,39.88,
,1.6205,1.9924,39.9,
,1.6201,1.9933,39.92,
,1.6195,1.9943,39.94,
,1.6192,1.9952,39.96,
,1.619,1.9961,39.98,
,1.6192,1.9971,40,
,1.6199,1.9982,40.02,
,1.6208,1.9992,40.04,
,1.6209,2.0002,40.06,
,1.6206,2.0012,40.08,
,1.6205,2.0022,40.1,
,1.6203,2.0031,40.12,
,1.62,2.0041,40.14,
,1.6202,2.0051,40.16,
,1.6205,2.0061,40.18,
,1.6208,2.0072,40.2,
,1.6214,2.0083,40.22,
,1.6216,2.0092,40.24,
,1.6209,2.0101,40.26,
,1.6202,2.0111,40.28,
,1.6203,2.0121,40.3,
,1.6206,2.0132,40.32,
,1.6213,2.0143,40.34,
,1.6219,2.0153,40.36,
,1.6221,2.0163,40.38,
,1.6217,2.0173,40.4,
,1.6214,2.0184,40.42,
,1.6214,2.0193,40.44,
,1.6209,2.0203,40.46,
,1.6205,2.0213,40.48,
,1.6207,2.0223,40.5,
,1.6212,2.0234,40.52,
,1.6215,2.0244,40.54,
,1.6214,2.0253,40.56,
,1.6207,2.0262,40.58,
,1.62,2.0271,40.6,
,1.6203,2.0282,40.62,
,1.621,2.0292,40.64,
,1.6212,2.0301,40.66,
,1.6213,2.0312,40.68,
,1.6219,2.0322,40.7,
,1.622,2.0332,40.72,
,1.6216,2.0342,40.74,
,1.6213,2.0351,40.76,
,1.6208,2.0361,40.78,
,1.6207,2.0371,40.8,
,1.6212,2.0382,40.82,
,1.6223,2.0392,40.84,
,1.6225,2.0402,40.86,
,1.6223,2.0412,40.88,
,1.6221,2.0422,40.9,
,1.6219,2.0432,40.92,
,1.6218,2.0443,40.94,
,1.622,2.0453,40.96,
,1.6222,2.0463,40.98,
,1.6224,2.0474,41,
,1.6228,2.0484,41.02,
,1.6229,2.0494,41.04,
,1.6221,2.0503,41.06,
,1.6213,2.0513,41.08,
,1.6211,2.0522,41.1,
,1.621,2.0532,41.12,
,1.6215,2.0543,41.14,
,1.622,2.0553,41.16,
,1.6221,2.0562,41.18,
,1.6216,2.0571,41.2,
,1.6216,2.0582,41.22,
,1.6218,2.0591,41.24,
,1.6217,2.06,41.26,
,1.6215,2.0611,41.28,
,1.6219,2.0621,41.3,
,1.6225,2.0632,41.32,
,1.623,2.0642,41.34,
,1.623,2.0652,41.36,
,1.6225,2.0661,41.38,
,1.622,2.0671,41.4,
,1.622,2.0682,41.42,
,1.6227,2.0692,41.44,
,1.6229,2.0702,41.46,
,1.623,2.0712,41.48,
,1.6233,2.0723,41.5,
,1.6233,2.0733,41.52,
,1.6229,2.0743,41.54,
,1.6226,2.0752,41.56,
,1.6223,2.0762,41.58,
,1.6221,2.0772,41.6,
,1.6227,2.0784,41.62,
,1.6237,2.0794,41.64,
,1.6238,2.0804,41.66,
,1.6233,2.0814,41.68,
,1.6228,2.0823,41.7,
,1.6223,2.0833,41.72,
,1.6221,2.0842,41.74,
,1.6222,2.0852,41.76,
,1.6223,2.0862,41.78,
,1.6227,2.0873,41.8,
,1.6231,2.0883,41.82,
,1.6234,2.0893,41.84,
,1.6228,2.0901,41.86,
,1.622,2.0911,41.88,
,1.622,2.0921,41.9,
,1.6223,2.0931,41.92,
,1.6228,2.0941,41.94,
,1.6234,2.0952,41.96,
,1.6239,2.0962,41.98,
,1.6237,2.0972,42,
,1.6234,2.0982,42.02,
,1.6233,2.0991,42.04,
,1.623,2.1001,42.06,
,1.6225,2.1011,42.08,
,1.623,2.1022,42.1,
,1.6239,2.1033,42.12,
,1.6247,2.1043,42.14,
,1.6249,2.1054,42.16,
,1.6243,2.1063,42.18,
,1.6232,2.1072,42.2,
,1.6227,2.1083,42.22,
,1.6232,2.1093,42.24,
,1.6235,2.1103,42.26,
,1.6236,2.1113,42.28,
,1.6239,2.1123,42.3,
,1.624,2.1133,42.32,
,1.6237,2.1143,42.34,
,1.6233,2.1152,42.36,
,1.6229,2.1161,42.38,
,1.6226,2.1171,42.4,
,1.6227,2.1182,42.42,
,1.6236,2.1192,42.44,
,1.6242,2.1202,42.46,
,1.624,2.1212,42.48,
,1.6238,2.1222,42.5,
,1.6237,2.1231,42.52,
,1.6235,2.1241,42.54,
,1.6236,2.1252,42.56,
,1.6239,2.1262,42.58,
,1.6241,2.1272,42.6,
,1.6244,2.1283,42.62,
,1.6248,2.1293,42.64,
,1.6245,2.1302,42.66,
,1.6237,2.1312,42.68,
,1.6233,2.1322,42.7,
,1.6234,2.1332,42.72,
,1.624,2.1343,42.74,
,1.6247,2.1354,42.76,
,1.6252,2.1363,42.78,
,1.6249,2.1373,42.8,
,1.6243,2.1384,42.82,
,1.6243,2.1394,42.84,
,1.6242,2.1403,42.86,
,1.6236,2.1413,42.88,
,1.6235,2.1423,42.9,
,1.6241,2.1434,42.92,
,1.6246,2.1444,42.94,
,1.6244,2.1453,42.96,
,1.6239,2.1462,42.98,
,1.6233,2.1471,43,
,1.6231,2.1482,43.02,
,1.6236,2.1492,43.04,
,1.624,2.1501,43.06,
,1.6241,2.1512,43.08,
,1.6245,2.1522,43.1,
,1.6249,2.1532,43.12,
,1.6246,2.1541,43.14,
,1.6241,2.1551,43.16,
,1.6238,2.1561,43.18,
,1.6235,2.157,43.2,
,1.6237,2.1581,43.22,
,1.6247,2.1592,43.24,
,1.6255,2.1602,43.26,
,1.6253,2.1612,43.28,
,1.6248,2.1622,43.3,
,1.6247,2.1632,43.32,
,1.6246,2.1642,43.34,
,1.6247,2.1652,43.36,
,1.6252,2.1663,43.38,
,1.6255,2.1673,43.4,
,1.6258,2.1684,43.42,
,1.6261,2.1695,43.44,
,1.6257,2.1704,43.46,
,1.6246,2.1713,43.48,
,1.6239,2.1723,43.5,
,1.6238,2.1732,43.52,
,1.624,2.1743,43.54,
,1.6245,2.1753,43.56,
,1.625,2.1763,43.58,
,1.6249,2.1772,43.6,
,1.6245,2.1782,43.62,
,1.6245,2.1792,43.64,
,1.6244,2.1801,43.66,
,1.6241,2.1811,43.68,
,1.6242,2.1821,43.7,
,1.6249,2.1832,43.72,
,1.6255,2.1842,43.74,
,1.6258,2.1852,43.76,
,1.6257,2.1862,43.78,
,1.625,2.1871,43.8,
,1.6243,2.1882,43.82,
,1.6247,2.1892,43.84,
,1.6251,2.1902,43.86,
,1.6251,2.1912,43.88,
,1.6253,2.1923,43.9,
,1.6257,2.1933,43.92,
,1.6256,2.1943,43.94,
,1.6253,2.1952,43.96,
,1.625,2.1962,43.98,
,1.6248,2.1972,44,
,1.6248,2.1983,44.02,
,1.6256,2.1994,44.04,
,1.6264,2.2004,44.06,
,1.6263,2.2014,44.08,
,1.6258,2.2023,44.1,
,1.6252,2.2033,44.12,
,1.6248,2.2042,44.14,
,1.6246,2.2052,44.16,
,1.6248,2.2062,44.18,
,1.6248,2.2072,44.2,
,1.625,2.2082,44.22,
,1.6255,2.2093,44.24,
,1.6257,2.2102,44.26,
,1.6252,2.2111,44.28,
,1.6247,2.2121,44.3,
,1.6248,2.2131,44.32,
,1.6252,2.2141,44.34,
,1.6257,2.2152,44.36,
,1.626,2.2162,44.38,
,1.626,2.2171,44.4,
,1.6255,2.2181,44.42,
,1.6256,2.2192,44.44,
,1.6259,2.2201,44.46,
,1.6256,2.2211,44.48,
,1.6254,2.2221,44.5,
,1.6259,2.2232,44.52,
,1.6267,2.2243,44.54,
,1.627,2.2253,44.56,
,1.6268,2.2263,44.58,
,1.6262,2.2273,44.6,
,1.6255,2.2283,44.62,
,1.6257,2.2294,44.64,
,1.6261,2.2303,44.66,
,1.6259,2.2313,44.68,
,1.6258,2.2324,44.7,
,1.626,2.2333,44.72,
,1.6257,2.2343,44.74,
,1.6253,2.2352,44.76,
,1.6249,2.2362,44.78,
,1.6247,2.2371,44.8,
,1.6248,2.2381,44.82,
,1.6254,2.2392,44.84,
,1.6262,2.2402,44.86,
,1.6264,2.2412,44.88,
,1.6261,2.2422,44.9,
,1.6258,2.2431,44.92,
,1.6255,2.2441,44.94,
,1.6254,2.2451,44.96,
,1.6256,2.2461,44.98,
,1.6259,2.2471,45,
,1.626,2.2481,45.02,
,1.6264,2.2492,45.04,
,1.6268,2.2502,45.06,
,1.6263,2.2511,45.08,
,1.6256,2.2521,45.1,
,1.6255,2.2531,45.12,
,1.6259,2.2542,45.14,
,1.6266,2.2553,45.16,
,1.6271,2.2563,45.18,
,1.6271,2.2573,45.2,
,1.6267,2.2583,45.22,
,1.6266,2.2594,45.24,
,1.6268,2.2603,45.26,
,1.6261,2.2613,45.28,
,1.6256,2.2623,45.3,
,1.626,2.2634,45.32,
,1.6266,2.2644,45.34,
,1.6268,2.2653,45.36,
,1.6263,2.2663,45.38,
,1.6256,2.2672,45.4,
,1.6251,2.2682,45.42,
,1.6254,2.2692,45.44,
,1.6259,2.2702,45.46,
,1.6261,2.2711,45.48,
,1.6262,2.2722,45.5,
,1.6266,2.2732,45.52,
,1.6266,2.2742,45.54,
,1.6261,2.2751,45.56,
,1.6258,2.2761,45.58,
,1.6257,2.277,45.6,
,1.6256,2.278,45.62,
,1.6261,2.2791,45.64,
,1.627,2.2802,45.66,
,1.6274,2.2812,45.68,
,1.6271,2.2822,45.7,
,1.6269,2.2832,45.72,
,1.6266,2.2842,45.74,
,1.6265,2.2852,45.76,
,1.6267,2.2863,45.78,
,1.6269,2.2873,45.8,
,1.6269,2.2884,45.82,
,1.6273,2.2895,45.84,
,1.6276,2.2904,45.86,
,1.6269,2.2913,45.88,
,1.6258,2.2923,45.9,
,1.6254,2.2932,45.92,
,1.6255,2.2942,45.94,
,1.626,2.2953,45.96,
,1.6264,2.2963,45.98,
,1.6265,2.2972,46,
,1.6263,2.2982,46.02,
,1.6262,2.2992,46.04,
,1.6263,2.3002,46.06,
,1.6261,2.3011,46.08,
,1.6257,2.3021,46.1,
,1.626,2.3032,46.12,
,1.627,2.3042,46.14,
,1.6276,2.3052,46.16,
,1.6276,2.3062,46.18,
,1.6271,2.3072,46.2,
,1.6264,2.3081,46.22,
,1.6263,2.3092,46.24,
,1.6266,2.3102,46.26,
,1.6267,2.3112,46.28,
,1.6267,2.3122,46.3,
,1.6272,2.3133,46.32,
,1.6275,2.3143,46.34,
,1.6272,2.3153,46.36,
,1.627,2.3163,46.38,
,1.6268,2.3172,46.4,
,1.6265,2.3182,46.42,
,1.6268,2.3193,46.44,
,1.6275,2.3204,46.46,
,1.6278,2.3214,46.48,
,1.6274,2.3224,46.5,
,1.627,2.3233,46.52,
,1.6265,2.3243,46.54,
,1.6262,2.3253,46.56,
,1.6262,2.3263,46.58,
,1.6264,2.3272,46.6,
,1.6265,2.3282,46.62,
,1.6268,2.3293,46.64,
,1.6272,2.3303,46.66,
,1.6268,2.3311,46.68,
,1.626,2.3321,46.7,
,1.6259,2.3331,46.72,
,1.6261,2.3341,46.74,
,1.6267,2.3352,46.76,
,1.6273,2.3362,46.78,
,1.6275,2.3372,46.8,
,1.627,2.3381,46.82,
,1.6267,2.3392,46.84,
,1.6268,2.3401,46.86,
,1.6267,2.3411,46.88,
,1.6264,2.3421,46.9,
,1.6269,2.3432,46.92,
,1.6278,2.3443,46.94,
,1.6285,2.3454,46.96,
,1.6283,2.3464,46.98,
,1.6276,2.3473,47,
,1.6267,2.3483,47.02,
,1.6266,2.3493,47.04,
,1.627,2.3503,47.06,
,1.6272,2.3513,47.08,
,1.6272,2.3524,47.1,
,1.6275,2.3534,47.12,
,1.6274,2.3543,47.14,
,1.6267,2.3552,47.16,
,1.6261,2.3562,47.18,
,1.6258,2.3571,47.2,
,1.6256,2.3581,47.22,
,1.626,2.3591,47.24,
,1.627,2.3602,47.26,
,1.6278,2.3612,47.28,
,1.6277,2.3622,47.3,
,1.6274,2.3632,47.32,
,1.627,2.3641,47.34,
,1.6266,2.3651,47.36,
,1.6266,2.3661,47.38,
,1.6269,2.3671,47.4,
,1.6272,2.3682,47.42,
,1.6276,2.3693,47.44,
,1.6282,2.3703,47.46,
,1.628,2.3712,47.48,
,1.6269,2.3721,47.5,
,1.6263,2.3731,47.52,
,1.6264,2.3742,47.54,
,1.6269,2.3752,47.56,
,1.6277,2.3763,47.58,
,1.6281,2.3773,47.6,
,1.6279,2.3783,47.62,
,1.6276,2.3793,47.64,
,1.6277,2.3804,47.66,
,1.6274,2.3813,47.68,
,1.6266,2.3822,47.7,
,1.6265,2.3833,47.72,
,1.6271,2.3843,47.74,
,1.6276,2.3854,47.76,
,1.6276,2.3863,47.78,
,1.6273,2.3873,47.8,
,1.6266,2.3882,47.82,
,1.6262,2.3892,47.84,
,1.6265,2.3902,47.86,
,1.6267,2.3911,47.88,
,1.6267,2.3922,47.9,
,1.6271,2.3932,47.92,
,1.6276,2.3942,47.94,
,1.6275,2.3952,47.96,
,1.6272,2.3961,47.98,
,1.627,2.3971,48,
,1.6268,2.3981,48.02,
,1.6268,2.3991,48.04,
,1.6274,2.4002,48.06,
,1.6281,2.4012,48.08,
,1.628,2.4022,48.1,
,1.6277,2.4032,48.12,
,1.6275,2.4042,48.14,
,1.6273,2.4052,48.16,
,1.6274,2.4063,48.18,
,1.6278,2.4073,48.2,
,1.628,2.4083,48.22,
,1.6279,2.4094,48.24,
,1.6283,2.4105,48.26,
,1.628,2.4114,48.28,
,1.627,2.4123,48.3,
,1.6265,2.4133,48.32,
,1.6264,2.4143,48.34,
,1.6266,2.4153,48.36,
,1.6271,2.4163,48.38,
,1.6274,2.4172,48.4,
,1.6271,2.4182,48.42,
,1.6265,2.4191,48.44,
,1.6265,2.4201,48.46,
,1.6268,2.4211,48.48,
,1.6267,2.422,48.5,
,1.6268,2.4231,48.52,
,1.6275,2.4242,48.54,
,1.6282,2.4252,48.56,
,1.6283,2.4262,48.58,
,1.6278,2.4272,48.6,
,1.627,2.4281,48.62,
,1.6264,2.4291,48.64,
,1.6267,2.4302,48.66,
,1.6273,2.4312,48.68,
,1.6275,2.4322,48.7,
,1.6279,2.4333,48.72,
,1.6283,2.4343,48.74,
,1.628,2.4353,48.76,
,1.6275,2.4363,48.78,
,1.6272,2.4372,48.8,
,1.6268,2.4382,48.82,
,1.6267,2.4393,48.84,
,1.6276,2.4404,48.86,
,1.6286,2.4414,48.88,
,1.6286,2.4424,48.9,
,1.6281,2.4434,48.92,
,1.6274,2.4443,48.94,
,1.6266,2.4453,48.96,
,1.6263,2.4462,48.98,
,1.6264,2.4472,49,
,1.6267,2.4482,49.02,
,1.627,2.4493,49.04,
,1.6276,2.4503,49.06,
,1.628,2.4513,49.08,
,1.6273,2.4522,49.1,
,1.6266,2.4531,49.12,
,1.6265,2.4541,49.14,
,1.6266,2.4551,49.16,
,1.627,2.4562,49.18,
,1.6276,2.4572,49.2,
,1.6279,2.4582,49.22,
,1.6275,2.4592,49.24,
,1.6274,2.4602,49.26,
,1.6275,2.4612,49.28,
,1.6271,2.4621,49.3,
,1.6267,2.4631,49.32,
,1.6271,2.4642,49.34,
,1.6279,2.4653,49.36,
,1.6284,2.4663,49.38,
,1.6284,2.4673,49.4,
,1.6279,2.4683,49.42,
,1.6272,2.4693,49.44,
,1.6274,2.4704,49.46,
,1.6277,2.4713,49.48,
,1.6274,2.4723,49.5,
,1.6272,2.4734,49.52,
,1.6274,2.4743,49.54,
,1.6273,2.4753,49.56,
,1.6269,2.4763,49.58,
,1.6266,2.4772,49.6,
,1.6265,2.4781,49.62,
,1.6263,2.4791,49.64,
,1.6267,2.4802,49.66,
,1.6273,2.4812,49.68,
,1.6273,2.4821,49.7,
,1.6271,2.4831,49.72,
,1.6271,2.4841,49.74,
,1.627,2.4851,49.76,
,1.6271,2.4861,49.78,
,1.6274,2.4872,49.8,
,1.6277,2.4881,49.82,
,1.6277,2.4892,49.84,
,1.628,2.4903,49.86,
,1.6281,2.4912,49.88,
,1.6276,2.4921,49.9,
,1.627,2.4932,49.92,
,1.6271,2.4942,49.94,
,1.6274,2.4952,49.96,
,1.6278,2.4963,49.98,
,1.6282,2.4973,50,
,1.628,2.4983,50.02,
,1.6273,2.4993,50.04,
,1.6271,2.5003,50.06,
,1.6273,2.5013,50.08,
,1.6271,2.5022,50.1,
,1.6268,2.5033,50.12,
,1.6273,2.5043,50.14,
,1.6278,2.5054,50.16,
,1.6279,2.5063,50.18,
,1.6274,2.5073,50.2,
,1.6266,2.5082,50.22,
,1.626,2.5091,50.24,
,1.6261,2.5101,50.26,
,1.6267,2.5111,50.28,
,1.6271,2.5121,50.3,
,1.6274,2.5132,50.32,
,1.6279,2.5142,50.34,
,1.6278,2.5152,50.36,
,1.6272,2.5161,50.38,
,1.6265,2.5171,50.4,
,1.6263,2.518,50.42,
,1.6263,2.519,50.44,
,1.6268,2.5201,50.46,
,1.6279,2.5212,50.48,
,1.6283,2.5222,50.5,
,1.6282,2.5232,50.52,
,1.6278,2.5242,50.54,
,1.6273,2.5252,50.56,
,1.6269,2.5262,50.58,
,1.6273,2.5273,50.6,
,1.6276,2.5283,50.62,
,1.6277,2.5294,50.64,
,1.6282,2.5305,50.66,
,1.6286,2.5315,50.68,
,1.6278,2.5323,50.7,
,1.6267,2.5333,50.72,
,1.6262,2.5342,50.74,
,1.626,2.5352,50.76,
,1.6263,2.5362,50.78,
,1.6269,2.5373,50.8,
,1.6271,2.5382,50.82,
,1.627,2.5392,50.84,
,1.6269,2.5402,50.86,
,1.6271,2.5412,50.88,
,1.6268,2.5421,50.9,
,1.6262,2.5431,50.92,
,1.6265,2.5441,50.94,
,1.6272,2.5452,50.96,
,1.6278,2.5462,50.98,
,1.6279,2.5472,51,
,1.6276,2.5482,51.02,
,1.6269,2.5491,51.04,
,1.6268,2.5502,51.06,
,1.6272,2.5512,51.08,
,1.6272,2.5522,51.1,
,1.627,2.5532,51.12,
,1.6274,2.5543,51.14,
,1.6277,2.5553,51.16,
,1.6274,2.5563,51.18,
,1.6272,2.5573,51.2,
,1.6269,2.5582,51.22,
,1.6266,2.5592,51.24,
,1.6267,2.5604,51.26,
,1.6276,2.5614,51.28,
,1.6279,2.5624,51.3,
,1.6274,2.5634,51.32,
,1.6271,2.5644,51.34,
,1.6268,2.5653,51.36,
,1.6265,2.5663,51.38,
,1.6264,2.5673,51.4,
,1.6265,2.5683,51.42,
,1.6264,2.5692,51.44,
,1.6266,2.5703,51.46,
,1.6271,2.5713,51.48,
,1.6268,2.5722,51.5,
,1.626,2.5732,51.52,
,1.626,2.5742,51.54,
,1.6263,2.5752,51.56,
,1.6266,2.5762,51.58,
,1.6271,2.5772,51.6,
,1.6273,2.5782,51.62,
,1.6268,2.5791,51.64,
,1.6264,2.5802,51.66,
,1.6264,2.5812,51.68,
,1.6266,2.5821,51.7,
,1.6264,2.5831,51.72,
,1.6267,2.5842,51.74,
,1.6276,2.5853,51.76,
,1.6282,2.5864,51.78,
,1.6282,2.5874,51.8,
,1.6275,2.5883,51.82,
,1.6265,2.5893,51.84,
,1.6261,2.5903,51.86,
,1.6266,2.5913,51.88,
,1.627,2.5923,51.9,
,1.627,2.5934,51.92,
,1.6272,2.5944,51.94,
,1.6272,2.5954,51.96,
,1.6265,2.5963,51.98,
,1.6258,2.5972,52,
,1.6255,2.5981,52.02,
,1.6253,2.5991,52.04,
,1.6255,2.6001,52.06,
,1.6265,2.6012,52.08,
,1.6273,2.6022,52.1,
,1.6272,2.6032,52.12,
,1.627,2.6042,52.14,
,1.6266,2.6052,52.16,
,1.6262,2.6061,52.18,
,1.6261,2.6072,52.2,
,1.6262,2.6082,52.22,
,1.6264,2.6092,52.24,
,1.6268,2.6103,52.26,
,1.6273,2.6113,52.28,
,1.6272,2.6122,52.3,
,1.6265,2.6132,52.32,
,1.6259,2.6142,52.34,
,1.626,2.6152,52.36,
,1.6265,2.6163,52.38,
,1.6272,2.6174,52.4,
,1.6276,2.6184,52.42,
,1.6273,2.6193,52.44,
,1.6269,2.6204,52.46,
,1.627,2.6214,52.48,
,1.6267,2.6223,52.5,
,1.626,2.6233,52.52,
,1.6257,2.6243,52.54,
,1.6261,2.6254,52.56,
,1.6264,2.6264,52.58,
,1.6265,2.6273,52.6,
,1.6262,2.6283,52.62,
,1.6256,2.6292,52.64,
,1.6252,2.6302,52.66,
,1.6255,2.6312,52.68,
,1.6261,2.6322,52.7,
,1.6261,2.6332,52.72,
,1.6262,2.6342,52.74,
,1.6266,2.6352,52.76,
,1.6263,2.6362,52.78,
,1.6259,2.6371,52.8,
,1.6256,2.6381,52.82,
,1.6255,2.639,52.84,
,1.6256,2.6401,52.86,
,1.6263,2.6412,52.88,
,1.627,2.6422,52.9,
,1.6268,2.6432,52.92,
,1.6263,2.6442,52.94,
,1.6262,2.6452,52.96,
,1.6262,2.6462,52.98,
,1.6263,2.6472,53,
,1.6265,2.6483,53.02,
,1.6266,2.6493,53.04,
,1.6265,2.6504,53.06,
,1.6269,2.6514,53.08,
,1.6267,2.6523,53.1,
,1.6258,2.6532,53.12,
,1.6252,2.6542,53.14,
,1.6251,2.6552,53.16,
,1.6252,2.6562,53.18,
,1.6256,2.6572,53.2,
,1.626,2.6582,53.22,
,1.6259,2.6591,53.24,
,1.6254,2.6601,53.26,
,1.6254,2.6611,53.28,
,1.6255,2.662,53.3,
,1.6252,2.663,53.32,
,1.6252,2.664,53.34,
,1.6261,2.6651,53.36,
,1.6268,2.6662,53.38,
,1.6271,2.6672,53.4,
,1.6269,2.6682,53.42,
,1.6261,2.6691,53.44,
,1.6253,2.6701,53.46,
,1.6254,2.6711,53.48,
,1.626,2.6721,53.5,
,1.6262,2.6732,53.52,
,1.6264,2.6742,53.54,
,1.6268,2.6753,53.56,
,1.6266,2.6763,53.58,
,1.6261,2.6773,53.6,
,1.6257,2.6782,53.62,
,1.6253,2.6792,53.64,
,1.6251,2.6802,53.66,
,1.6258,2.6814,53.68,
,1.6268,2.6824,53.7,
,1.6267,2.6834,53.72,
,1.6261,2.6844,53.74,
,1.6256,2.6853,53.76,
,1.625,2.6862,53.78,
,1.6247,2.6872,53.8,
,1.6247,2.6882,53.82,
,1.6249,2.6892,53.84,
,1.6251,2.6902,53.86,
,1.6257,2.6913,53.88,
,1.6259,2.6922,53.9,
,1.6254,2.6931,53.92,
,1.6248,2.6941,53.94,
,1.6247,2.6951,53.96,
,1.6248,2.6961,53.98,
,1.6253,2.6972,54,
,1.6257,2.6982,54.02,
,1.6258,2.6991,54.04,
,1.6254,2.7001,54.06,
,1.6254,2.7012,54.08,
,1.6256,2.7022,54.1,
,1.6253,2.7031,54.12,
,1.6249,2.7042,54.14,
,1.6255,2.7053,54.16,
,1.6262,2.7063,54.18,
,1.6264,2.7074,54.2,
,1.6263,2.7084,54.22,
,1.6256,2.7093,54.24,
,1.6248,2.7103,54.26,
,1.6249,2.7114,54.28,
,1.6253,2.7123,54.3,
,1.6252,2.7134,54.32,
,1.6252,2.7144,54.34,
,1.6255,2.7154,54.36,
,1.6251,2.7163,54.38,
,1.6246,2.7173,54.4,
,1.6242,2.7182,54.42,
,1.6239,2.7191,54.44,
,1.6239,2.7201,54.46,
,1.6243,2.7212,54.48,
,1.6251,2.7222,54.5,
,1.6254,2.7232,54.52,
,1.625,2.7242,54.54,
,1.6248,2.7251,54.56,
,1.6246,2.7261,54.58,
,1.6245,2.7271,54.6,
,1.6246,2.7281,54.62,
,1.6248,2.7291,54.64,
,1.625,2.7302,54.66,
,1.6255,2.7313,54.68,
,1.6257,2.7322,54.7,
,1.6251,2.7331,54.72,
,1.6244,2.7341,54.74,
,1.6243,2.7351,54.76,
,1.6245,2.7362,54.78,
,1.6249,2.7372,54.8,
,1.6256,2.7383,54.82,
,1.6257,2.7393,54.84,
,1.6251,2.7403,54.86,
,1.6249,2.7414,54.88,
,1.625,2.7423,54.9,
,1.6246,2.7433,54.92,
,1.6242,2.7443,54.94,
,1.6244,2.7453,54.96,
,1.6249,2.7464,54.98,
,1.6252,2.7474,55,
,1.6248,2.7483,55.02,
,1.624,2.7492,55.04,
,1.6233,2.7502,55.06,
,1.6234,2.7512,55.08,
,1.624,2.7522,55.1,
,1.6243,2.7531,55.12,
,1.6243,2.7542,55.14,
,1.6248,2.7552,55.16,
,1.625,2.7562,55.18,
,1.6246,2.7572,55.2,
,1.6241,2.7582,55.22,
,1.6237,2.7591,55.24,
,1.6235,2.7601,55.26,
,1.6239,2.7612,55.28,
,1.6248,2.7622,55.3,
,1.6251,2.7632,55.32,
,1.6248,2.7642,55.34,
,1.6246,2.7652,55.36,
,1.6244,2.7662,55.38,
,1.6243,2.7672,55.4,
,1.6243,2.7683,55.42,
,1.6245,2.7693,55.44,
,1.6246,2.7703,55.46,
,1.6248,2.7714,55.48,
,1.6251,2.7724,55.5,
,1.6245,2.7733,55.52,
,1.6235,2.7743,55.54,
,1.6231,2.7753,55.56,
,1.623,2.7762,55.58,
,1.6233,2.7773,55.6,
,1.6238,2.7783,55.62,
,1.6239,2.7792,55.64,
,1.6235,2.7802,55.66,
,1.6232,2.7812,55.68,
,1.6234,2.7822,55.7,
,1.6233,2.7831,55.72,
,1.6229,2.7841,55.74,
,1.6232,2.7851,55.76,
,1.6238,2.7862,55.78,
,1.6243,2.7872,55.8,
,1.6242,2.7882,55.82,
,1.6239,2.7891,55.84,
,1.6233,2.7901,55.86,
,1.623,2.7911,55.88,
,1.6235,2.7922,55.9,
,1.6238,2.7932,55.92,
,1.6239,2.7942,55.94,
,1.6242,2.7953,55.96,
,1.6243,2.7963,55.98,
,1.624,2.7973,56,
,1.6237,2.7983,56.02,
,1.6234,2.7992,56.04,
,1.623,2.8003,56.06,
,1.6233,2.8014,56.08,
,1.6242,2.8025,56.1,
,1.6246,2.8034,56.12,
,1.6239,2.8044,56.14,
,1.6233,2.8054,56.16,
,1.6228,2.8063,56.18,
,1.6225,2.8073,56.2,
,1.6224,2.8082,56.22,
,1.6226,2.8092,56.24,
,1.6228,2.8102,56.26,
,1.6231,2.8113,56.28,
,1.6235,2.8123,56.3,
,1.6232,2.8132,56.32,
,1.6224,2.8141,56.34,
,1.6222,2.8151,56.36,
,1.6223,2.8161,56.38,
,1.6225,2.8171,56.4,
,1.6229,2.8182,56.42,
,1.6234,2.8192,56.44,
,1.6232,2.8201,56.46,
,1.6228,2.8211,56.48,
,1.6228,2.8222,56.5,
,1.6228,2.8231,56.52,
,1.6224,2.8241,56.54,
,1.6226,2.8252,56.56,
,1.6234,2.8263,56.58,
,1.624,2.8273,56.6,
,1.6241,2.8284,56.62,
,1.6237,2.8293,56.64,
,1.6226,2.8303,56.66,
,1.6222,2.8313,56.68,
,1.6227,2.8324,56.7,
,1.6228,2.8333,56.72,
,1.6227,2.8344,56.74,
,1.6229,2.8354,56.76,
,1.6229,2.8364,56.78,
,1.6224,2.8373,56.8,
,1.6218,2.8382,56.82,
,1.6214,2.8392,56.84,
,1.6212,2.8401,56.86,
,1.6213,2.8412,56.88,
,1.6221,2.8422,56.9,
,1.6229,2.8432,56.92,
,1.6227,2.8442,56.94,
,1.6223,2.8452,56.96,
,1.6222,2.8462,56.98,
,1.622,2.8471,57,
,1.6217,2.8481,57.02,
,1.6219,2.8491,57.04,
,1.622,2.8501,57.06,
,1.6223,2.8512,57.08,
,1.6228,2.8522,57.1,
,1.6228,2.8532,57.12,
,1.6221,2.8541,57.14,
,1.6217,2.8552,57.16,
,1.6219,2.8562,57.18,
,1.6222,2.8573,57.2,
,1.6227,2.8583,57.22,
,1.623,2.8593,57.24,
,1.6226,2.8603,57.26,
,1.622,2.8613,57.28,
,1.6219,2.8624,57.3,
,1.6218,2.8633,57.32,
,1.6213,2.8643,57.34,
,1.6212,2.8653,57.36,
,1.6217,2.8663,57.38,
,1.622,2.8673,57.4,
,1.6219,2.8683,57.42,
,1.6215,2.8692,57.44,
,1.6208,2.8701,57.46,
,1.6204,2.8711,57.48,
,1.6207,2.8722,57.5,
,1.6213,2.8732,57.52,
,1.6214,2.8742,57.54,
,1.6216,2.8752,57.56,
,1.6218,2.8762,57.58,
,1.6216,2.8772,57.6,
,1.6211,2.8781,57.62,
,1.6208,2.8791,57.64,
,1.6205,2.88,57.66,
,1.6206,2.8811,57.68,
,1.6213,2.8822,57.7,
,1.6221,2.8832,57.72,
,1.6221,2.8842,57.74,
,1.6217,2.8852,57.76,
,1.6214,2.8862,57.78,
,1.6211,2.8872,57.8,
,1.621,2.8882,57.82,
,1.6213,2.8893,57.84,
,1.6216,2.8903,57.86,
,1.6216,2.8914,57.88,
,1.6218,2.8925,57.9,
,1.6217,2.8934,57.92,
,1.6208,2.8943,57.94,
,1.6201,2.8953,57.96,
,1.62,2.8963,57.98,
,1.6201,2.8973,58,
,1.6204,2.8983,58.02,
,1.6208,2.8993,58.04,
,1.6207,2.9002,58.06,
,1.6202,2.9012,58.08,
,1.6201,2.9022,58.1,
,1.6201,2.9031,58.12,
,1.6198,2.904,58.14,
,1.6198,2.9051,58.16,
,1.6204,2.9061,58.18,
,1.6211,2.9072,58.2,
,1.6214,2.9082,58.22,
,1.6211,2.9092,58.24,
,1.6205,2.9101,58.26,
,1.6198,2.9111,58.28,
,1.6199,2.9122,58.3,
,1.6202,2.9132,58.32,
,1.6202,2.9141,58.34,
,1.6202,2.9152,58.36,
,1.6207,2.9163,58.38,
,1.6208,2.9173,58.4,
,1.6205,2.9182,58.42,
,1.6201,2.9192,58.44,
,1.6198,2.9202,58.46,
,1.6197,2.9212,58.48,
,1.6202,2.9224,58.5,
,1.6211,2.9234,58.52,
,1.621,2.9244,58.54,
,1.6204,2.9254,58.56,
,1.6199,2.9263,58.58,
,1.6193,2.9273,58.6,
,1.6189,2.9283,58.62,
,1.619,2.9293,58.64,
,1.6192,2.9303,58.66,
,1.6195,2.9313,58.68,
,1.6198,2.9323,58.7,
,1.6199,2.9333,58.72,
,1.6192,2.9342,58.74,
,1.6186,2.9351,58.76,
,1.6186,2.9361,58.78,
,1.6189,2.9371,58.8,
,1.6192,2.9382,58.82,
,1.6198,2.9392,58.84,
,1.62,2.9402,58.86,
,1.6195,2.9411,58.88,
,1.6192,2.9422,58.9,
,1.6194,2.9432,58.92,
,1.6192,2.9441,58.94,
,1.619,2.9452,58.96,
,1.6194,2.9462,58.98,
,1.6199,2.9473,59,
,1.6201,2.9483,59.02,
,1.6201,2.9493,59.04,
,1.6195,2.9502,59.06,
,1.6187,2.9512,59.08,
,1.6187,2.9523,59.1,
,1.6193,2.9533,59.12,
,1.6193,2.9543,59.14,
,1.6191,2.9554,59.16,
,1.6192,2.9563,59.18,
,1.6189,2.9573,59.2,
,1.6184,2.9582,59.22,
,1.6178,2.9592,59.24,
,1.6175,2.9601,59.26,
,1.6174,2.9611,59.28,
,1.6179,2.9622,59.3,
,1.6189,2.9632,59.32,
,1.6192,2.9642,59.34,
,1.6188,2.9652,59.36,
,1.6185,2.9661,59.38,
,1.6183,2.9671,59.4,
,1.6181,2.9681,59.42,
,1.6182,2.9691,59.44,
,1.6185,2.9701,59.46,
,1.6187,2.9712,59.48,
,1.619,2.9723,59.5,
,1.6193,2.9733,59.52,
,1.6186,2.9742,59.54,
,1.6177,2.9752,59.56,
,1.6176,2.9762,59.58,
,1.6178,2.9772,59.6,
,1.6182,2.9783,59.62,
,1.6187,2.9793,59.64,
,1.6189,2.9803,59.66,
,1.6185,2.9813,59.68,
,1.6182,2.9824,59.7,
,1.6183,2.9834,59.72,
,1.6179,2.9843,59.74,
,1.6174,2.9853,59.76,
,1.6176,2.9864,59.78,
,1.618,2.9874,59.8,
,1.6182,2.9884,59.82,
,1.618,2.9893,59.84,
,1.6173,2.9902,59.86,
,1.6164,2.9912,59.88,
,1.6162,2.9922,59.9,
,1.6168,2.9932,59.92,
,1.617,2.9941,59.94,
,1.6171,2.9952,59.96,
,1.6175,2.9962,59.98,
,1.6177,2.9972,60,
,1.6175,2.9982,60.02,
,1.6169,2.9991,60.04,
,1.6165,3.0001,60.06,
,1.6163,3.001,60.08,
,1.6165,3.0021,60.1,
,1.6175,3.0032,60.12,
,1.6179,3.0042,60.14,
,1.6176,3.0052,60.16,
,1.6174,3.0062,60.18,
,1.6172,3.0072,60.2,
,1.617,3.0082,60.22,
,1.617,3.0093,60.24,
,1.6171,3.0103,60.26,
,1.6173,3.0113,60.28,
,1.6176,3.0124,60.3,
,1.6178,3.0134,60.32,
,1.6171,3.0143,60.34,
,1.6162,3.0153,60.36,
,1.6159,3.0163,60.38,
,1.6158,3.0172,60.4,
,1.6158,3.0183,60.42,
,1.6163,3.0193,60.44,
,1.6165,3.0202,60.46,
,1.616,3.0212,60.48,
,1.6157,3.0222,60.5,
,1.6158,3.0232,60.52,
,1.6157,3.0241,60.54,
,1.6155,3.0251,60.56,
,1.6157,3.0261,60.58,
,1.6163,3.0272,60.6,
,1.6166,3.0282,60.62,
,1.6167,3.0292,60.64,
,1.6163,3.0301,60.66,
,1.6156,3.0311,60.68,
,1.6153,3.0321,60.7,
,1.6157,3.0332,60.72,
,1.616,3.0341,60.74,
,1.6159,3.0352,60.76,
,1.6162,3.0363,60.78,
,1.6164,3.0373,60.8,
,1.6163,3.0383,60.82,
,1.6159,3.0393,60.84,
,1.6155,3.0402,60.86,
,1.6151,3.0412,60.88,
,1.6153,3.0423,60.9,
,1.6162,3.0434,60.92,
,1.6166,3.0444,60.94,
,1.6159,3.0454,60.96,
,1.6153,3.0464,60.98,
,1.6148,3.0473,61,
,1.6144,3.0482,61.02,
,1.6143,3.0492,61.04,
,1.6146,3.0502,61.06,
,1.6146,3.0512,61.08,
,1.6148,3.0523,61.1,
,1.6151,3.0532,61.12,
,1.6149,3.0541,61.14,
,1.6143,3.0551,61.16,
,1.6139,3.0561,61.18,
,1.6141,3.0571,61.2,
,1.6144,3.0581,61.22,
,1.6149,3.0592,61.24,
,1.6153,3.0602,61.26,
,1.6151,3.0611,61.28,
,1.6146,3.0622,61.3,
,1.6145,3.0632,61.32,
,1.6144,3.0641,61.34,
,1.6139,3.0651,61.36,
,1.614,3.0662,61.38,
,1.6148,3.0673,61.4,
,1.6154,3.0683,61.42,
,1.6156,3.0694,61.44,
,1.6152,3.0703,61.46,
,1.6142,3.0713,61.48,
,1.6136,3.0723,61.5,
,1.6139,3.0733,61.52,
,1.6142,3.0743,61.54,
,1.6142,3.0754,61.56,
,1.6143,3.0764,61.58,
,1.6143,3.0774,61.6,
,1.6138,3.0783,61.62,
,1.6131,3.0792,61.64,
,1.6127,3.0802,61.66,
,1.6124,3.0811,61.68,
,1.6125,3.0821,61.7,
,1.6132,3.0832,61.72,
,1.6138,3.0842,61.74,
,1.6136,3.0851,61.76,
,1.6134,3.0861,61.78,
,1.6132,3.0871,61.8,
,1.613,3.0881,61.82,
,1.6128,3.0891,61.84,
,1.6131,3.0901,61.86,
,1.6134,3.0911,61.88,
,1.6137,3.0922,61.9,
,1.6141,3.0933,61.92,
,1.614,3.0942,61.94,
,1.6131,3.0951,61.96,
,1.6125,3.0961,61.98,
,1.6125,3.0972,62,
,1.6128,3.0982,62.02,
,1.6132,3.0993,62.04,
,1.6136,3.1003,62.06,
,1.6134,3.1013,62.08,
,1.6129,3.1023,62.1,
,1.6127,3.1034,62.12,
,1.6127,3.1043,62.14,
,1.612,3.1052,62.16,
,1.6118,3.1063,62.18,
,1.6123,3.1073,62.2,
,1.6128,3.1084,62.22,
,1.6128,3.1093,62.24,
,1.6123,3.1103,62.26,
,1.6114,3.1112,62.28,
,1.6108,3.1122,62.3,
,1.6112,3.1132,62.32,
,1.6116,3.1142,62.34,
,1.6116,3.1152,62.36,
,1.6119,3.1162,62.38,
,1.6122,3.1172,62.4,
,1.6121,3.1182,62.42,
,1.6117,3.1191,62.44,
,1.6113,3.1201,62.46,
,1.611,3.121,62.48,
,1.611,3.1221,62.5,
,1.6116,3.1232,62.52,
,1.6122,3.1242,62.54,
,1.6122,3.1252,62.56,
,1.6118,3.1262,62.58,
,1.6117,3.1272,62.6,
,1.6114,3.1282,62.62,
,1.6113,3.1292,62.64,
,1.6114,3.1303,62.66,
,1.6115,3.1313,62.68,
,1.6114,3.1323,62.7,
,1.6117,3.1334,62.72,
,1.6118,3.1344,62.74,
,1.611,3.1353,62.76,
,1.6102,3.1363,62.78,
,1.6101,3.1372,62.8,
,1.6102,3.1382,62.82,
,1.6104,3.1393,62.84,
,1.6108,3.1403,62.86,
,1.6107,3.1412,62.88,
,1.6101,3.1422,62.9,
,1.6099,3.1432,62.92,
,1.61,3.1441,62.94,
,1.6098,3.145,62.96,
,1.6096,3.1461,62.98,
,1.6101,3.1471,63,
,1.6109,3.1482,63.02,
,1.6112,3.1492,63.04,
,1.6109,3.1502,63.06,
,1.6101,3.1511,63.08,
,1.6095,3.1521,63.1,
,1.6094,3.1532,63.12,
,1.6099,3.1542,63.14,
,1.61,3.1552,63.16,
,1.6101,3.1563,63.18,
,1.6104,3.1573,63.2,
,1.6104,3.1583,63.22,
,1.6098,3.1593,63.24,
,1.6094,3.1602,63.26,
,1.609,3.1612,63.28,
,1.6088,3.1622,63.3,
,1.6094,3.1634,63.32,
,1.6104,3.1644,63.34,
,1.6104,3.1654,63.36,
,1.6098,3.1664,63.38,
,1.6093,3.1673,63.4,
,1.6086,3.1683,63.42,
,1.6081,3.1693,63.44,
,1.6082,3.1702,63.46,
,1.6083,3.1712,63.48,
,1.6083,3.1722,63.5,
,1.6087,3.1733,63.52,
,1.6091,3.1742,63.54,
,1.6088,3.1752,63.56,
,1.6081,3.1761,63.58,
,1.6078,3.1771,63.6,
,1.6079,3.1781,63.62,
,1.6081,3.1792,63.64,
,1.6085,3.1802,63.66,
,1.6087,3.1811,63.68,
,1.6083,3.1821,63.7,
,1.6081,3.1832,63.72,
,1.6082,3.1842,63.74,
,1.608,3.1851,63.76,
,1.6075,3.1861,63.78,
,1.6079,3.1872,63.8,
,1.6086,3.1883,63.82,
,1.609,3.1893,63.84,
,1.6089,3.1903,63.86,
,1.6084,3.1913,63.88,
,1.6076,3.1923,63.9,
,1.6074,3.1934,63.92,
,1.6078,3.1944,63.94,
,1.6077,3.1953,63.96,
,1.6074,3.1964,63.98,
,1.6075,3.1974,64,
,1.6073,3.1983,64.02,
,1.6067,3.1993,64.04,
,1.6063,3.2002,64.06,
,1.6061,3.2011,64.08,
,1.6059,3.2021,64.1,
,1.6062,3.2032,64.12,
,1.6068,3.2042,64.14,
,1.6072,3.2052,64.16,
,1.6069,3.2062,64.18,
,1.6068,3.2072,64.2,
,1.6067,3.2081,64.22,
,1.6064,3.2091,64.24,
,1.6063,3.2102,64.26,
,1.6065,3.2112,64.28,
,1.6064,3.2122,64.3,
,1.6064,3.2132,64.32,
,1.6067,3.2142,64.34,
,1.6064,3.2151,64.36,
,1.6056,3.2161,64.38,
,1.6054,3.2171,64.4,
,1.6057,3.2181,64.42,
,1.6059,3.2192,64.44,
,1.6065,3.2203,64.46,
,1.6067,3.2212,64.48,
,1.606,3.2222,64.5,
,1.6056,3.2233,64.52,
,1.6059,3.2243,64.54,
,1.6056,3.2252,64.56,
,1.6051,3.2262,64.58,
,1.6052,3.2273,64.6,
,1.6057,3.2283,64.62,
,1.6059,3.2293,64.64,
,1.6055,3.2303,64.66,
,1.6046,3.2312,64.68,
,1.6038,3.2321,64.7,
,1.6037,3.2331,64.72,
,1.6042,3.2341,64.74,
,1.6046,3.2351,64.76,
,1.6047,3.2362,64.78,
,1.6052,3.2372,64.8,
,1.6053,3.2382,64.82,
,1.6049,3.2392,64.84,
,1.6042,3.2401,64.86,
,1.6038,3.2411,64.88,
,1.6035,3.242,64.9,
,1.6037,3.2431,64.92,
,1.6046,3.2442,64.94,
,1.6052,3.2452,64.96,
,1.6048,3.2462,64.98,
,1.6045,3.2472,65,
,1.6041,3.2482,65.02,
,1.6036,3.2492,65.04,
,1.6037,3.2503,65.06,
,1.6039,3.2513,65.08,
,1.604,3.2523,65.1,
,1.6043,3.2534,65.12,
,1.6047,3.2544,65.14,
,1.6041,3.2554,65.16,
,1.6031,3.2563,65.18,
,1.6024,3.2573,65.2,
,1.6022,3.2582,65.22,
,1.6024,3.2593,65.24,
,1.6028,3.2603,65.26,
,1.6029,3.2612,65.28,
,1.6026,3.2622,65.3,
,1.6024,3.2632,65.32,
,1.6025,3.2642,65.34,
,1.6023,3.2651,65.36,
,1.6017,3.266,65.38,
,1.6016,3.2671,65.4,
,1.6024,3.2682,65.42,
,1.6031,3.2692,65.44,
,1.6031,3.2702,65.46,
,1.6028,3.2711,65.48,
,1.6019,3.2721,65.5,
,1.6015,3.2731,65.52,
,1.6018,3.2741,65.54,
,1.6021,3.2751,65.56,
,1.6019,3.2762,65.58,
,1.6023,3.2773,65.6,
,1.6027,3.2783,65.62,
,1.6023,3.2793,65.64,
,1.6019,3.2803,65.66,
,1.6016,3.2812,65.68,
,1.6012,3.2822,65.7,
,1.6011,3.2833,65.72,
,1.6016,3.2844,65.74,
,1.602,3.2854,65.76,
,1.6017,3.2864,65.78,
,1.6012,3.2874,65.8,
,1.6008,3.2883,65.82,
,1.6003,3.2893,65.84,
,1.6002,3.2903,65.86,
,1.6004,3.2912,65.88,
,1.6003,3.2922,65.9,
,1.6003,3.2933,65.92,
,1.6007,3.2943,65.94,
,1.6007,3.2952,65.96,
,1.5998,3.2961,65.98,
,1.5994,3.2971,66,
,1.5995,3.2981,66.02,
,1.5998,3.2992,66.04,
,1.6003,3.3002,66.06,
,1.6004,3.3012,66.08,
,1.6,3.3021,66.1,
,1.5994,3.3032,66.12,
,1.5995,3.3042,66.14,
,1.5995,3.3051,66.16,
,1.5992,3.3061,66.18,
,1.5993,3.3072,66.2,
,1.6,3.3083,66.22,
,1.6005,3.3094,66.24,
,1.6003,3.3103,66.26,
,1.5995,3.3113,66.28,
,1.5987,3.3122,66.3,
,1.5983,3.3133,66.32,
,1.5986,3.3143,66.34,
,1.599,3.3153,66.36,
,1.5989,3.3164,66.38,
,1.5991,3.3174,66.4,
,1.599,3.3184,66.42,
,1.5983,3.3193,66.44,
,1.5974,3.3202,66.46,
,1.5971,3.3212,66.48,
,1.5969,3.3221,66.5,
,1.5969,3.3231,66.52,
,1.5978,3.3242,66.54,
,1.5987,3.3252,66.56,
,1.5985,3.3262,66.58,
,1.5981,3.3272,66.6,
,1.5975,3.3281,66.62,
,1.597,3.3291,66.64,
,1.597,3.3301,66.66,
,1.5971,3.3311,66.68,
,1.5973,3.3322,66.7,
,1.5976,3.3333,66.72,
,1.5981,3.3343,66.74,
,1.5981,3.3353,66.76,
,1.5973,3.3362,66.78,
,1.5963,3.3372,66.8,
,1.5961,3.3382,66.82,
,1.5963,3.3392,66.84,
,1.5968,3.3403,66.86,
,1.5974,3.3413,66.88,
,1.5972,3.3423,66.9,
,1.5967,3.3434,66.92,
,1.5966,3.3444,66.94,
,1.5964,3.3453,66.96,
,1.5956,3.3462,66.98,
,1.5953,3.3473,67,
,1.5957,3.3484,67.02,
,1.5962,3.3494,67.04,
,1.5962,3.3504,67.06,
,1.5958,3.3513,67.08,
,1.595,3.3522,67.1,
,1.5945,3.3532,67.12,
,1.5945,3.3542,67.14,
,1.5948,3.3552,67.16,
,1.5947,3.3561,67.18,
,1.5948,3.3572,67.2,
,1.5952,3.3582,67.22,
,1.5951,3.3592,67.24,
,1.5947,3.3601,67.26,
,1.5944,3.3611,67.28,
,1.5941,3.3621,67.3,
,1.594,3.3631,67.32,
,1.5944,3.3642,67.34,
,1.5949,3.3652,67.36,
,1.5947,3.3662,67.38,
,1.5943,3.3672,67.4,
,1.5943,3.3682,67.42,
,1.5942,3.3692,67.44,
,1.594,3.3703,67.46,
,1.5943,3.3713,67.48,
,1.5943,3.3723,67.5,
,1.5942,3.3734,67.52,
,1.5942,3.3744,67.54,
,1.5939,3.3754,67.56,
,1.5931,3.3763,67.58,
,1.5925,3.3773,67.6,
,1.5923,3.3783,67.62,
,1.5924,3.3793,67.64,
,1.5927,3.3803,67.66,
,1.5929,3.3813,67.68,
,1.5926,3.3822,67.7,
,1.5918,3.3832,67.72,
,1.5916,3.3842,67.74,
,1.5918,3.3851,67.76,
,1.5916,3.386,67.78,
,1.5915,3.3871,67.8,
,1.592,3.3882,67.82,
,1.5926,3.3892,67.84,
,1.5927,3.3902,67.86,
,1.5923,3.3912,67.88,
,1.5915,3.3921,67.9,
,1.5907,3.3931,67.92,
,1.5907,3.3941,67.94,
,1.5914,3.3952,67.96,
,1.5916,3.3962,67.98,
,1.5916,3.3973,68,
,1.5919,3.3983,68.02,
,1.5915,3.3992,68.04,
,1.5909,3.4002,68.06,
,1.5905,3.4012,68.08,
,1.5901,3.4022,68.1,
,1.5899,3.4032,68.12,
,1.5904,3.4043,68.14,
,1.5915,3.4054,68.16,
,1.5917,3.4064,68.18,
,1.5909,3.4074,68.2,
,1.5901,3.4083,68.22,
,1.5893,3.4093,68.24,
,1.5888,3.4103,68.26,
,1.5889,3.4113,68.28,
,1.5891,3.4122,68.3,
,1.5891,3.4133,68.32,
,1.5895,3.4143,68.34,
,1.5898,3.4153,68.36,
,1.5893,3.4162,68.38,
,1.5883,3.4171,68.4,
,1.5879,3.4181,68.42,
,1.588,3.4191,68.44,
,1.5883,3.4201,68.46,
,1.5888,3.4212,68.48,
,1.589,3.4222,68.5,
,1.5888,3.4232,68.52,
,1.5886,3.4242,68.54,
,1.5885,3.4252,68.56,
,1.5881,3.4261,68.58,
,1.5875,3.4271,68.6,
,1.5877,3.4282,68.62,
,1.5884,3.4293,68.64,
,1.5888,3.4304,68.66,
,1.5887,3.4314,68.68,
,1.5881,3.4323,68.7,
,1.5873,3.4333,68.72,
,1.5871,3.4344,68.74,
,1.5872,3.4354,68.76,
,1.5869,3.4363,68.78,
,1.5867,3.4374,68.8,
,1.5868,3.4384,68.82,
,1.5866,3.4393,68.84,
,1.5861,3.4403,68.86,
,1.5857,3.4412,68.88,
,1.5853,3.4422,68.9,
,1.5849,3.4431,68.92,
,1.585,3.4442,68.94,
,1.5857,3.4452,68.96,
,1.586,3.4462,68.98,
,1.5857,3.4472,69,
,1.5855,3.4482,69.02,
,1.5852,3.4491,69.04,
,1.585,3.4501,69.06,
,1.5849,3.4511,69.08,
,1.5851,3.4521,69.1,
,1.5849,3.4531,69.12,
,1.5849,3.4542,69.14,
,1.5852,3.4552,69.16,
,1.5851,3.4562,69.18,
,1.5843,3.4571,69.2,
,1.5839,3.4582,69.22,
,1.584,3.4592,69.24,
,1.5843,3.4603,69.26,
,1.5847,3.4613,69.28,
,1.5846,3.4623,69.3,
,1.5839,3.4633,69.32,
,1.5837,3.4644,69.34,
,1.5839,3.4654,69.36,
,1.5836,3.4663,69.38,
,1.583,3.4673,69.4,
,1.5831,3.4684,69.42,
,1.5833,3.4694,69.44,
,1.5833,3.4704,69.46,
,1.5827,3.4713,69.48,
,1.5817,3.4722,69.5,
,1.5808,3.4731,69.52,
,1.5806,3.4741,69.54,
,1.5812,3.4752,69.56,
,1.5818,3.4761,69.58,
,1.582,3.4772,69.6,
,1.5823,3.4783,69.62,
,1.5824,3.4792,69.64,
,1.5819,3.4802,69.66,
,1.5811,3.4811,69.68,
,1.5806,3.4821,69.7,
,1.5802,3.483,69.72,
,1.5802,3.4841,69.74,
,1.5811,3.4852,69.76,
,1.5816,3.4862,69.78,
,1.5813,3.4872,69.8,
,1.5808,3.4882,69.82,
,1.5802,3.4892,69.84,
,1.5799,3.4902,69.86,
,1.58,3.4912,69.88,
,1.5802,3.4923,69.9,
,1.5803,3.4933,69.92,
,1.5805,3.4944,69.94,
,1.5807,3.4954,69.96,
,1.5802,3.4963,69.98,
,1.5789,3.4973,70,
,1.578,3.4982,70.02,
,1.5778,3.4992,70.04,
,1.578,3.5002,70.06,
,1.5785,3.5013,70.08,
,1.5788,3.5022,70.1,
,1.5785,3.5032,70.12,
,1.578,3.5042,70.14,
,1.578,3.5052,70.16,
,1.5778,3.5061,70.18,
,1.5772,3.507,70.2,
,1.577,3.5081,70.22,
,1.5776,3.5092,70.24,
,1.5781,3.5102,70.26,
,1.5781,3.5112,70.28,
,1.5777,3.5122,70.3,
,1.577,3.5131,70.32,
,1.5766,3.5142,70.34,
,1.5767,3.5152,70.36,
,1.5767,3.5162,70.38,
,1.5766,3.5172,70.4,
,1.5767,3.5183,70.42,
,1.5769,3.5193,70.44,
,1.5766,3.5203,70.46,
,1.5761,3.5213,70.48,
,1.5757,3.5223,70.5,
,1.5752,3.5232,70.52,
,1.575,3.5243,70.54,
,1.5756,3.5254,70.56,
,1.5761,3.5264,70.58,
,1.5756,3.5274,70.6,
,1.575,3.5283,70.62,
,1.5744,3.5293,70.64,
,1.5738,3.5302,70.66,
,1.5736,3.5312,70.68,
,1.5738,3.5322,70.7,
,1.5737,3.5332,70.72,
,1.5737,3.5342,70.74,
,1.5739,3.5352,70.76,
,1.5739,3.5362,70.78,
,1.5731,3.5371,70.8,
,1.5725,3.5381,70.82,
,1.5725,3.5391,70.84,
,1.5728,3.5401,70.86,
,1.5732,3.5412,70.88,
,1.5734,3.5422,70.9,
,1.573,3.5431,70.92,
,1.5723,3.5442,70.94,
,1.5723,3.5452,70.96,
,1.5722,3.5461,70.98,
,1.5717,3.5471,71,
,1.5716,3.5482,71.02,
,1.5722,3.5493,71.04,
,1.5726,3.5503,71.06,
,1.5726,3.5514,71.08,
,1.5719,3.5523,71.1,
,1.571,3.5533,71.12,
,1.5703,3.5543,71.14,
,1.5705,3.5554,71.16,
,1.5708,3.5563,71.18,
,1.5706,3.5574,71.2,
,1.5707,3.5584,71.22,
,1.5705,3.5594,71.24,
,1.5696,3.5603,71.26,
,1.5688,3.5612,71.28,
,1.5684,3.5622,71.3,
,1.5682,3.5631,71.32,
,1.5682,3.5641,71.34,
,1.5689,3.5652,71.36,
,1.5696,3.5662,71.38,
,1.5695,3.5672,71.4,
,1.569,3.5682,71.42,
,1.5685,3.5692,71.44,
,1.568,3.5701,71.46,
,1.5678,3.5712,71.48,
,1.568,3.5722,71.5,
,1.568,3.5732,71.52,
,1.5679,3.5742,71.54,
,1.5681,3.5753,71.56,
,1.568,3.5762,71.58,
,1.5672,3.5771,71.6,
,1.5662,3.5781,71.62,
,1.566,3.5791,71.64,
,1.5661,3.5802,71.66,
,1.5667,3.5813,71.68,
,1.5672,3.5823,71.7,
,1.5669,3.5833,71.72,
,1.5662,3.5843,71.74,
,1.566,3.5854,71.76,
,1.5659,3.5863,71.78,
,1.5652,3.5872,71.8,
,1.5647,3.5883,71.82,
,1.5649,3.5894,71.84,
,1.5653,3.5904,71.86,
,1.5653,3.5914,71.88,
,1.5648,3.5923,71.9,
,1.5637,3.5932,71.92,
,1.5629,3.5942,71.94,
,1.563,3.5952,71.96,
,1.5634,3.5962,71.98,
,1.5633,3.5972,72,
,1.5634,3.5982,72.02,
,1.5637,3.5992,72.04,
,1.5635,3.6002,72.06,
,1.5629,3.6012,72.08,
,1.5624,3.6021,72.1,
,1.562,3.6031,72.12,
,1.5617,3.6041,72.14,
,1.5622,3.6052,72.16,
,1.5628,3.6062,72.18,
,1.5627,3.6072,72.2,
,1.5622,3.6082,72.22,
,1.5618,3.6092,72.24,
,1.5615,3.6102,72.26,
,1.5613,3.6112,72.28,
,1.5613,3.6123,72.3,
,1.5613,3.6133,72.32,
,1.5611,3.6144,72.34,
,1.5612,3.6155,72.36,
,1.5611,3.6164,72.38,
,1.5602,3.6173,72.4,
,1.5593,3.6183,72.42,
,1.559,3.6193,72.44,
,1.5588,3.6202,72.46,
,1.5588,3.6213,72.48,
,1.5591,3.6223,72.5,
,1.559,3.6232,72.52,
,1.5582,3.6242,72.54,
,1.5579,3.6252,72.56,
,1.5579,3.6261,72.58,
,1.5576,3.627,72.6,
,1.5572,3.6281,72.62,
,1.5575,3.6291,72.64,
,1.5581,3.6302,72.66,
,1.5583,3.6312,72.68,
,1.558,3.6322,72.7,
,1.5573,3.6331,72.72,
,1.5564,3.6341,72.74,
,1.5561,3.6352,72.76,
,1.5565,3.6362,72.78,
,1.5565,3.6371,72.8,
,1.5564,3.6382,72.82,
,1.5565,3.6393,72.84,
,1.5564,3.6403,72.86,
,1.556,3.6413,72.88,
,1.5554,3.6423,72.9,
,1.5549,3.6432,72.92,
,1.5544,3.6442,72.94,
,1.5545,3.6454,72.96,
,1.5553,3.6464,72.98,
,1.5553,3.6474,73,
,1.5546,3.6484,73.02,
,1.554,3.6494,73.04,
,1.5533,3.6503,73.06,
,1.5527,3.6513,73.08,
,1.5525,3.6523,73.1,
,1.5525,3.6532,73.12,
,1.5525,3.6543,73.14,
,1.5527,3.6553,73.16,
,1.5529,3.6563,73.18,
,1.5523,3.6572,73.2,
,1.5514,3.6581,73.22,
,1.5511,3.6591,73.24,
,1.5511,3.6601,73.26,
,1.5512,3.6611,73.28,
,1.5515,3.6622,73.3,
,1.5516,3.6632,73.32,
,1.5511,3.6641,73.34,
,1.5507,3.6652,73.36,
,1.5506,3.6662,73.38,
,1.5504,3.6671,73.4,
,1.5497,3.6681,73.42,
,1.5497,3.6692,73.44,
,1.5503,3.6703,73.46,
,1.5505,3.6713,73.48,
,1.5502,3.6723,73.5,
,1.5495,3.6733,73.52,
,1.5485,3.6742,73.54,
,1.5482,3.6753,73.56,
,1.5485,3.6763,73.58,
,1.5483,3.6773,73.6,
,1.548,3.6784,73.62,
,1.548,3.6794,73.64,
,1.5476,3.6803,73.66,
,1.5469,3.6813,73.68,
,1.5462,3.6822,73.7,
,1.5458,3.6831,73.72,
,1.5455,3.6841,73.74,
,1.5456,3.6852,73.76,
,1.5463,3.6862,73.78,
,1.5466,3.6872,73.8,
,1.5461,3.6882,73.82,
,1.5456,3.6892,73.84,
,1.5453,3.6901,73.86,
,1.5448,3.6911,73.88,
,1.5447,3.6921,73.9,
,1.5447,3.6932,73.92,
,1.5446,3.6942,73.94,
,1.5448,3.6953,73.96,
,1.545,3.6963,73.98,
,1.5443,3.6972,74,
,1.5431,3.6981,74.02,
,1.5427,3.6991,74.04,
,1.5428,3.7002,74.06,
,1.5432,3.7012,74.08,
,1.5436,3.7024,74.1,
,1.5438,3.7034,74.12,
,1.5432,3.7044,74.14,
,1.5425,3.7054,74.16,
,1.542,3.7064,74.18,
,1.5413,3.7073,74.2,
,1.5405,3.7083,74.22,
,1.5404,3.7093,74.24,
,1.5407,3.7104,74.26,
,1.5409,3.7114,74.28,
,1.5407,3.7123,74.3,
,1.54,3.7132,74.32,
,1.539,3.7141,74.34,
,1.5385,3.7151,74.36,
,1.5386,3.7161,74.38,
,1.5388,3.7171,74.4,
,1.5387,3.7181,74.42,
,1.5389,3.7192,74.44,
,1.5391,3.7202,74.46,
,1.5388,3.7212,74.48,
,1.5381,3.7221,74.5,
,1.5374,3.7231,74.52,
,1.5369,3.724,74.54,
,1.5366,3.7251,74.56,
,1.5372,3.7262,74.58,
,1.5376,3.7272,74.6,
,1.5373,3.7282,74.62,
,1.5369,3.7292,74.64,
,1.5365,3.7302,74.66,
,1.536,3.7312,74.68,
,1.5358,3.7323,74.7,
,1.5358,3.7333,74.72,
,1.5357,3.7344,74.74,
,1.5355,3.7355,74.76,
,1.5355,3.7365,74.78,
,1.5348,3.7374,74.8,
,1.5337,3.7383,74.82,
,1.533,3.7393,74.84,
,1.5327,3.7403,74.86,
,1.5328,3.7413,74.88,
,1.533,3.7423,74.9,
,1.5331,3.7433,74.92,
,1.5325,3.7442,74.94,
,1.5319,3.7452,74.96,
,1.5318,3.7462,74.98,
,1.5315,3.7471,75,
,1.5309,3.7481,75.02,
,1.5307,3.7491,75.04,
,1.5311,3.7502,75.06,
,1.5316,3.7512,75.08,
,1.5315,3.7522,75.1,
,1.5309,3.7532,75.12,
,1.5299,3.7541,75.14,
,1.5293,3.7551,75.16,
,1.5295,3.7562,75.18,
,1.5298,3.7572,75.2,
,1.5296,3.7582,75.22,
,1.5294,3.7593,75.24,
,1.5294,3.7603,75.26,
,1.5289,3.7612,75.28,
,1.5282,3.7622,75.3,
,1.5276,3.7632,75.32,
,1.5271,3.7642,75.34,
,1.527,3.7653,75.36,
,1.5277,3.7664,75.38,
,1.5281,3.7674,75.4,
,1.5274,3.7684,75.42,
,1.5264,3.7693,75.44,
,1.5256,3.7703,75.46,
,1.525,3.7712,75.48,
,1.5247,3.7722,75.5,
,1.5248,3.7732,75.52,
,1.5248,3.7742,75.54,
,1.5249,3.7753,75.56,
,1.5251,3.7763,75.58,
,1.5246,3.7772,75.6,
,1.5235,3.7782,75.62,
,1.5227,3.7791,75.64,
,1.5226,3.7801,75.66,
,1.5227,3.7811,75.68,
,1.5229,3.7822,75.7,
,1.5231,3.7832,75.72,
,1.5228,3.7842,75.74,
,1.5221,3.7852,75.76,
,1.5218,3.7862,75.78,
,1.5215,3.7871,75.8,
,1.5208,3.7881,75.82,
,1.5204,3.7892,75.84,
,1.5208,3.7902,75.86,
,1.5212,3.7913,75.88,
,1.5213,3.7924,75.9,
,1.5209,3.7934,75.92,
,1.5198,3.7943,75.94,
,1.5189,3.7953,75.96,
,1.5188,3.7964,75.98,
,1.5189,3.7973,76,
,1.5185,3.7983,76.02,
,1.5183,3.7994,76.04,
,1.5182,3.8003,76.06,
,1.5177,3.8013,76.08,
,1.517,3.8022,76.1,
,1.5163,3.8032,76.12,
,1.5156,3.8041,76.14,
,1.5154,3.8051,76.16,
,1.5158,3.8062,76.18,
,1.5165,3.8072,76.2,
,1.5162,3.8081,76.22,
,1.5155,3.8092,76.24,
,1.5152,3.8101,76.26,
,1.5147,3.8111,76.28,
,1.5144,3.8121,76.3,
,1.5143,3.8132,76.32,
,1.5142,3.8141,76.34,
,1.514,3.8152,76.36,
,1.5139,3.8163,76.38,
,1.5137,3.8172,76.4,
,1.5127,3.8181,76.42,
,1.5119,3.8191,76.44,
,1.5118,3.8202,76.46,
,1.5119,3.8212,76.48,
,1.5121,3.8223,76.5,
,1.5123,3.8233,76.52,
,1.512,3.8243,76.54,
,1.5111,3.8253,76.56,
,1.5106,3.8264,76.58,
,1.5105,3.8273,76.6,
,1.5099,3.8283,76.62,
,1.5093,3.8293,76.64,
,1.5093,3.8304,76.66,
,1.5094,3.8314,76.68,
,1.5091,3.8324,76.7,
,1.5086,3.8333,76.72,
,1.5076,3.8342,76.74,
,1.5066,3.8352,76.76,
,1.5066,3.8362,76.78,
,1.507,3.8372,76.8,
,1.5068,3.8381,76.82,
,1.5066,3.8392,76.84,
,1.5067,3.8402,76.86,
,1.5065,3.8412,76.88,
,1.5058,3.8421,76.9,
,1.505,3.8431,76.92,
,1.5045,3.844,76.94,
,1.5042,3.845,76.96,
,1.5045,3.8462,76.98,
,1.5051,3.8472,77,
,1.5049,3.8482,77.02,
,1.5041,3.8492,77.04,
,1.5036,3.8502,77.06,
,1.503,3.8512,77.08,
,1.5025,3.8522,77.1,
,1.5024,3.8533,77.12,
,1.5025,3.8543,77.14,
,1.5023,3.8553,77.16,
,1.5023,3.8564,77.18,
,1.5021,3.8574,77.2,
,1.501,3.8583,77.22,
,1.5,3.8593,77.24,
,1.4995,3.8602,77.26,
,1.4991,3.8612,77.28,
,1.499,3.8622,77.3,
,1.4993,3.8633,77.32,
,1.4993,3.8642,77.34,
,1.4986,3.8652,77.36,
,1.4981,3.8662,77.38,
,1.4978,3.8672,77.4,
,1.4973,3.8681,77.42,
,1.4967,3.8691,77.44,
,1.4967,3.8702,77.46,
,1.4971,3.8712,77.48,
,1.4972,3.8722,77.5,
,1.497,3.8732,77.52,
,1.4962,3.8742,77.54,
,1.4951,3.8751,77.56,
,1.4945,3.8762,77.58,
,1.4947,3.8772,77.6,
,1.4946,3.8781,77.62,
,1.4943,3.8792,77.64,
,1.4943,3.8803,77.66,
,1.4942,3.8813,77.68,
,1.4937,3.8823,77.7,
,1.4931,3.8833,77.72,
,1.4925,3.8842,77.74,
,1.4919,3.8852,77.76,
,1.492,3.8863,77.78,
,1.4925,3.8874,77.8,
,1.4923,3.8884,77.82,
,1.4913,3.8894,77.84,
,1.4906,3.8903,77.86,
,1.49,3.8913,77.88,
,1.4894,3.8923,77.9,
,1.489,3.8932,77.92,
,1.4888,3.8942,77.94,
,1.4885,3.8952,77.96,
,1.4886,3.8963,77.98,
,1.4886,3.8972,78,
,1.4879,3.8981,78.02,
,1.4869,3.8991,78.04,
,1.4865,3.9001,78.06,
,1.4864,3.9011,78.08,
,1.4863,3.9021,78.1,
,1.4864,3.9032,78.12,
,1.4864,3.9042,78.14,
,1.4858,3.9051,78.16,
,1.4852,3.9061,78.18,
,1.4851,3.9072,78.2,
,1.4847,3.9081,78.22,
,1.4839,3.9091,78.24,
,1.4837,3.9102,78.26,
,1.4841,3.9113,78.28,
,1.4842,3.9123,78.3,
,1.4839,3.9134,78.32,
,1.4831,3.9143,78.34,
,1.4819,3.9152,78.36,
,1.4814,3.9163,78.38,
,1.4815,3.9174,78.4,
,1.4814,3.9183,78.42,
,1.4809,3.9194,78.44,
,1.4807,3.9204,78.46,
,1.4802,3.9213,78.48,
,1.4795,3.9223,78.5,
,1.4787,3.9232,78.52,
,1.4782,3.9241,78.54,
,1.4777,3.9251,78.56,
,1.4776,3.9261,78.58,
,1.4781,3.9272,78.6,
,1.4784,3.9282,78.62,
,1.4778,3.9292,78.64,
,1.4772,3.9302,78.66,
,1.4766,3.9311,78.68,
,1.476,3.9321,78.7,
,1.4757,3.9331,78.72,
,1.4757,3.9341,78.74,
,1.4754,3.9352,78.76,
,1.4753,3.9362,78.78,
,1.4752,3.9373,78.8,
,1.4745,3.9382,78.82,
,1.4733,3.9391,78.84,
,1.4726,3.9401,78.86,
,1.4725,3.9411,78.88,
,1.4726,3.9422,78.9,
,1.4729,3.9433,78.92,
,1.4729,3.9443,78.94,
,1.4722,3.9453,78.96,
,1.4714,3.9463,78.98,
,1.4711,3.9473,79,
,1.4707,3.9483,79.02,
,1.4697,3.9492,79.04,
,1.4692,3.9503,79.06,
,1.4694,3.9513,79.08,
,1.4694,3.9524,79.1,
,1.469,3.9533,79.12,
,1.4681,3.9542,79.14,
,1.467,3.9552,79.16,
,1.4664,3.9562,79.18,
,1.4665,3.9572,79.2,
,1.4665,3.9581,79.22,
,1.4661,3.9592,79.24,
,1.466,3.9602,79.26,
,1.466,3.9612,79.28,
,1.4655,3.9622,79.3,
,1.4646,3.9631,79.32,
,1.4639,3.9641,79.34,
,1.4634,3.965,79.36,
,1.4632,3.9661,79.38,
,1.4636,3.9672,79.4,
,1.4639,3.9682,79.42,
,1.4634,3.9692,79.44,
,1.4626,3.9702,79.46,
,1.4622,3.9712,79.48,
,1.4615,3.9722,79.5,
,1.461,3.9733,79.52,
,1.461,3.9743,79.54,
,1.4606,3.9753,79.56,
,1.4603,3.9764,79.58,
,1.4602,3.9774,79.6,
,1.4596,3.9784,79.62,
,1.4583,3.9793,79.64,
,1.4574,3.9803,79.66,
,1.457,3.9812,79.68,
,1.4568,3.9822,79.7,
,1.4568,3.9833,79.72,
,1.4567,3.9842,79.74,
,1.4562,3.9852,79.76,
,1.4554,3.9861,79.78,
,1.4551,3.9872,79.8,
,1.4549,3.9881,79.82,
,1.4543,3.989,79.84,
,1.4538,3.9901,79.86,
,1.4541,3.9912,79.88,
,1.4543,3.9922,79.9,
,1.4539,3.9932,79.92,
,1.4531,3.9941,79.94,
,1.4521,3.9951,79.96,
,1.4513,3.9961,79.98,
,1.4512,3.9972,80,
,1.4513,3.9981,80.02,
,1.4509,3.9992,80.04,
,1.4507,4.0003,80.06,
,1.4508,4.0013,80.08,
,1.4503,4.0023,80.1,
,1.4494,4.0033,80.12,
,1.4488,4.0042,80.14,
,1.448,4.0052,80.16,
,1.4477,4.0063,80.18,
,1.4479,4.0074,80.2,
,1.4481,4.0084,80.22,
,1.4474,4.0094,80.24,
,1.4465,4.0104,80.26,
,1.4456,4.0113,80.28,
,1.4448,4.0123,80.3,
,1.4443,4.0133,80.32,
,1.4441,4.0142,80.34,
,1.4438,4.0152,80.36,
,1.4435,4.0163,80.38,
,1.4436,4.0173,80.4,
,1.4433,4.0182,80.42,
,1.4421,4.0191,80.44,
,1.4413,4.0201,80.46,
,1.4411,4.0211,80.48,
,1.441,4.0221,80.5,
,1.4411,4.0232,80.52,
,1.4411,4.0242,80.54,
,1.4406,4.0251,80.56,
,1.4395,4.0261,80.58,
,1.439,4.0272,80.6,
,1.4387,4.0281,80.62,
,1.438,4.0291,80.64,
,1.4376,4.0301,80.66,
,1.4378,4.0312,80.68,
,1.4381,4.0323,80.7,
,1.438,4.0334,80.72,
,1.4372,4.0343,80.74,
,1.4358,4.0353,80.76,
,1.4348,4.0363,80.78,
,1.4346,4.0373,80.8,
,1.4346,4.0383,80.82,
,1.4342,4.0393,80.84,
,1.4339,4.0404,80.86,
,1.4337,4.0414,80.88,
,1.4329,4.0423,80.9,
,1.4318,4.0432,80.92,
,1.4309,4.0442,80.94,
,1.4303,4.0451,80.96,
,1.4299,4.0461,80.98,
,1.4302,4.0472,81,
,1.4306,4.0482,81.02,
,1.4303,4.0492,81.04,
,1.4296,4.0502,81.06,
,1.4289,4.0512,81.08,
,1.4282,4.0521,81.1,
,1.4276,4.0531,81.12,
,1.4274,4.0541,81.14,
,1.4272,4.0551,81.16,
,1.4269,4.0562,81.18,
,1.4269,4.0573,81.2,
,1.4267,4.0582,81.22,
,1.4256,4.0592,81.24,
,1.4245,4.0602,81.26,
,1.4239,4.0612,81.28,
,1.4237,4.0622,81.3,
,1.4238,4.0633,81.32,
,1.4238,4.0643,81.34,
,1.4234,4.0653,81.36,
,1.4225,4.0663,81.38,
,1.4218,4.0674,81.4,
,1.4215,4.0683,81.42,
,1.4206,4.0692,81.44,
,1.4196,4.0703,81.46,
,1.4195,4.0713,81.48,
,1.4196,4.0723,81.5,
,1.4193,4.0733,81.52,
,1.4186,4.0743,81.54,
,1.4176,4.0752,81.56,
,1.4166,4.0761,81.58,
,1.4163,4.0772,81.6,
,1.4164,4.0781,81.62,
,1.4161,4.0791,81.64,
,1.4157,4.0802,81.66,
,1.4157,4.0812,81.68,
,1.4153,4.0822,81.7,
,1.4143,4.0831,81.72,
,1.4136,4.0841,81.74,
,1.4131,4.0851,81.76,
,1.4126,4.0861,81.78,
,1.4124,4.0872,81.8,
,1.4128,4.0882,81.82,
,1.4125,4.0892,81.84,
,1.4116,4.0902,81.86,
,1.4108,4.0912,81.88,
,1.4101,4.0922,81.9,
,1.4096,4.0932,81.92,
,1.4094,4.0943,81.94,
,1.4093,4.0953,81.96,
,1.4088,4.0964,81.98,
,1.4085,4.0975,82,
,1.4082,4.0984,82.02,
,1.4069,4.0993,82.04,
,1.4057,4.1003,82.06,
,1.4051,4.1013,82.08,
,1.4047,4.1023,82.1,
,1.4047,4.1033,82.12,
,1.4047,4.1043,82.14,
,1.4041,4.1052,82.16,
,1.403,4.1062,82.18,
,1.4022,4.1072,82.2,
,1.402,4.1081,82.22,
,1.4015,4.109,82.24,
,1.4008,4.11,82.26,
,1.4008,4.1111,82.28,
,1.4011,4.1122,82.3,
,1.4009,4.1132,82.32,
,1.4003,4.1142,82.34,
,1.3992,4.1151,82.36,
,1.398,4.1161,82.38,
,1.3975,4.1171,82.4,
,1.3975,4.1181,82.42,
,1.3974,4.1191,82.44,
,1.3969,4.1202,82.46,
,1.3967,4.1213,82.48,
,1.3965,4.1222,82.5,
,1.3956,4.1232,82.52,
,1.3946,4.1242,82.54,
,1.3938,4.1252,82.56,
,1.3931,4.1262,82.58,
,1.393,4.1273,82.6,
,1.3935,4.1284,82.62,
,1.3933,4.1294,82.64,
,1.3923,4.1304,82.66,
,1.3912,4.1313,82.68,
,1.3901,4.1323,82.7,
,1.3893,4.1332,82.72,
,1.389,4.1342,82.74,
,1.3888,4.1352,82.76,
,1.3884,4.1362,82.78,
,1.3881,4.1373,82.8,
,1.3881,4.1383,82.82,
,1.3873,4.1392,82.84,
,1.3859,4.1401,82.86,
,1.3851,4.1411,82.88,
,1.3848,4.1421,82.9,
,1.3846,4.1431,82.92,
,1.3847,4.1442,82.94,
,1.3845,4.1452,82.96,
,1.3838,4.1461,82.98,
,1.3831,4.1472,83,
,1.3828,4.1482,83.02,
,1.3822,4.1491,83.04,
,1.3811,4.1501,83.06,
,1.3806,4.1512,83.08,
,1.3807,4.1523,83.1,
,1.3806,4.1533,83.12,
,1.3802,4.1543,83.14,
,1.3794,4.1553,83.16,
,1.3783,4.1563,83.18,
,1.3775,4.1573,83.2,
,1.3773,4.1584,83.22,
,1.3768,4.1593,83.24,
,1.3761,4.1604,83.26,
,1.3757,4.1614,83.28,
,1.375,4.1623,83.3,
,1.3742,4.1633,83.32,
,1.3734,4.1642,83.34,
,1.3727,4.1652,83.36,
,1.3719,4.1661,83.38,
,1.3715,4.1671,83.4,
,1.3716,4.1682,83.42,
,1.3716,4.1692,83.44,
,1.371,4.1702,83.46,
,1.3703,4.1712,83.48,
,1.3697,4.1721,83.5,
,1.369,4.1731,83.52,
,1.3685,4.1742,83.54,
,1.3682,4.1752,83.56,
,1.3676,4.1762,83.58,
,1.3671,4.1773,83.6,
,1.367,4.1783,83.62,
,1.3664,4.1792,83.64,
,1.3651,4.1802,83.66,
,1.3643,4.1812,83.68,
,1.364,4.1822,83.7,
,1.3638,4.1833,83.72,
,1.3637,4.1844,83.74,
,1.3632,4.1853,83.76,
,1.3621,4.1863,83.78,
,1.3611,4.1873,83.8,
,1.3608,4.1884,83.82,
,1.3602,4.1893,83.84,
,1.3593,4.1903,83.86,
,1.359,4.1914,83.88,
,1.359,4.1924,83.9,
,1.3586,4.1934,83.92,
,1.3576,4.1944,83.94,
,1.3564,4.1953,83.96,
,1.3552,4.1962,83.98,
,1.3545,4.1972,84,
,1.3545,4.1982,84.02,
,1.3545,4.1991,84.04,
,1.3541,4.2002,84.06,
,1.3538,4.2013,84.08,
,1.3535,4.2022,84.1,
,1.3526,4.2032,84.12,
,1.3514,4.2041,84.14,
,1.3504,4.2051,84.16,
,1.3496,4.206,84.18,
,1.3493,4.207,84.2,
,1.3495,4.2082,84.22,
,1.3497,4.2092,84.24,
,1.3491,4.2102,84.26,
,1.3482,4.2112,84.28,
,1.3473,4.2122,84.3,
,1.3464,4.2132,84.32,
,1.3458,4.2142,84.34,
,1.3456,4.2153,84.36,
,1.3453,4.2163,84.38,
,1.3448,4.2174,84.4,
,1.3446,4.2185,84.42,
,1.3436,4.2194,84.44,
,1.3421,4.2203,84.46,
,1.3409,4.2213,84.48,
,1.3401,4.2222,84.5,
,1.3398,4.2232,84.52,
,1.3397,4.2243,84.54,
,1.3396,4.2253,84.56,
,1.3389,4.2262,84.58,
,1.338,4.2272,84.6,
,1.3375,4.2282,84.62,
,1.3369,4.2291,84.64,
,1.3356,4.2301,84.66,
,1.3349,4.2311,84.68,
,1.3349,4.2322,84.7,
,1.3351,4.2332,84.72,
,1.3348,4.2342,84.74,
,1.3341,4.2352,84.76,
,1.3329,4.2362,84.78,
,1.3319,4.2372,84.8,
,1.3316,4.2382,84.82,
,1.3312,4.2392,84.84,
,1.3304,4.2402,84.86,
,1.3298,4.2413,84.88,
,1.3295,4.2423,84.9,
,1.3288,4.2433,84.92,
,1.3281,4.2443,84.94,
,1.3273,4.2453,84.96,
,1.3263,4.2462,84.98,
,1.3257,4.2473,85,
,1.3256,4.2484,85.02,
,1.3255,4.2494,85.04,
,1.3246,4.2504,85.06,
,1.3235,4.2514,85.08,
,1.3226,4.2523,85.1,
,1.3218,4.2533,85.12,
,1.3212,4.2543,85.14,
,1.3207,4.2553,85.16,
,1.3201,4.2562,85.18,
,1.3194,4.2573,85.2,
,1.319,4.2583,85.22,
,1.3183,4.2592,85.24,
,1.3172,4.2601,85.26,
,1.3162,4.2611,85.28,
,1.316,4.2621,85.3,
,1.3157,4.2631,85.32,
,1.3156,4.2642,85.34,
,1.3152,4.2652,85.36,
,1.3142,4.2661,85.38,
,1.3131,4.2671,85.4,
,1.3124,4.2681,85.42,
,1.3122,4.2691,85.44,
,1.3115,4.2701,85.46,
,1.3108,4.2712,85.48,
,1.3106,4.2723,85.5,
,1.3106,4.2734,85.52,
,1.31,4.2744,85.54,
,1.3087,4.2753,85.56,
,1.3071,4.2762,85.58,
,1.3059,4.2772,85.6,
,1.3057,4.2783,85.62,
,1.3058,4.2793,85.64,
,1.3052,4.2804,85.66,
,1.3047,4.2814,85.68,
,1.3041,4.2824,85.7,
,1.3029,4.2833,85.72,
,1.3014,4.2842,85.74,
,1.3003,4.2851,85.76,
,1.2996,4.2861,85.78,
,1.2992,4.2871,85.8,
,1.2992,4.2882,85.82,
,1.2995,4.2892,85.84,
,1.2991,4.2902,85.86,
,1.2981,4.2912,85.88,
,1.297,4.2921,85.9,
,1.2958,4.2931,85.92,
,1.2948,4.2941,85.94,
,1.2944,4.2951,85.96,
,1.2942,4.2961,85.98,
,1.2938,4.2972,86,
,1.2935,4.2983,86.02,
,1.2931,4.2992,86.04,
,1.2917,4.3001,86.06,
,1.2903,4.3011,86.08,
,1.2895,4.3021,86.1,
,1.2892,4.3032,86.12,
,1.289,4.3043,86.14,
,1.2889,4.3053,86.16,
,1.2882,4.3063,86.18,
,1.2871,4.3073,86.2,
,1.2862,4.3084,86.22,
,1.2856,4.3094,86.24,
,1.2843,4.3103,86.26,
,1.2831,4.3113,86.28,
,1.2829,4.3123,86.3,
,1.2826,4.3134,86.32,
,1.2821,4.3144,86.34,
,1.2812,4.3153,86.36,
,1.28,4.3162,86.38,
,1.2788,4.3172,86.4,
,1.2783,4.3182,86.42,
,1.2778,4.3192,86.44,
,1.2771,4.3201,86.46,
,1.2765,4.3212,86.48,
,1.2763,4.3222,86.5,
,1.2758,4.3232,86.52,
,1.2748,4.3242,86.54,
,1.2738,4.3252,86.56,
,1.273,4.3261,86.58,
,1.2722,4.3271,86.6,
,1.2717,4.3282,86.62,
,1.2715,4.3292,86.64,
,1.2708,4.3302,86.66,
,1.2697,4.3312,86.68,
,1.2689,4.3322,86.7,
,1.2681,4.3332,86.72,
,1.2674,4.3342,86.74,
,1.2669,4.3353,86.76,
,1.2664,4.3363,86.78,
,1.2656,4.3373,86.8,
,1.2649,4.3384,86.82,
,1.2643,4.3394,86.84,
,1.263,4.3403,86.86,
,1.2617,4.3413,86.88,
,1.2608,4.3423,86.9,
,1.2602,4.3432,86.92,
,1.2598,4.3443,86.94,
,1.2594,4.3453,86.96,
,1.2586,4.3462,86.98,
,1.2573,4.3471,87,
,1.2564,4.3481,87.02,
,1.2559,4.3491,87.04,
,1.2552,4.3501,87.06,
,1.2544,4.3511,87.08,
,1.2541,4.3521,87.1,
,1.254,4.3532,87.12,
,1.2535,4.3542,87.14,
,1.2524,4.3552,87.16,
,1.251,4.3561,87.18,
,1.2497,4.3571,87.2,
,1.249,4.3581,87.22,
,1.2489,4.3592,87.24,
,1.2485,4.3602,87.26,
,1.2478,4.3613,87.28,
,1.2472,4.3623,87.3,
,1.2466,4.3633,87.32,
,1.2453,4.3643,87.34,
,1.244,4.3653,87.36,
,1.243,4.3662,87.38,
,1.2422,4.3673,87.4,
,1.2418,4.3684,87.42,
,1.2418,4.3695,87.44,
,1.2413,4.3704,87.46,
,1.2399,4.3714,87.48,
,1.2385,4.3724,87.5,
,1.2371,4.3733,87.52,
,1.2361,4.3743,87.54,
,1.2356,4.3753,87.56,
,1.2351,4.3762,87.58,
,1.2345,4.3772,87.6,
,1.2341,4.3783,87.62,
,1.2337,4.3793,87.64,
,1.2326,4.3802,87.66,
,1.2311,4.3811,87.68,
,1.23,4.3821,87.7,
,1.2294,4.3831,87.72,
,1.229,4.3841,87.74,
,1.2287,4.3852,87.76,
,1.2281,4.3862,87.78,
,1.2271,4.3871,87.8,
,1.226,4.3882,87.82,
,1.2254,4.3892,87.84,
,1.2245,4.3901,87.86,
,1.2231,4.3911,87.88,
,1.2223,4.3922,87.9,
,1.2222,4.3932,87.92,
,1.2219,4.3943,87.94,
,1.2211,4.3954,87.96,
,1.22,4.3963,87.98,
,1.2184,4.3973,88,
,1.2173,4.3984,88.02,
,1.217,4.3994,88.04,
,1.2162,4.4003,88.06,
,1.2152,4.4014,88.08,
,1.2144,4.4024,88.1,
,1.2136,4.4033,88.12,
,1.2125,4.4043,88.14,
,1.2114,4.4053,88.16,
,1.2104,4.4062,88.18,
,1.2094,4.4071,88.2,
,1.2088,4.4082,88.22,
,1.2085,4.4092,88.24,
,1.2081,4.4102,88.26,
,1.207,4.4112,88.28,
,1.2059,4.4122,88.3,
,1.205,4.4131,88.32,
,1.2041,4.4141,88.34,
,1.2034,4.4151,88.36,
,1.2028,4.4162,88.38,
,1.202,4.4171,88.4,
,1.2011,4.4182,88.42,
,1.2006,4.4193,88.44,
,1.1996,4.4202,88.46,
,1.1981,4.4211,88.48,
,1.197,4.4221,88.5,
,1.1964,4.4232,88.52,
,1.1958,4.4242,88.54,
,1.1954,4.4253,88.56,
,1.1948,4.4263,88.58,
,1.1935,4.4273,88.6,
,1.1921,4.4283,88.62,
,1.1914,4.4294,88.64,
,1.1904,4.4303,88.66,
,1.1892,4.4313,88.68,
,1.1884,4.4324,88.7,
,1.1879,4.4334,88.72,
,1.1872,4.4344,88.74,
,1.1859,4.4354,88.76,
,1.1843,4.4363,88.78,
,1.183,4.4372,88.8,
,1.182,4.4382,88.82,
,1.1817,4.4392,88.84,
,1.1814,4.4402,88.86,
,1.1806,4.4412,88.88,
,1.18,4.4423,88.9,
,1.1793,4.4432,88.92,
,1.1779,4.4442,88.94,
,1.1765,4.4451,88.96,
,1.1754,4.4461,88.98,
,1.1744,4.4471,89,
,1.1737,4.4481,89.02,
,1.1735,4.4492,89.04,
,1.1732,4.4502,89.06,
,1.172,4.4512,89.08,
,1.1707,4.4522,89.1,
,1.1695,4.4532,89.12,
,1.1683,4.4542,89.14,
,1.1674,4.4552,89.16,
,1.1669,4.4563,89.18,
,1.1662,4.4573,89.2,
,1.1652,4.4584,89.22,
,1.1646,4.4595,89.24,
,1.1635,4.4604,89.26,
,1.1617,4.4613,89.28,
,1.1603,4.4623,89.3,
,1.1594,4.4633,89.32,
,1.1586,4.4643,89.34,
,1.1581,4.4653,89.36,
,1.1574,4.4663,89.38,
,1.1562,4.4672,89.4,
,1.1548,4.4682,89.42,
,1.1539,4.4692,89.44,
,1.153,4.4701,89.46,
,1.1518,4.471,89.48,
,1.1509,4.4721,89.5,
,1.1505,4.4731,89.52,
,1.1501,4.4742,89.54,
,1.1492,4.4752,89.56,
,1.1481,4.4762,89.58,
,1.1466,4.4771,89.6,
,1.1451,4.4781,89.62,
,1.1443,4.4792,89.64,
,1.1438,4.4802,89.66,
,1.1427,4.4812,89.68,
,1.1419,4.4823,89.7,
,1.1412,4.4833,89.72,
,1.14,4.4843,89.74,
,1.1387,4.4853,89.76,
,1.1374,4.4863,89.78,
,1.1362,4.4872,89.8,
,1.1352,4.4883,89.82,
,1.1348,4.4894,89.84,
,1.1343,4.4904,89.86,
,1.1329,4.4914,89.88,
,1.1315,4.4924,89.9,
,1.1301,4.4933,89.92,
,1.129,4.4943,89.94,
,1.1279,4.4953,89.96,
,1.1271,4.4963,89.98,
,1.1263,4.4973,90,
,1.1253,4.4983,90.02,
,1.1247,4.4993,90.04,
,1.1235,4.5002,90.06,
,1.1218,4.5012,90.08,
,1.1205,4.5021,90.1,
,1.1198,4.5031,90.12,
,1.1191,4.5041,90.14,
,1.1184,4.5052,90.16,
,1.1177,4.5062,90.18,
,1.1164,4.5072,90.2,
,1.1148,4.5082,90.22,
,1.1137,4.5092,90.24,
,1.1129,4.5101,90.26,
,1.1117,4.5111,90.28,
,1.1105,4.5121,90.3,
,1.11,4.5132,90.32,
,1.1095,4.5143,90.34,
,1.1086,4.5154,90.36,
,1.107,4.5163,90.38,
,1.1052,4.5173,90.4,
,1.1038,4.5183,90.42,
,1.1029,4.5193,90.44,
,1.1023,4.5203,90.46,
,1.1011,4.5213,90.48,
,1.1,4.5224,90.5,
,1.099,4.5234,90.52,
,1.0976,4.5243,90.54,
,1.0961,4.5252,90.56,
,1.0947,4.5262,90.58,
,1.0936,4.5271,90.6,
,1.0925,4.5281,90.62,
,1.0919,4.5292,90.64,
,1.0915,4.5302,90.66,
,1.0905,4.5312,90.68,
,1.0891,4.5322,90.7,
,1.0877,4.5332,90.72,
,1.0865,4.5341,90.74,
,1.0853,4.5351,90.76,
,1.0844,4.5362,90.78,
,1.0835,4.5372,90.8,
,1.0825,4.5382,90.82,
,1.0816,4.5393,90.84,
,1.0804,4.5403,90.86,
,1.0786,4.5412,90.88,
,1.0769,4.5422,90.9,
,1.0758,4.5432,90.92,
,1.075,4.5442,90.94,
,1.0744,4.5453,90.96,
,1.0736,4.5464,90.98,
,1.0723,4.5473,91,
,1.0707,4.5483,91.02,
,1.0693,4.5494,91.04,
,1.0682,4.5503,91.06,
,1.0668,4.5513,91.08,
,1.0653,4.5523,91.1,
,1.0644,4.5533,91.12,
,1.0635,4.5544,91.14,
,1.0624,4.5554,91.16,
,1.061,4.5563,91.18,
,1.0595,4.5572,91.2,
,1.058,4.5581,91.22,
,1.057,4.5592,91.24,
,1.0564,4.5602,91.26,
,1.0553,4.5611,91.28,
,1.0539,4.5622,91.3,
,1.0531,4.5632,91.32,
,1.052,4.5642,91.34,
,1.0505,4.5651,91.36,
,1.0488,4.5661,91.38,
,1.0475,4.5671,91.4,
,1.0462,4.568,91.42,
,1.0454,4.5691,91.44,
,1.0449,4.5702,91.46,
,1.0438,4.5712,91.48,
,1.0421,4.5722,91.5,
,1.0406,4.5732,91.52,
,1.0392,4.5742,91.54,
,1.0378,4.5752,91.56,
,1.0367,4.5763,91.58,
,1.0357,4.5773,91.6,
,1.0345,4.5783,91.62,
,1.0334,4.5794,91.64,
,1.0321,4.5804,91.66,
,1.0302,4.5813,91.68,
,1.0281,4.5823,91.7,
,1.0268,4.5833,91.72,
,1.0257,4.5842,91.74,
,1.0246,4.5852,91.76,
,1.0237,4.5863,91.78,
,1.0226,4.5872,91.8,
,1.021,4.5882,91.82,
,1.0194,4.5892,91.84,
,1.0183,4.5902,91.86,
,1.017,4.5911,91.88,
,1.0155,4.5921,91.9,
,1.0145,4.5931,91.92,
,1.0137,4.5942,91.94,
,1.0125,4.5952,91.96,
,1.011,4.5962,91.98,
,1.0092,4.5972,92,
,1.0074,4.5981,92.02,
,1.006,4.5992,92.04,
,1.0051,4.6002,92.06,
,1.004,4.6012,92.08,
,1.0025,4.6022,92.1,
,1.0013,4.6033,92.12,
,1,4.6043,92.14,
,0.9984,4.6053,92.16,
,0.9966,4.6063,92.18,
,0.9951,4.6072,92.2,
,0.9937,4.6082,92.22,
,0.9925,4.6093,92.24,
,0.9917,4.6104,92.26,
,0.9902,4.6114,92.28,
,0.9884,4.6124,92.3,
,0.9867,4.6134,92.32,
,0.985,4.6143,92.34,
,0.9834,4.6153,92.36,
,0.9821,4.6163,92.38,
,0.9809,4.6172,92.4,
,0.9796,4.6182,92.42,
,0.9782,4.6193,92.44,
,0.977,4.6203,92.46,
,0.9754,4.6212,92.48,
,0.9734,4.6221,92.5,
,0.9719,4.6231,92.52,
,0.9706,4.6241,92.54,
,0.9693,4.6251,92.56,
,0.9682,4.6262,92.58,
,0.9669,4.6272,92.6,
,0.965,4.6282,92.62,
,0.9632,4.6292,92.64,
,0.9617,4.6302,92.66,
,0.9601,4.6311,92.68,
,0.9582,4.6321,92.7,
,0.9568,4.6332,92.72,
,0.9556,4.6343,92.74,
,0.9541,4.6354,92.76,
,0.9524,4.6364,92.78,
,0.9503,4.6373,92.8,
,0.9481,4.6383,92.82,
,0.9464,4.6393,92.84,
,0.9452,4.6404,92.86,
,0.9438,4.6413,92.88,
,0.942,4.6424,92.9,
,0.9402,4.6434,92.92,
,0.9386,4.6443,92.94,
,0.9366,4.6453,92.96,
,0.9345,4.6462,92.98,
,0.9328,4.6471,93,
,0.9312,4.6481,93.02,
,0.9297,4.6491,93.04,
,0.9287,4.6502,93.06,
,0.9273,4.6512,93.08,
,0.9253,4.6522,93.1,
,0.9232,4.6532,93.12,
,0.9214,4.6541,93.14,
,0.9195,4.6551,93.16,
,0.9178,4.6561,93.18,
,0.9164,4.6571,93.2,
,0.9149,4.6581,93.22,
,0.9132,4.6592,93.24,
,0.9116,4.6603,93.26,
,0.9094,4.6612,93.28,
,0.9069,4.6621,93.3,
,0.905,4.6632,93.32,
,0.9034,4.6642,93.34,
,0.9018,4.6652,93.36,
,0.9002,4.6663,93.38,
,0.8982,4.6673,93.4,
,0.8957,4.6683,93.42,
,0.8931,4.6694,93.44,
,0.8907,4.6704,93.46,
,0.8882,4.6713,93.48,
,0.8852,4.6723,93.5,
,0.8821,4.6733,93.52,
,0.8781,4.6744,93.54,
,0.8706,4.6754,93.56,
,0.8603,4.6764,93.58,
,0.8492,4.6773,93.6,
,0.8373,4.6782,93.62,
,0.8232,4.6792,93.64,
,0.8019,4.6802,93.66,
,0.7664,4.6812,93.68,
,0.716,4.6822,93.7,
,0.6665,4.6833,93.72,
,0.596,4.6843,93.74,
,0.4826,4.6853,93.76,
,0.3984,4.6862,93.78,
,0.3682,4.6868,93.792,
2,Force,Displacement,Time,
,(kN),(mm),(s),
,0.0003,0,0,
,0.0003,0.0002,0.02,
,0.0015,0.0007,0.04,
,0.0058,0.0016,0.06,
,0.0142,0.0027,0.08,
,0.0248,0.0037,0.1,
,0.0359,0.0047,0.12,
,0.0462,0.0057,0.14,
,0.0561,0.0067,0.16,
,0.0662,0.0077,0.18,
,0.0761,0.0086,0.2,
,0.0859,0.0096,0.22,
,0.0954,0.0106,0.24,
,0.1048,0.0115,0.26,
,0.114,0.0125,0.28,
,0.1235,0.0136,0.3,
,0.1333,0.0146,0.32,
,0.1429,0.0155,0.34,
,0.1519,0.0165,0.36,
,0.1609,0.0175,0.38,
,0.1701,0.0185,0.4,
,0.1791,0.0195,0.42,
,0.1881,0.0205,0.44,
,0.1973,0.0215,0.46,
,0.2065,0.0226,0.48,
,0.2157,0.0236,0.5,
,0.225,0.0246,0.52,
,0.2336,0.0255,0.54,
,0.2417,0.0265,0.56,
,0.2501,0.0275,0.58,
,0.2588,0.0286,0.6,
,0.2678,0.0296,0.62,
,0.2771,0.0307,0.64,
,0.2863,0.0317,0.66,
,0.2947,0.0327,0.68,
,0.3029,0.0337,0.7,
,0.3112,0.0347,0.72,
,0.3195,0.0356,0.74,
,0.3274,0.0366,0.76,
,0.3357,0.0377,0.78,
,0.3443,0.0387,0.8,
,0.3528,0.0397,0.82,
,0.3607,0.0407,0.84,
,0.3681,0.0415,0.86,
,0.3751,0.0425,0.88,
,0.3824,0.0435,0.9,
,0.3903,0.0445,0.92,
,0.3984,0.0455,0.94,
,0.4061,0.0465,0.96,
,0.4141,0.0476,0.98,
,0.422,0.0485,1,
,0.4294,0.0495,1.02,
,0.4365,0.0504,1.04,
,0.4434,0.0514,1.06,
,0.4504,0.0523,1.08,
,0.4576,0.0534,1.1,
,0.4652,0.0545,1.12,
,0.4731,0.0555,1.14,
,0.4804,0.0565,1.16,
,0.4872,0.0575,1.18,
,0.4939,0.0585,1.2,
,0.5004,0.0595,1.22,
,0.5073,0.0606,1.24,
,0.5145,0.0616,1.26,
,0.5215,0.0627,1.28,
,0.5285,0.0638,1.3,
,0.5357,0.0648,1.32,
,0.5423,0.0657,1.34,
,0.5481,0.0666,1.36,
,0.5537,0.0676,1.38,
,0.5594,0.0686,1.4,
,0.5655,0.0696,1.42,
,0.5719,0.0706,1.44,
,0.5784,0.0716,1.46,
,0.5844,0.0726,1.48,
,0.5902,0.0736,1.5,
,0.5961,0.0746,1.52,
,0.6019,0.0754,1.54,
,0.6073,0.0764,1.56,
,0.6127,0.0774,1.58,
,0.6188,0.0785,1.6,
,0.625,0.0796,1.62,
,0.631,0.0806,1.64,
,0.6366,0.0816,1.66,
,0.6417,0.0825,1.68,
,0.6465,0.0835,1.7,
,0.6517,0.0845,1.72,
,0.6566,0.0855,1.74,
,0.6613,0.0865,1.76,
,0.6662,0.0876,1.78,
,0.6711,0.0886,1.8,
,0.6753,0.0896,1.82,
,0.6793,0.0906,1.84,
,0.6833,0.0916,1.86,
,0.6871,0.0926,1.88,
,0.6908,0.0936,1.9,
,0.6948,0.0948,1.92,
,0.6985,0.0957,1.94,
,0.7016,0.0967,1.96,
,0.7047,0.0977,1.98,
,0.7078,0.0987,2,
,0.7109,0.0996,2.02,
,0.7139,0.1006,2.04,
,0.7168,0.1016,2.06,
,0.7195,0.1026,2.08,
,0.7223,0.1036,2.1,
,0.7252,0.1046,2.12,
,0.728,0.1055,2.14,
,0.7302,0.1065,2.16,
,0.7327,0.1075,2.18,
,0.7356,0.1085,2.2,
,0.7382,0.1095,2.22,
,0.7408,0.1105,2.24,
,0.7433,0.1115,2.26,
,0.7455,0.1125,2.28,
,0.7476,0.1135,2.3,
,0.7502,0.1146,2.32,
,0.7526,0.1155,2.34,
,0.7546,0.1165,2.36,
,0.7568,0.1176,2.38,
,0.7593,0.1187,2.4,
,0.7617,0.1197,2.42,
,0.7636,0.1207,2.44,
,0.7652,0.1217,2.46,
,0.767,0.1226,2.48,
,0.7691,0.1236,2.5,
,0.7715,0.1247,2.52,
,0.7735,0.1257,2.54,
,0.7752,0.1267,2.56,
,0.7769,0.1278,2.58,
,0.7787,0.1287,2.6,
,0.7801,0.1296,2.62,
,0.7815,0.1305,2.64,
,0.7833,0.1315,2.66,
,0.7852,0.1324,2.68,
,0.7871,0.1335,2.7,
,0.7891,0.1346,2.72,
,0.7909,0.1356,2.74,
,0.7919,0.1366,2.76,
,0.7929,0.1376,2.78,
,0.7943,0.1385,2.8,
,0.7958,0.1395,2.82,
,0.7975,0.1405,2.84,
,0.7993,0.1415,2.86,
,0.8009,0.1425,2.88,
,0.8023,0.1436,2.9,
,0.8039,0.1447,2.92,
,0.8052,0.1456,2.94,
,0.8059,0.1465,2.96,
,0.8068,0.1475,2.98,
,0.8084,0.1485,3,
,0.8103,0.1495,3.02,
,0.8122,0.1507,3.04,
,0.8136,0.1517,3.06,
,0.8145,0.1527,3.08,
,0.8152,0.1537,3.1,
,0.8164,0.1548,3.12,
,0.8178,0.1557,3.14,
,0.8188,0.1566,3.16,
,0.82,0.1576,3.18,
,0.8217,0.1587,3.2,
,0.8233,0.1597,3.22,
,0.8244,0.1607,3.24,
,0.8254,0.1617,3.26,
,0.8261,0.1626,3.28,
,0.827,0.1636,3.3,
,0.8284,0.1646,3.32,
,0.8299,0.1655,3.34,
,0.831,0.1665,3.36,
,0.8321,0.1676,3.38,
,0.8334,0.1686,3.4,
,0.8344,0.1696,3.42,
,0.8351,0.1705,3.44,
,0.836,0.1715,3.46,
,0.8369,0.1725,3.48,
,0.838,0.1735,3.5,
,0.8393,0.1745,3.52,
,0.8408,0.1756,3.54,
,0.8417,0.1765,3.56,
,0.8423,0.1776,3.58,
,0.8432,0.1786,3.6,
,0.8441,0.1796,3.62,
,0.8453,0.1806,3.64,
,0.8465,0.1817,3.66,
,0.8476,0.1827,3.68,
,0.8483,0.1837,3.7,
,0.8491,0.1848,3.72,
,0.8501,0.1857,3.74,
,0.8505,0.1867,3.76,
,0.8511,0.1876,3.78,
,0.8522,0.1886,3.8,
,0.8533,0.1896,3.82,
,0.8544,0.1907,3.84,
,0.8554,0.1916,3.86,
,0.8559,0.1926,3.88,
,0.8564,0.1935,3.9,
,0.8576,0.1945,3.92,
,0.859,0.1955,3.94,
,0.8602,0.1964,3.96,
,0.8615,0.1974,3.98,
,0.863,0.1985,4,
,0.8644,0.1996,4.02,
,0.8651,0.2006,4.04,
,0.8653,0.2016,4.06,
,0.8655,0.2025,4.08,
,0.8657,0.2034,4.1,
,0.8666,0.2045,4.12,
,0.8678,0.2055,4.14,
,0.8686,0.2065,4.16,
,0.869,0.2076,4.18,
,0.8695,0.2087,4.2,
,0.8694,0.2096,4.22,
,0.869,0.2106,4.24,
,0.8691,0.2116,4.26,
,0.8695,0.2126,4.28,
,0.8699,0.2136,4.3,
,0.8709,0.2147,4.32,
,0.8721,0.2158,4.34,
,0.8726,0.2168,4.36,
,0.873,0.2178,4.38,
,0.8742,0.2187,4.4,
,0.8758,0.2196,4.42,
,0.8777,0.2206,4.44,
,0.8798,0.2216,4.46,
,0.8816,0.2226,4.48,
,0.8829,0.2236,4.5,
,0.8835,0.2247,4.52,
,0.8835,0.2257,4.54,
,0.8825,0.2266,4.56,
,0.8816,0.2275,4.58,
,0.8823,0.2285,4.6,
,0.8841,0.2294,4.62,
,0.8859,0.2305,4.64,
,0.8873,0.2315,4.66,
,0.8879,0.2325,4.68,
,0.8879,0.2335,4.7,
,0.8883,0.2345,4.72,
,0.8894,0.2355,4.74,
,0.89,0.2364,4.76,
,0.8905,0.2374,4.78,
,0.8915,0.2385,4.8,
,0.8923,0.2396,4.82,
,0.8922,0.2407,4.84,
,0.8919,0.2417,4.86,
,0.8916,0.2427,4.88,
,0.8918,0.2437,4.9,
,0.8926,0.2447,4.92,
,0.8937,0.2457,4.94,
,0.8943,0.2467,4.96,
,0.895,0.2477,4.98,
,0.8965,0.2487,5,
,0.8978,0.2497,5.02,
,0.899,0.2507,5.04,
,0.9003,0.2516,5.06,
,0.9017,0.2526,5.08,
,0.903,0.2535,5.1,
,0.9045,0.2545,5.12,
,0.9058,0.2556,5.14,
,0.9055,0.2566,5.16,
,0.9019,0.2576,5.18,
,0.8986,0.2586,5.2,
,0.8979,0.2595,5.22,
,0.8992,0.2605,5.24,
,0.9012,0.2615,5.26,
,0.9031,0.2625,5.28,
,0.9042,0.2635,5.3,
,0.9057,0.2646,5.32,
,0.9077,0.2656,5.34,
,0.9092,0.2665,5.36,
,0.9106,0.2675,5.38,
,0.9123,0.2685,5.4,
,0.9144,0.2696,5.42,
,0.9161,0.2706,5.44,
,0.9173,0.2717,5.46,
,0.918,0.2727,5.48,
,0.9182,0.2737,5.5,
,0.9175,0.2747,5.52,
,0.9145,0.2757,5.54,
,0.9112,0.2766,5.56,
,0.9104,0.2776,5.58,
,0.9115,0.2787,5.6,
,0.9129,0.2797,5.62,
,0.9136,0.2807,5.64,
,0.9145,0.2817,5.66,
,0.916,0.2826,5.68,
,0.918,0.2835,5.7,
,0.9205,0.2845,5.72,
,0.9232,0.2855,5.74,
,0.9254,0.2865,5.76,
,0.9268,0.2875,5.78,
,0.9283,0.2886,5.8,
,0.9298,0.2896,5.82,
,0.9308,0.2905,5.84,
,0.9319,0.2915,5.86,
,0.9333,0.2924,5.88,
,0.9349,0.2934,5.9,
,0.9364,0.2945,5.92,
,0.9378,0.2956,5.94,
,0.9383,0.2966,5.96,
,0.9376,0.2976,5.98,
,0.9365,0.2986,6,
,0.9346,0.2996,6.02,
,0.9309,0.3006,6.04,
,0.9277,0.3016,6.06,
,0.9268,0.3027,6.08,
,0.9279,0.3037,6.1,
,0.9298,0.3048,6.12,
,0.9311,0.3058,6.14,
,0.9312,0.3067,6.16,
,0.9309,0.3077,6.18,
,0.9317,0.3086,6.2,
,0.9325,0.3096,6.22,
,0.9322,0.3106,6.24,
,0.9304,0.3116,6.26,
,0.9291,0.3126,6.28,
,0.9298,0.3135,6.3,
,0.9321,0.3145,6.32,
,0.9354,0.3155,6.34,
,0.9384,0.3164,6.36,
,0.9406,0.3174,6.38,
,0.9428,0.3184,6.4,
,0.9453,0.3195,6.42,
,0.9474,0.3205,6.44,
,0.9491,0.3216,6.46,
,0.95,0.3225,6.48,
,0.9494,0.3235,6.5,
,0.9464,0.3245,6.52,
,0.9433,0.3255,6.54,
,0.9426,0.3265,6.56,
,0.9437,0.3275,6.58,
,0.9456,0.3286,6.6,
,0.9472,0.3296,6.62,
,0.9479,0.3306,6.64,
,0.9485,0.3316,6.66,
,0.9495,0.3326,6.68,
,0.9506,0.3336,6.7,
,0.9517,0.3347,6.72,
,0.9518,0.3358,6.74,
,0.9497,0.3368,6.76,
,0.9471,0.3378,6.78,
,0.9466,0.3387,6.8,
,0.948,0.3397,6.82,
,0.95,0.3407,6.84,
,0.9521,0.3416,6.86,
,0.9541,0.3426,6.88,
,0.9558,0.3436,6.9,
,0.9573,0.3446,6.92,
,0.959,0.3457,6.94,
,0.9605,0.3466,6.96,
,0.9614,0.3475,6.98,
,0.9626,0.3485,7,
,0.9641,0.3495,7.02,
,0.9653,0.3505,7.04,
,0.9656,0.3516,7.06,
,0.9631,0.3526,7.08,
,0.9592,0.3535,7.1,
,0.9572,0.3545,7.12,
,0.9579,0.3555,7.14,
,0.9593,0.3565,7.16,
,0.9601,0.3574,7.18,
,0.961,0.3585,7.2,
,0.9625,0.3596,7.22,
,0.9635,0.3607,7.24,
,0.9642,0.3617,7.26,
,0.9649,0.3627,7.28,
,0.9657,0.3636,7.3,
,0.967,0.3646,7.32,
,0.9686,0.3657,7.34,
,0.9694,0.3667,7.36,
,0.9687,0.3677,7.38,
,0.9677,0.3687,7.4,
,0.9668,0.3697,7.42,
,0.966,0.3706,7.44,
,0.9662,0.3716,7.46,
,0.9676,0.3725,7.48,
,0.9694,0.3734,7.5,
,0.9713,0.3745,7.52,
,0.9734,0.3755,7.54,
,0.975,0.3766,7.56,
,0.9756,0.3775,7.58,
,0.9763,0.3785,7.6,
,0.9775,0.3795,7.62,
,0.979,0.3805,7.64,
,0.9806,0.3815,7.66,
,0.982,0.3825,7.68,
,0.983,0.3835,7.7,
,0.9834,0.3846,7.72,
,0.9837,0.3857,7.74,
,0.9834,0.3866,7.76,
,0.9822,0.3875,7.78,
,0.9806,0.3885,7.8,
,0.978,0.3895,7.82,
,0.9727,0.3906,7.84,
,0.9687,0.3917,7.86,
,0.9687,0.3927,7.88,
,0.9707,0.3937,7.9,
,0.9731,0.3947,7.92,
,0.9757,0.3957,7.94,
,0.9779,0.3967,7.96,
,0.9794,0.3976,7.98,
,0.9809,0.3987,8,
,0.9832,0.3997,8.02,
,0.9856,0.4007,8.04,
,0.9872,0.4017,8.06,
,0.9882,0.4027,8.08,
,0.989,0.4036,8.1,
,0.99,0.4045,8.12,
,0.9917,0.4056,8.14,
,0.9935,0.4065,8.16,
,0.9945,0.4075,8.18,
,0.9952,0.4086,8.2,
,0.9958,0.4096,8.22,
,0.9957,0.4106,8.24,
,0.9951,0.4115,8.26,
,0.994,0.4125,8.28,
,0.9924,0.4134,8.3,
,0.9912,0.4144,8.32,
,0.9911,0.4155,8.34,
,0.9915,0.4166,8.36,
,0.9912,0.4176,8.38,
,0.9906,0.4186,8.4,
,0.9908,0.4196,8.42,
,0.9911,0.4206,8.44,
,0.9912,0.4216,8.46,
,0.991,0.4227,8.48,
,0.9902,0.4237,8.5,
,0.9894,0.4247,8.52,
,0.9892,0.4258,8.54,
,0.9887,0.4268,8.56,
,0.9882,0.4278,8.58,
,0.9889,0.4287,8.6,
,0.9909,0.4297,8.62,
,0.9934,0.4307,8.64,
,0.9959,0.4317,8.66,
,0.9983,0.4327,8.68,
,1,0.4336,8.7,
,1.0013,0.4346,8.72,
,1.003,0.4356,8.74,
,1.0051,0.4365,8.76,
,1.0071,0.4374,8.78,
,1.0087,0.4384,8.8,
,1.0106,0.4395,8.82,
,1.0124,0.4406,8.84,
,1.0136,0.4416,8.86,
,1.0143,0.4426,8.88,
,1.0141,0.4435,8.9,
,1.0123,0.4445,8.92,
,1.0094,0.4455,8.94,
,1.0073,0.4465,8.96,
,1.0064,0.4475,8.98,
,1.0066,0.4486,9,
,1.0075,0.4496,9.02,
,1.008,0.4507,9.04,
,1.0078,0.4516,9.06,
,1.0078,0.4526,9.08,
,1.0081,0.4536,9.1,
,1.0084,0.4546,9.12,
,1.0088,0.4557,9.14,
,1.0089,0.4568,9.16,
,1.0082,0.4578,9.18,
,1.0076,0.4588,9.2,
,1.0082,0.4597,9.22,
,1.0093,0.4607,9.24,
,1.0105,0.4616,9.26,
,1.0117,0.4626,9.28,
,1.0125,0.4636,9.3,
,1.013,0.4646,9.32,
,1.0136,0.4656,9.34,
,1.0143,0.4666,9.36,
,1.0146,0.4675,9.38,
,1.015,0.4685,9.4,
,1.0161,0.4695,9.42,
,1.0173,0.4705,9.44,
,1.0181,0.4715,9.46,
,1.0185,0.4726,9.48,
,1.0183,0.4736,9.5,
,1.0175,0.4745,9.52,
,1.0171,0.4756,9.54,
,1.0172,0.4766,9.56,
,1.0166,0.4775,9.58,
,1.0154,0.4785,9.6,
,1.0152,0.4796,9.62,
,1.0157,0.4807,9.64,
,1.016,0.4817,9.66,
,1.016,0.4827,9.68,
,1.0163,0.4837,9.7,
,1.0171,0.4846,9.72,
,1.0186,0.4857,9.74,
,1.0205,0.4867,9.76,
,1.0215,0.4877,9.78,
,1.0217,0.4887,9.8,
,1.0224,0.4898,9.82,
,1.023,0.4907,9.84,
,1.0236,0.4916,9.86,
,1.0246,0.4926,9.88,
,1.0257,0.4935,9.9,
,1.0266,0.4944,9.92,
,1.0275,0.4955,9.94,
,1.0282,0.4966,9.96,
,1.0276,0.4975,9.98,
,1.0264,0.4985,10,
,1.0261,0.4995,10.02,
,1.0269,0.5005,10.04,
,1.0282,0.5015,10.06,
,1.0298,0.5025,10.08,
,1.0312,0.5035,10.1,
,1.0322,0.5045,10.12,
,1.0331,0.5056,10.14,
,1.034,0.5066,10.16,
,1.0345,0.5075,10.18,
,1.035,0.5085,10.2,
,1.0362,0.5095,10.22,
,1.0379,0.5105,10.24,
,1.0395,0.5116,10.26,
,1.041,0.5127,10.28,
,1.042,0.5137,10.3,
,1.0423,0.5147,10.32,
,1.0426,0.5157,10.34,
,1.0432,0.5167,10.36,
,1.0434,0.5176,10.38,
,1.0434,0.5186,10.4,
,1.0435,0.5197,10.42,
,1.0436,0.5207,10.44,
,1.0429,0.5217,10.46,
,1.0416,0.5227,10.48,
,1.0402,0.5236,10.5,
,1.0393,0.5245,10.52,
,1.0391,0.5255,10.54,
,1.0391,0.5265,10.56,
,1.0378,0.5275,10.58,
,1.0341,0.5285,10.6,
,1.0301,0.5296,10.62,
,1.0282,0.5306,10.64,
,1.0282,0.5315,10.66,
,1.0291,0.5325,10.68,
,1.0303,0.5335,10.7,
,1.0314,0.5344,10.72,
,1.0328,0.5355,10.74,
,1.0353,0.5366,10.76,
,1.038,0.5376,10.78,
,1.04,0.5385,10.8,
,1.0418,0.5396,10.82,
,1.0439,0.5406,10.84,
,1.046,0.5416,10.86,
,1.0482,0.5426,10.88,
,1.0507,0.5436,10.9,
,1.0528,0.5446,10.92,
,1.0548,0.5457,10.94,
,1.0566,0.5468,10.96,
,1.0578,0.5477,10.98,
,1.0585,0.5486,11,
,1.0592,0.5496,11.02,
,1.0604,0.5506,11.04,
,1.0616,0.5516,11.06,
,1.0623,0.5526,11.08,
,1.0626,0.5536,11.1,
,1.0621,0.5545,11.12,
,1.0614,0.5555,11.14,
,1.0608,0.5565,11.16,
,1.0596,0.5575,11.18,
,1.0572,0.5584,11.2,
,1.0552,0.5595,11.22,
,1.0542,0.5606,11.24,
,1.0535,0.5616,11.26,
,1.0527,0.5626,11.28,
,1.052,0.5636,11.3,
,1.0516,0.5645,11.32,
,1.0518,0.5655,11.34,
,1.0525,0.5665,11.36,
,1.0526,0.5675,11.38,
,1.052,0.5686,11.4,
,1.0516,0.5696,11.42,
,1.0518,0.5706,11.44,
,1.0519,0.5716,11.46,
,1.052,0.5726,11.48,
,1.0524,0.5736,11.5,
,1.0528,0.5746,11.52,
,1.0535,0.5757,11.54,
,1.0542,0.5768,11.56,
,1.054,0.5778,11.58,
,1.0529,0.5788,11.6,
,1.0525,0.5797,11.62,
,1.0531,0.5807,11.64,
,1.0539,0.5816,11.66,
,1.0549,0.5826,11.68,
,1.0555,0.5836,11.7,
,1.0555,0.5846,11.72,
,1.0553,0.5856,11.74,
,1.0553,0.5867,11.76,
,1.0552,0.5876,11.78,
,1.0551,0.5885,11.8,
,1.0557,0.5894,11.82,
,1.0569,0.5904,11.84,
,1.0577,0.5914,11.86,
,1.0582,0.5925,11.88,
,1.0582,0.5935,11.9,
,1.0578,0.5945,11.92,
,1.0577,0.5955,11.94,
,1.0583,0.5965,11.96,
,1.0592,0.5975,11.98,
,1.0596,0.5984,12,
,1.0602,0.5995,12.02,
,1.0611,0.6006,12.04,
,1.0617,0.6017,12.06,
,1.0615,0.6027,12.08,
,1.0611,0.6037,12.1,
,1.0611,0.6046,12.12,
,1.0619,0.6057,12.14,
,1.0636,0.6067,12.16,
,1.065,0.6077,12.18,
,1.0653,0.6087,12.2,
,1.0653,0.6098,12.22,
,1.0655,0.6107,12.24,
,1.0658,0.6117,12.26,
,1.0662,0.6126,12.28,
,1.0671,0.6136,12.3,
,1.068,0.6145,12.32,
,1.0691,0.6155,12.34,
,1.0701,0.6165,12.36,
,1.0707,0.6176,12.38,
,1.0705,0.6185,12.4,
,1.0701,0.6196,12.42,
,1.0705,0.6205,12.44,
,1.0713,0.6215,12.46,
,1.072,0.6225,12.48,
,1.0729,0.6235,12.5,
,1.0734,0.6245,12.52,
,1.0733,0.6256,12.54,
,1.0733,0.6266,12.56,
,1.0726,0.6276,12.58,
,1.071,0.6285,12.6,
,1.0701,0.6295,12.62,
,1.0703,0.6305,12.64,
,1.0712,0.6316,12.66,
,1.0722,0.6327,12.68,
,1.0729,0.6337,12.7,
,1.0731,0.6347,12.72,
,1.0733,0.6357,12.74,
,1.0745,0.6367,12.76,
,1.0763,0.6377,12.78,
,1.0775,0.6386,12.8,
,1.0785,0.6397,12.82,
,1.0797,0.6407,12.84,
,1.0805,0.6417,12.86,
,1.0808,0.6427,12.88,
,1.0806,0.6437,12.9,
,1.0807,0.6445,12.92,
,1.0814,0.6455,12.94,
,1.0826,0.6465,12.96,
,1.0843,0.6475,12.98,
,1.0852,0.6485,13,
,1.0856,0.6496,13.02,
,1.0861,0.6506,13.04,
,1.0863,0.6516,13.06,
,1.0862,0.6525,13.08,
,1.0867,0.6535,13.1,
,1.0876,0.6544,13.12,
,1.0886,0.6554,13.14,
,1.09,0.6565,13.16,
,1.0914,0.6576,13.18,
,1.0919,0.6586,13.2,
,1.0916,0.6596,13.22,
,1.0913,0.6606,13.24,
,1.0913,0.6616,13.26,
,1.0916,0.6626,13.28,
,1.092,0.6636,13.3,
,1.0922,0.6647,13.32,
,1.0918,0.6657,13.34,
,1.0911,0.6668,13.36,
,1.0904,0.6678,13.38,
,1.0896,0.6687,13.4,
,1.0898,0.6696,13.42,
,1.0913,0.6706,13.44,
,1.0932,0.6716,13.46,
,1.0951,0.6726,13.48,
,1.0966,0.6736,13.5,
,1.0974,0.6746,13.52,
,1.0978,0.6755,13.54,
,1.0992,0.6765,13.56,
,1.1018,0.6775,13.58,
,1.1047,0.6784,13.6,
,1.1071,0.6794,13.62,
,1.1097,0.6805,13.64,
,1.1121,0.6815,13.66,
,1.1141,0.6826,13.68,
,1.1154,0.6836,13.7,
,1.1158,0.6845,13.72,
,1.1151,0.6855,13.74,
,1.1131,0.6865,13.76,
,1.1095,0.6875,13.78,
,1.1047,0.6885,13.8,
,1.1009,0.6896,13.82,
,1.0989,0.6906,13.84,
,1.0974,0.6917,13.86,
,1.0959,0.6927,13.88,
,1.0946,0.6937,13.9,
,1.094,0.6946,13.92,
,1.0935,0.6956,13.94,
,1.093,0.6967,13.96,
,1.0925,0.6978,13.98,
,1.0911,0.6988,14,
,1.0895,0.6997,14.02,
,1.0893,0.7007,14.04,
,1.0897,0.7017,14.06,
,1.09,0.7026,14.08,
,1.0901,0.7036,14.1,
,1.0898,0.7046,14.12,
,1.0893,0.7056,14.14,
,1.0892,0.7066,14.16,
,1.0894,0.7076,14.18,
,1.0889,0.7085,14.2,
,1.0885,0.7095,14.22,
,1.0888,0.7105,14.24,
,1.0897,0.7115,14.26,
,1.0903,0.7125,14.28,
,1.0906,0.7135,14.3,
,1.0903,0.7145,14.32,
,1.0899,0.7155,14.34,
,1.09,0.7165,14.36,
,1.0908,0.7175,14.38,
,1.0918,0.7185,14.4,
,1.0922,0.7194,14.42,
,1.0926,0.7205,14.44,
,1.0934,0.7216,14.46,
,1.0934,0.7227,14.48,
,1.093,0.7237,14.5,
,1.0927,0.7247,14.52,
,1.0928,0.7256,14.54,
,1.0938,0.7267,14.56,
,1.0954,0.7277,14.58,
,1.0964,0.7287,14.6,
,1.0963,0.7297,14.62,
,1.0961,0.7307,14.64,
,1.096,0.7317,14.66,
,1.0961,0.7326,14.68,
,1.0966,0.7336,14.7,
,1.0976,0.7345,14.72,
,1.0984,0.7354,14.74,
,1.0993,0.7365,14.76,
,1.1001,0.7376,14.78,
,1.1,0.7385,14.8,
,1.0992,0.7395,14.82,
,1.0988,0.7405,14.84,
,1.0995,0.7415,14.86,
,1.1004,0.7425,14.88,
,1.1015,0.7435,14.9,
,1.1024,0.7445,14.92,
,1.1027,0.7455,14.94,
,1.1026,0.7466,14.96,
,1.1027,0.7477,14.98,
,1.1024,0.7486,15,
,1.102,0.7495,15.02,
,1.1027,0.7505,15.04,
,1.1037,0.7516,15.06,
,1.1047,0.7526,15.08,
,1.1051,0.7537,15.1,
,1.1045,0.7547,15.12,
,1.1035,0.7557,15.14,
,1.1031,0.7567,15.16,
,1.1041,0.7577,15.18,
,1.1053,0.7586,15.2,
,1.106,0.7596,15.22,
,1.1068,0.7606,15.24,
,1.1073,0.7617,15.26,
,1.1073,0.7627,15.28,
,1.1069,0.7637,15.3,
,1.1066,0.7646,15.32,
,1.1067,0.7655,15.34,
,1.1077,0.7665,15.36,
,1.1092,0.7675,15.38,
,1.1105,0.7685,15.4,
,1.1108,0.7695,15.42,
,1.1107,0.7706,15.44,
,1.1109,0.7716,15.46,
,1.1106,0.7725,15.48,
,1.1107,0.7735,15.5,
,1.1115,0.7744,15.52,
,1.1126,0.7754,15.54,
,1.1138,0.7764,15.56,
,1.1152,0.7775,15.58,
,1.1157,0.7785,15.6,
,1.1149,0.7795,15.62,
,1.114,0.7806,15.64,
,1.1141,0.7816,15.66,
,1.1148,0.7826,15.68,
,1.116,0.7836,15.7,
,1.1172,0.7847,15.72,
,1.1177,0.7857,15.74,
,1.1176,0.7868,15.76,
,1.1175,0.7878,15.78,
,1.1173,0.7888,15.8,
,1.1169,0.7897,15.82,
,1.1176,0.7906,15.84,
,1.1188,0.7916,15.86,
,1.1202,0.7926,15.88,
,1.1213,0.7936,15.9,
,1.1217,0.7946,15.92,
,1.1211,0.7956,15.94,
,1.1206,0.7965,15.96,
,1.121,0.7975,15.98,
,1.1221,0.7985,16,
,1.1232,0.7994,16.02,
,1.1244,0.8004,16.04,
,1.126,0.8015,16.06,
,1.1274,0.8026,16.08,
,1.1278,0.8036,16.1,
,1.1278,0.8045,16.12,
,1.1278,0.8055,16.14,
,1.1285,0.8065,16.16,
,1.1304,0.8075,16.18,
,1.1324,0.8085,16.2,
,1.1339,0.8095,16.22,
,1.135,0.8106,16.24,
,1.1359,0.8116,16.26,
,1.1363,0.8126,16.28,
,1.1364,0.8136,16.3,
,1.1368,0.8146,16.32,
,1.1376,0.8156,16.34,
,1.1388,0.8166,16.36,
,1.1405,0.8177,16.38,
,1.1422,0.8188,16.4,
,1.1428,0.8197,16.42,
,1.1431,0.8207,16.44,
,1.1437,0.8217,16.46,
,1.1442,0.8226,16.48,
,1.145,0.8236,16.5,
,1.146,0.8246,16.52,
,1.1471,0.8256,16.54,
,1.1479,0.8266,16.56,
,1.1488,0.8277,16.58,
,1.1496,0.8286,16.6,
,1.1497,0.8295,16.62,
,1.1499,0.8305,16.64,
,1.1504,0.8315,16.66,
,1.151,0.8325,16.68,
,1.1513,0.8335,16.7,
,1.1512,0.8346,16.72,
,1.15,0.8355,16.74,
,1.148,0.8365,16.76,
,1.1458,0.8376,16.78,
,1.1425,0.8385,16.8,
,1.1384,0.8395,16.82,
,1.1358,0.8405,16.84,
,1.1355,0.8416,16.86,
,1.1365,0.8427,16.88,
,1.1369,0.8437,16.9,
,1.1361,0.8447,16.92,
,1.135,0.8456,16.94,
,1.1347,0.8466,16.96,
,1.1353,0.8477,16.98,
,1.1361,0.8487,17,
,1.1361,0.8497,17.02,
,1.1356,0.8508,17.04,
,1.135,0.8517,17.06,
,1.1341,0.8527,17.08,
,1.1335,0.8536,17.1,
,1.1336,0.8545,17.12,
,1.1342,0.8554,17.14,
,1.1346,0.8564,17.16,
,1.1347,0.8575,17.18,
,1.1344,0.8586,17.2,
,1.1328,0.8595,17.22,
,1.1311,0.8605,17.24,
,1.1304,0.8615,17.26,
,1.1304,0.8624,17.28,
,1.1309,0.8635,17.3,
,1.1316,0.8645,17.32,
,1.1319,0.8655,17.34,
,1.1314,0.8665,17.36,
,1.1308,0.8676,17.38,
,1.13,0.8686,17.4,
,1.1288,0.8695,17.42,
,1.128,0.8705,17.44,
,1.1285,0.8715,17.46,
,1.1295,0.8725,17.48,
,1.1301,0.8736,17.5,
,1.1296,0.8747,17.52,
,1.1278,0.8757,17.54,
,1.1261,0.8767,17.56,
,1.1256,0.8777,17.58,
,1.1261,0.8787,17.6,
,1.1263,0.8796,17.62,
,1.1261,0.8806,17.64,
,1.1265,0.8817,17.66,
,1.1265,0.8827,17.68,
,1.1255,0.8837,17.7,
,1.1242,0.8847,17.72,
,1.1235,0.8856,17.74,
,1.1233,0.8866,17.76,
,1.1241,0.8876,17.78,
,1.1249,0.8886,17.8,
,1.1246,0.8895,17.82,
,1.1238,0.8906,17.84,
,1.1235,0.8916,17.86,
,1.1229,0.8926,17.88,
,1.1221,0.8935,17.9,
,1.1221,0.8945,17.92,
,1.1224,0.8954,17.94,
,1.1229,0.8964,17.96,
,1.1233,0.8975,17.98,
,1.1233,0.8986,18,
,1.1227,0.8995,18.02,
,1.1217,0.9006,18.04,
,1.1211,0.9016,18.06,
,1.1213,0.9026,18.08,
,1.122,0.9036,18.1,
,1.1227,0.9046,18.12,
,1.123,0.9056,18.14,
,1.1229,0.9067,18.16,
,1.1228,0.9078,18.18,
,1.1233,0.9087,18.2,
,1.1235,0.9096,18.22,
,1.1236,0.9106,18.24,
,1.1247,0.9116,18.26,
,1.1263,0.9126,18.28,
,1.1277,0.9136,18.3,
,1.1286,0.9146,18.32,
,1.1289,0.9156,18.34,
,1.1286,0.9165,18.36,
,1.1291,0.9175,18.38,
,1.1303,0.9185,18.4,
,1.1317,0.9194,18.42,
,1.1327,0.9204,18.44,
,1.1338,0.9215,18.46,
,1.135,0.9226,18.48,
,1.1353,0.9236,18.5,
,1.1352,0.9246,18.52,
,1.1354,0.9255,18.54,
,1.1362,0.9265,18.56,
,1.1379,0.9275,18.58,
,1.1401,0.9285,18.6,
,1.1417,0.9295,18.62,
,1.1423,0.9306,18.64,
,1.1427,0.9317,18.66,
,1.143,0.9326,18.68,
,1.1433,0.9336,18.7,
,1.1445,0.9346,18.72,
,1.1465,0.9355,18.74,
,1.1487,0.9365,18.76,
,1.151,0.9376,18.78,
,1.1532,0.9387,18.8,
,1.1543,0.9397,18.82,
,1.1543,0.9407,18.84,
,1.1543,0.9417,18.86,
,1.1551,0.9426,18.88,
,1.1567,0.9436,18.9,
,1.1592,0.9446,18.92,
,1.1617,0.9456,18.94,
,1.1631,0.9466,18.96,
,1.1621,0.9476,18.98,
,1.1551,0.9487,19,
,1.1445,0.9496,19.02,
,1.1386,0.9505,19.04,
,1.1387,0.9515,19.06,
,1.1421,0.9525,19.08,
,1.1461,0.9535,19.1,
,1.149,0.9546,19.12,
,1.1493,0.9556,19.14,
,1.1467,0.9565,19.16,
,1.144,0.9576,19.18,
,1.1431,0.9586,19.2,
,1.1437,0.9595,19.22,
,1.1444,0.9604,19.24,
,1.1457,0.9615,19.26,
,1.1468,0.9626,19.28,
,1.1467,0.9637,19.3,
,1.1454,0.9647,19.32,
,1.1439,0.9657,19.34,
,1.143,0.9666,19.36,
,1.1436,0.9677,19.38,
,1.1453,0.9687,19.4,
,1.1471,0.9697,19.42,
,1.1479,0.9707,19.44,
,1.1482,0.9717,19.46,
,1.1478,0.9727,19.48,
,1.1471,0.9737,19.5,
,1.1467,0.9746,19.52,
,1.1473,0.9756,19.54,
,1.1485,0.9765,19.56,
,1.1496,0.9775,19.58,
,1.1506,0.9786,19.6,
,1.1512,0.9795,19.62,
,1.1505,0.9805,19.64,
,1.1496,0.9815,19.66,
,1.1495,0.9825,19.68,
,1.1498,0.9835,19.7,
,1.1506,0.9845,19.72,
,1.1515,0.9856,19.74,
,1.1518,0.9865,19.76,
,1.1517,0.9876,19.78,
,1.1517,0.9886,19.8,
,1.1515,0.9896,19.82,
,1.151,0.9905,19.84,
,1.1511,0.9915,19.86,
,1.1519,0.9925,19.88,
,1.1528,0.9936,19.9,
,1.1533,0.9947,19.92,
,1.153,0.9957,19.94,
,1.1521,0.9966,19.96,
,1.1515,0.9977,19.98,
,1.1518,0.9987,20,
,1.1527,0.9996,20.02,
,1.1532,1.0006,20.04,
,1.1536,1.0017,20.06,
,1.1543,1.0028,20.08,
,1.1541,1.0038,20.1,
,1.1534,1.0047,20.12,
,1.1529,1.0056,20.14,
,1.1528,1.0065,20.16,
,1.1536,1.0075,20.18,
,1.1552,1.0086,20.2,
,1.1564,1.0095,20.22,
,1.1562,1.0106,20.24,
,1.1555,1.0116,20.26,
,1.1546,1.0126,20.28,
,1.1536,1.0136,20.3,
,1.1532,1.0145,20.32,
,1.1537,1.0155,20.34,
,1.1546,1.0164,20.36,
,1.1556,1.0175,20.38,
,1.1565,1.0186,20.4,
,1.1566,1.0196,20.42,
,1.1552,1.0206,20.44,
,1.1538,1.0216,20.46,
,1.1535,1.0226,20.48,
,1.1542,1.0236,20.5,
,1.1555,1.0246,20.52,
,1.157,1.0256,20.54,
,1.158,1.0267,20.56,
,1.1579,1.0278,20.58,
,1.1574,1.0289,20.6,
,1.1566,1.0298,20.62,
,1.1558,1.0307,20.64,
,1.1559,1.0317,20.66,
,1.1572,1.0326,20.68,
,1.159,1.0336,20.7,
,1.1604,1.0346,20.72,
,1.1609,1.0356,20.74,
,1.1601,1.0366,20.76,
,1.1588,1.0376,20.78,
,1.1585,1.0386,20.8,
,1.1588,1.0395,20.82,
,1.159,1.0404,20.84,
,1.1596,1.0414,20.86,
,1.1606,1.0425,20.88,
,1.1614,1.0436,20.9,
,1.1609,1.0446,20.92,
,1.1597,1.0456,20.94,
,1.1585,1.0465,20.96,
,1.1581,1.0475,20.98,
,1.1587,1.0486,21,
,1.1597,1.0495,21.02,
,1.1599,1.0505,21.04,
,1.1598,1.0516,21.06,
,1.1594,1.0527,21.08,
,1.1586,1.0537,21.1,
,1.1577,1.0547,21.12,
,1.1574,1.0557,21.14,
,1.1578,1.0566,21.16,
,1.1587,1.0577,21.18,
,1.16,1.0588,21.2,
,1.161,1.0598,21.22,
,1.1606,1.0608,21.24,
,1.16,1.0618,21.26,
,1.1598,1.0627,21.28,
,1.1603,1.0637,21.3,
,1.1615,1.0647,21.32,
,1.1628,1.0657,21.34,
,1.1638,1.0666,21.36,
,1.1641,1.0676,21.38,
,1.1643,1.0687,21.4,
,1.1643,1.0696,21.42,
,1.1637,1.0705,21.44,
,1.1637,1.0715,21.46,
,1.1647,1.0724,21.48,
,1.1662,1.0735,21.5,
,1.1675,1.0745,21.52,
,1.1681,1.0755,21.54,
,1.1677,1.0765,21.56,
,1.1668,1.0775,21.58,
,1.1667,1.0785,21.6,
,1.1676,1.0795,21.62,
,1.1685,1.0804,21.64,
,1.1695,1.0815,21.66,
,1.1707,1.0826,21.68,
,1.1716,1.0837,21.7,
,1.1715,1.0847,21.72,
,1.1704,1.0857,21.74,
,1.1694,1.0866,21.76,
,1.1693,1.0876,21.78,
,1.1704,1.0887,21.8,
,1.1716,1.0897,21.82,
,1.1712,1.0907,21.84,
,1.169,1.0918,21.86,
,1.1661,1.0928,21.88,
,1.164,1.0937,21.9,
,1.1636,1.0946,21.92,
,1.1648,1.0956,21.94,
,1.1666,1.0965,21.96,
,1.1684,1.0975,21.98,
,1.1703,1.0986,22,
,1.1725,1.0996,22.02,
,1.1744,1.1006,22.04,
,1.1762,1.1016,22.06,
,1.1782,1.1025,22.08,
,1.1804,1.1035,22.1,
,1.1826,1.1045,22.12,
,1.1848,1.1055,22.14,
,1.187,1.1065,22.16,
,1.1883,1.1076,22.18,
,1.189,1.1087,22.2,
,1.1892,1.1097,22.22,
,1.1888,1.1106,22.24,
,1.1887,1.1115,22.26,
,1.1893,1.1125,22.28,
,1.1903,1.1135,22.3,
,1.1916,1.1146,22.32,
,1.1931,1.1157,22.34,
,1.1942,1.1167,22.36,
,1.1948,1.1177,22.38,
,1.195,1.1187,22.4,
,1.1938,1.1197,22.42,
,1.1896,1.1206,22.44,
,1.184,1.1216,22.46,
,1.1804,1.1227,22.48,
,1.1789,1.1237,22.5,
,1.1781,1.1247,22.52,
,1.1772,1.1257,22.54,
,1.1759,1.1266,22.56,
,1.1746,1.1275,22.58,
,1.1742,1.1285,22.6,
,1.1743,1.1295,22.62,
,1.174,1.1305,22.64,
,1.1733,1.1315,22.66,
,1.1731,1.1326,22.68,
,1.173,1.1336,22.7,
,1.1724,1.1345,22.72,
,1.1724,1.1355,22.74,
,1.1728,1.1364,22.76,
,1.1734,1.1374,22.78,
,1.174,1.1385,22.8,
,1.1744,1.1396,22.82,
,1.1741,1.1406,22.84,
,1.1728,1.1416,22.86,
,1.1718,1.1426,22.88,
,1.1715,1.1436,22.9,
,1.1719,1.1446,22.92,
,1.1724,1.1457,22.94,
,1.1728,1.1467,22.96,
,1.1723,1.1477,22.98,
,1.1717,1.1488,23,
,1.1713,1.1498,23.02,
,1.1706,1.1507,23.04,
,1.17,1.1517,23.06,
,1.1703,1.1527,23.08,
,1.1711,1.1536,23.1,
,1.1719,1.1547,23.12,
,1.1722,1.1557,23.14,
,1.1716,1.1566,23.16,
,1.1704,1.1575,23.18,
,1.17,1.1586,23.2,
,1.1707,1.1595,23.22,
,1.1716,1.1605,23.24,
,1.172,1.1615,23.26,
,1.1724,1.1625,23.28,
,1.1726,1.1636,23.3,
,1.1722,1.1646,23.32,
,1.171,1.1656,23.34,
,1.1701,1.1665,23.36,
,1.17,1.1675,23.38,
,1.171,1.1685,23.4,
,1.1725,1.1696,23.42,
,1.1732,1.1705,23.44,
,1.1728,1.1716,23.46,
,1.172,1.1727,23.48,
,1.1712,1.1737,23.5,
,1.1702,1.1746,23.52,
,1.1698,1.1756,23.54,
,1.1701,1.1766,23.56,
,1.1706,1.1776,23.58,
,1.1712,1.1787,23.6,
,1.1717,1.1798,23.62,
,1.1711,1.1808,23.64,
,1.1693,1.1818,23.66,
,1.1682,1.1827,23.68,
,1.168,1.1837,23.7,
,1.1687,1.1846,23.72,
,1.17,1.1856,23.74,
,1.1712,1.1866,23.76,
,1.1715,1.1876,23.78,
,1.1709,1.1887,23.8,
,1.1701,1.1897,23.82,
,1.1691,1.1906,23.84,
,1.1683,1.1915,23.86,
,1.1688,1.1925,23.88,
,1.1701,1.1935,23.9,
,1.1715,1.1945,23.92,
,1.1724,1.1955,23.94,
,1.172,1.1966,23.96,
,1.1704,1.1975,23.98,
,1.169,1.1985,24,
,1.1688,1.1996,24.02,
,1.1689,1.2005,24.04,
,1.169,1.2014,24.06,
,1.1694,1.2025,24.08,
,1.1699,1.2036,24.1,
,1.1696,1.2047,24.12,
,1.1681,1.2057,24.14,
,1.1664,1.2067,24.16,
,1.1655,1.2076,24.18,
,1.1656,1.2087,24.2,
,1.1668,1.2097,24.22,
,1.1676,1.2107,24.24,
,1.1673,1.2118,24.26,
,1.1667,1.2128,24.28,
,1.1659,1.2137,24.3,
,1.1652,1.2147,24.32,
,1.1653,1.2156,24.34,
,1.1661,1.2165,24.36,
,1.1669,1.2175,24.38,
,1.1677,1.2185,24.4,
,1.1684,1.2196,24.42,
,1.1679,1.2206,24.44,
,1.1665,1.2215,24.46,
,1.1657,1.2225,24.48,
,1.1659,1.2235,24.5,
,1.1667,1.2245,24.52,
,1.1675,1.2255,24.54,
,1.1681,1.2265,24.56,
,1.1681,1.2276,24.58,
,1.1675,1.2286,24.6,
,1.1669,1.2297,24.62,
,1.1662,1.2306,24.64,
,1.1656,1.2315,24.66,
,1.1658,1.2325,24.68,
,1.1671,1.2335,24.7,
,1.168,1.2346,24.72,
,1.168,1.2357,24.74,
,1.1671,1.2367,24.76,
,1.1655,1.2377,24.78,
,1.1643,1.2387,24.8,
,1.1646,1.2397,24.82,
,1.1656,1.2407,24.84,
,1.1664,1.2416,24.86,
,1.1676,1.2427,24.88,
,1.1687,1.2437,24.9,
,1.169,1.2448,24.92,
,1.1682,1.2457,24.94,
,1.1672,1.2467,24.96,
,1.1667,1.2476,24.98,
,1.1674,1.2485,25,
,1.169,1.2496,25.02,
,1.1707,1.2505,25.04,
,1.1717,1.2515,25.06,
,1.1719,1.2526,25.08,
,1.1715,1.2536,25.1,
,1.1705,1.2545,25.12,
,1.1696,1.2555,25.14,
,1.1697,1.2564,25.16,
,1.1709,1.2574,25.18,
,1.1724,1.2584,25.2,
,1.174,1.2595,25.22,
,1.1752,1.2606,25.24,
,1.1748,1.2615,25.26,
,1.1735,1.2626,25.28,
,1.173,1.2635,25.3,
,1.1733,1.2645,25.32,
,1.1746,1.2656,25.34,
,1.1763,1.2667,25.36,
,1.1777,1.2677,25.38,
,1.1784,1.2688,25.4,
,1.1785,1.2698,25.42,
,1.178,1.2708,25.44,
,1.1773,1.2717,25.46,
,1.1771,1.2727,25.48,
,1.1779,1.2736,25.5,
,1.1793,1.2746,25.52,
,1.1809,1.2756,25.54,
,1.1818,1.2766,25.56,
,1.1815,1.2776,25.58,
,1.1799,1.2785,25.6,
,1.1784,1.2796,25.62,
,1.1773,1.2805,25.64,
,1.1763,1.2814,25.66,
,1.176,1.2825,25.68,
,1.1768,1.2836,25.7,
,1.1776,1.2846,25.72,
,1.1776,1.2856,25.74,
,1.1769,1.2866,25.76,
,1.1759,1.2875,25.78,
,1.1757,1.2885,25.8,
,1.1765,1.2896,25.82,
,1.1777,1.2905,25.84,
,1.1782,1.2915,25.86,
,1.178,1.2926,25.88,
,1.1774,1.2937,25.9,
,1.1763,1.2947,25.92,
,1.1752,1.2956,25.94,
,1.1747,1.2966,25.96,
,1.1751,1.2976,25.98,
,1.1761,1.2986,26,
,1.1777,1.2997,26.02,
,1.1788,1.3008,26.04,
,1.1783,1.3017,26.06,
,1.177,1.3027,26.08,
,1.1764,1.3037,26.1,
,1.1767,1.3046,26.12,
,1.1777,1.3056,26.14,
,1.1791,1.3066,26.16,
,1.1803,1.3076,26.18,
,1.1805,1.3086,26.2,
,1.1803,1.3097,26.22,
,1.1796,1.3106,26.24,
,1.1782,1.3115,26.26,
,1.1776,1.3125,26.28,
,1.1781,1.3135,26.3,
,1.1791,1.3145,26.32,
,1.1802,1.3155,26.34,
,1.1808,1.3166,26.36,
,1.1803,1.3175,26.38,
,1.1792,1.3185,26.4,
,1.1786,1.3196,26.42,
,1.1788,1.3205,26.44,
,1.1791,1.3215,26.46,
,1.1796,1.3225,26.48,
,1.1806,1.3236,26.5,
,1.1813,1.3247,26.52,
,1.1808,1.3257,26.54,
,1.1794,1.3267,26.56,
,1.178,1.3277,26.58,
,1.1774,1.3286,26.6,
,1.1785,1.3297,26.62,
,1.1802,1.3307,26.64,
,1.1812,1.3317,26.66,
,1.1812,1.3327,26.68,
,1.1808,1.3337,26.7,
,1.1798,1.3347,26.72,
,1.1789,1.3356,26.74,
,1.1789,1.3366,26.76,
,1.1796,1.3375,26.78,
,1.1805,1.3385,26.8,
,1.1816,1.3396,26.82,
,1.1825,1.3406,26.84,
,1.182,1.3415,26.86,
,1.1806,1.3425,26.88,
,1.1796,1.3435,26.9,
,1.1795,1.3445,26.92,
,1.1802,1.3455,26.94,
,1.1811,1.3465,26.96,
,1.182,1.3475,26.98,
,1.1823,1.3485,27,
,1.1821,1.3496,27.02,
,1.1814,1.3506,27.04,
,1.1803,1.3515,27.06,
,1.1795,1.3525,27.08,
,1.1797,1.3535,27.1,
,1.1808,1.3545,27.12,
,1.182,1.3556,27.14,
,1.1828,1.3567,27.16,
,1.1823,1.3577,27.18,
,1.181,1.3587,27.2,
,1.18,1.3597,27.22,
,1.18,1.3607,27.24,
,1.1803,1.3617,27.26,
,1.1806,1.3627,27.28,
,1.1815,1.3637,27.3,
,1.1823,1.3648,27.32,
,1.1823,1.3658,27.34,
,1.1812,1.3667,27.36,
,1.1802,1.3676,27.38,
,1.1797,1.3685,27.4,
,1.1804,1.3696,27.42,
,1.1818,1.3706,27.44,
,1.1827,1.3715,27.46,
,1.1826,1.3726,27.48,
,1.1822,1.3736,27.5,
,1.1813,1.3746,27.52,
,1.1803,1.3756,27.54,
,1.1798,1.3765,27.56,
,1.1801,1.3775,27.58,
,1.1809,1.3784,27.6,
,1.1821,1.3795,27.62,
,1.1831,1.3806,27.64,
,1.1828,1.3816,27.66,
,1.1812,1.3826,27.68,
,1.1801,1.3836,27.7,
,1.1799,1.3846,27.72,
,1.1804,1.3856,27.74,
,1.1815,1.3866,27.76,
,1.1825,1.3876,27.78,
,1.1828,1.3887,27.8,
,1.1824,1.3898,27.82,
,1.1819,1.3908,27.84,
,1.1809,1.3917,27.86,
,1.1801,1.3927,27.88,
,1.1805,1.3936,27.9,
,1.1815,1.3946,27.92,
,1.1828,1.3956,27.94,
,1.1838,1.3966,27.96,
,1.184,1.3976,27.98,
,1.183,1.3985,28,
,1.1819,1.3995,28.02,
,1.1817,1.4005,28.04,
,1.1819,1.4014,28.06,
,1.1822,1.4024,28.08,
,1.183,1.4035,28.1,
,1.1839,1.4045,28.12,
,1.1841,1.4056,28.14,
,1.1833,1.4066,28.16,
,1.1819,1.4075,28.18,
,1.1809,1.4085,28.2,
,1.1811,1.4095,28.22,
,1.1824,1.4106,28.24,
,1.1838,1.4115,28.26,
,1.1843,1.4126,28.28,
,1.1842,1.4136,28.3,
,1.1836,1.4147,28.32,
,1.1825,1.4156,28.34,
,1.1815,1.4166,28.36,
,1.1815,1.4176,28.38,
,1.1821,1.4186,28.4,
,1.1832,1.4197,28.42,
,1.1847,1.4208,28.44,
,1.185,1.4217,28.46,
,1.1837,1.4227,28.48,
,1.1822,1.4237,28.5,
,1.1816,1.4247,28.52,
,1.1819,1.4257,28.54,
,1.183,1.4266,28.56,
,1.1843,1.4276,28.58,
,1.1853,1.4286,28.6,
,1.1857,1.4297,28.62,
,1.1855,1.4307,28.64,
,1.1843,1.4316,28.66,
,1.1831,1.4325,28.68,
,1.1829,1.4335,28.7,
,1.1839,1.4345,28.72,
,1.1852,1.4355,28.74,
,1.1863,1.4366,28.76,
,1.1868,1.4376,28.78,
,1.1861,1.4385,28.8,
,1.185,1.4395,28.82,
,1.1844,1.4405,28.84,
,1.1847,1.4415,28.86,
,1.1851,1.4424,28.88,
,1.1858,1.4435,28.9,
,1.1869,1.4446,28.92,
,1.1876,1.4457,28.94,
,1.1871,1.4467,28.96,
,1.1858,1.4477,28.98,
,1.1845,1.4486,29,
,1.1842,1.4497,29.02,
,1.1853,1.4507,29.04,
,1.1866,1.4517,29.06,
,1.1871,1.4527,29.08,
,1.187,1.4538,29.1,
,1.1862,1.4547,29.12,
,1.1849,1.4557,29.14,
,1.1839,1.4566,29.16,
,1.1837,1.4575,29.18,
,1.1842,1.4585,29.2,
,1.1851,1.4595,29.22,
,1.1862,1.4606,29.24,
,1.1866,1.4616,29.26,
,1.1855,1.4626,29.28,
,1.184,1.4636,29.3,
,1.1833,1.4645,29.32,
,1.1832,1.4655,29.34,
,1.1838,1.4665,29.36,
,1.1847,1.4675,29.38,
,1.1855,1.4685,29.4,
,1.1856,1.4696,29.42,
,1.1853,1.4707,29.44,
,1.1843,1.4716,29.46,
,1.1831,1.4725,29.48,
,1.1828,1.4735,29.5,
,1.1836,1.4745,29.52,
,1.1848,1.4756,29.54,
,1.1857,1.4767,29.56,
,1.1859,1.4777,29.58,
,1.1846,1.4787,29.6,
,1.183,1.4797,29.62,
,1.1824,1.4807,29.64,
,1.1828,1.4817,29.66,
,1.1833,1.4826,29.68,
,1.1839,1.4837,29.7,
,1.1847,1.4847,29.72,
,1.1851,1.4857,29.74,
,1.1847,1.4867,29.76,
,1.1836,1.4877,29.78,
,1.1827,1.4886,29.8,
,1.1828,1.4895,29.82,
,1.1838,1.4906,29.84,
,1.1851,1.4915,29.86,
,1.1856,1.4925,29.88,
,1.1855,1.4936,29.9,
,1.1849,1.4946,29.92,
,1.1839,1.4955,29.94,
,1.183,1.4965,29.96,
,1.1828,1.4975,29.98,
,1.1832,1.4984,30,
,1.1841,1.4994,30.02,
,1.1853,1.5005,30.04,
,1.1863,1.5016,30.06,
,1.1857,1.5025,30.08,
,1.1843,1.5036,30.1,
,1.1832,1.5046,30.12,
,1.1829,1.5056,30.14,
,1.1834,1.5066,30.16,
,1.1844,1.5077,30.18,
,1.1851,1.5087,30.2,
,1.1852,1.5098,30.22,
,1.185,1.5108,30.24,
,1.1843,1.5118,30.26,
,1.183,1.5127,30.28,
,1.1826,1.5137,30.3,
,1.1833,1.5146,30.32,
,1.1842,1.5156,30.34,
,1.1853,1.5166,30.36,
,1.186,1.5176,30.38,
,1.1859,1.5186,30.4,
,1.1849,1.5195,30.42,
,1.1843,1.5205,30.44,
,1.1844,1.5215,30.46,
,1.1844,1.5224,30.48,
,1.1846,1.5234,30.5,
,1.1852,1.5245,30.52,
,1.1858,1.5256,30.54,
,1.1854,1.5266,30.56,
,1.1844,1.5276,30.58,
,1.1833,1.5285,30.6,
,1.1828,1.5295,30.62,
,1.1834,1.5305,30.64,
,1.1847,1.5315,30.66,
,1.1854,1.5325,30.68,
,1.1856,1.5336,30.7,
,1.1853,1.5346,30.72,
,1.1845,1.5356,30.74,
,1.1835,1.5366,30.76,
,1.183,1.5376,30.78,
,1.1832,1.5385,30.8,
,1.1838,1.5396,30.82,
,1.1851,1.5407,30.84,
,1.1861,1.5418,30.86,
,1.1853,1.5428,30.88,
,1.1837,1.5437,30.9,
,1.1827,1.5447,30.92,
,1.1825,1.5456,30.94,
,1.1832,1.5466,30.96,
,1.1845,1.5476,30.98,
,1.1855,1.5486,31,
,1.1861,1.5496,31.02,
,1.186,1.5507,31.04,
,1.185,1.5516,31.06,
,1.1835,1.5525,31.08,
,1.1828,1.5535,31.1,
,1.1834,1.5545,31.12,
,1.1846,1.5555,31.14,
,1.1858,1.5565,31.16,
,1.1866,1.5576,31.18,
,1.1862,1.5586,31.2,
,1.1848,1.5595,31.22,
,1.1836,1.5606,31.24,
,1.1832,1.5615,31.26,
,1.1833,1.5624,31.28,
,1.1839,1.5634,31.3,
,1.1853,1.5645,31.32,
,1.1864,1.5656,31.34,
,1.1865,1.5667,31.36,
,1.1853,1.5677,31.38,
,1.1834,1.5687,31.4,
,1.1821,1.5696,31.42,
,1.1826,1.5707,31.44,
,1.1843,1.5717,31.46,
,1.1857,1.5727,31.48,
,1.1864,1.5737,31.5,
,1.1866,1.5747,31.52,
,1.1857,1.5757,31.54,
,1.1845,1.5766,31.56,
,1.1836,1.5776,31.58,
,1.1835,1.5785,31.6,
,1.184,1.5795,31.62,
,1.1852,1.5805,31.64,
,1.1864,1.5816,31.66,
,1.1867,1.5825,31.68,
,1.1855,1.5835,31.7,
,1.1842,1.5845,31.72,
,1.1834,1.5855,31.74,
,1.1832,1.5865,31.76,
,1.1837,1.5875,31.78,
,1.1845,1.5885,31.8,
,1.1849,1.5896,31.82,
,1.1849,1.5907,31.84,
,1.1846,1.5916,31.86,
,1.1836,1.5926,31.88,
,1.1827,1.5935,31.9,
,1.183,1.5945,31.92,
,1.1841,1.5956,31.94,
,1.1854,1.5966,31.96,
,1.1862,1.5977,31.98,
,1.1856,1.5987,32,
,1.1841,1.5997,32.02,
,1.1831,1.6007,32.04,
,1.1834,1.6017,32.06,
,1.184,1.6026,32.08,
,1.1845,1.6036,32.1,
,1.1855,1.6047,32.12,
,1.1864,1.6057,32.14,
,1.1863,1.6067,32.16,
,1.1854,1.6077,32.18,
,1.1841,1.6086,32.2,
,1.1834,1.6095,32.22,
,1.1839,1.6105,32.24,
,1.1853,1.6116,32.26,
,1.1862,1.6125,32.28,
,1.1865,1.6136,32.3,
,1.1863,1.6146,32.32,
,1.1857,1.6156,32.34,
,1.1846,1.6165,32.36,
,1.1839,1.6175,32.38,
,1.184,1.6184,32.4,
,1.1847,1.6194,32.42,
,1.1858,1.6205,32.44,
,1.187,1.6216,32.46,
,1.187,1.6226,32.48,
,1.1853,1.6235,32.5,
,1.1838,1.6245,32.52,
,1.1834,1.6255,32.54,
,1.1839,1.6265,32.56,
,1.1852,1.6276,32.58,
,1.1864,1.6286,32.6,
,1.187,1.6297,32.62,
,1.187,1.6308,32.64,
,1.1865,1.6318,32.66,
,1.1852,1.6327,32.68,
,1.184,1.6337,32.7,
,1.1842,1.6346,32.72,
,1.1854,1.6356,32.74,
,1.187,1.6366,32.76,
,1.1884,1.6377,32.78,
,1.1889,1.6386,32.8,
,1.1881,1.6396,32.82,
,1.1867,1.6406,32.84,
,1.1861,1.6416,32.86,
,1.1858,1.6425,32.88,
,1.186,1.6434,32.9,
,1.1867,1.6445,32.92,
,1.188,1.6455,32.94,
,1.1888,1.6466,32.96,
,1.1885,1.6476,32.98,
,1.1871,1.6486,33,
,1.1857,1.6495,33.02,
,1.1852,1.6505,33.04,
,1.1859,1.6515,33.06,
,1.187,1.6525,33.08,
,1.1875,1.6535,33.1,
,1.1874,1.6546,33.12,
,1.1866,1.6556,33.14,
,1.1852,1.6566,33.16,
,1.1839,1.6576,33.18,
,1.1833,1.6586,33.2,
,1.1835,1.6595,33.22,
,1.1842,1.6606,33.24,
,1.1853,1.6617,33.26,
,1.1857,1.6627,33.28,
,1.1848,1.6637,33.3,
,1.1836,1.6647,33.32,
,1.183,1.6657,33.34,
,1.1831,1.6666,33.36,
,1.1839,1.6676,33.38,
,1.1848,1.6686,33.4,
,1.1853,1.6696,33.42,
,1.1853,1.6706,33.44,
,1.185,1.6717,33.46,
,1.1842,1.6726,33.48,
,1.1831,1.6735,33.5,
,1.1828,1.6745,33.52,
,1.1837,1.6755,33.54,
,1.1848,1.6765,33.56,
,1.1857,1.6775,33.58,
,1.1859,1.6785,33.6,
,1.1851,1.6795,33.62,
,1.1838,1.6805,33.64,
,1.1833,1.6815,33.66,
,1.1836,1.6825,33.68,
,1.1837,1.6834,33.7,
,1.1839,1.6845,33.72,
,1.1846,1.6856,33.74,
,1.185,1.6867,33.76,
,1.1844,1.6877,33.78,
,1.1831,1.6887,33.8,
,1.182,1.6896,33.82,
,1.1819,1.6907,33.84,
,1.1831,1.6917,33.86,
,1.1844,1.6927,33.88,
,1.1848,1.6937,33.9,
,1.1847,1.6948,33.92,
,1.1842,1.6957,33.94,
,1.1832,1.6967,33.96,
,1.1824,1.6976,33.98,
,1.1825,1.6985,34,
,1.183,1.6995,34.02,
,1.1838,1.7005,34.04,
,1.1847,1.7015,34.06,
,1.1851,1.7026,34.08,
,1.1841,1.7035,34.1,
,1.1827,1.7045,34.12,
,1.1818,1.7055,34.14,
,1.1817,1.7065,34.16,
,1.1822,1.7075,34.18,
,1.1832,1.7085,34.2,
,1.1839,1.7095,34.22,
,1.184,1.7105,34.24,
,1.1839,1.7116,34.26,
,1.1833,1.7126,34.28,
,1.1821,1.7135,34.3,
,1.1814,1.7145,34.32,
,1.1818,1.7155,34.34,
,1.1827,1.7166,34.36,
,1.1835,1.7176,34.38,
,1.1837,1.7187,34.4,
,1.1828,1.7197,34.42,
,1.1815,1.7207,34.44,
,1.1812,1.7218,34.46,
,1.1815,1.7227,34.48,
,1.1818,1.7237,34.5,
,1.1822,1.7247,34.52,
,1.1832,1.7258,34.54,
,1.1838,1.7268,34.56,
,1.1832,1.7277,34.58,
,1.1822,1.7286,34.6,
,1.1814,1.7296,34.62,
,1.1813,1.7305,34.64,
,1.1821,1.7315,34.66,
,1.1831,1.7325,34.68,
,1.1834,1.7335,34.7,
,1.1833,1.7346,34.72,
,1.183,1.7356,34.74,
,1.182,1.7365,34.76,
,1.1808,1.7375,34.78,
,1.1805,1.7385,34.8,
,1.1812,1.7394,34.82,
,1.1822,1.7404,34.84,
,1.1833,1.7415,34.86,
,1.1841,1.7426,34.88,
,1.1836,1.7436,34.9,
,1.1821,1.7446,34.92,
,1.1808,1.7456,34.94,
,1.1803,1.7466,34.96,
,1.1806,1.7476,34.98,
,1.1815,1.7487,35,
,1.1822,1.7497,35.02,
,1.1822,1.7508,35.04,
,1.182,1.7518,35.06,
,1.1814,1.7528,35.08,
,1.1803,1.7537,35.1,
,1.1797,1.7546,35.12,
,1.1802,1.7556,35.14,
,1.1814,1.7566,35.16,
,1.1828,1.7576,35.18,
,1.1836,1.7586,35.2,
,1.1832,1.7596,35.22,
,1.182,1.7605,35.24,
,1.181,1.7616,35.26,
,1.1806,1.7625,35.28,
,1.1803,1.7634,35.3,
,1.1802,1.7644,35.32,
,1.1811,1.7655,35.34,
,1.1819,1.7666,35.36,
,1.1818,1.7676,35.38,
,1.1809,1.7686,35.4,
,1.1798,1.7695,35.42,
,1.1791,1.7705,35.44,
,1.1797,1.7715,35.46,
,1.181,1.7725,35.48,
,1.1818,1.7735,35.5,
,1.1821,1.7746,35.52,
,1.1821,1.7757,35.54,
,1.1814,1.7766,35.56,
,1.1802,1.7777,35.58,
,1.1795,1.7786,35.6,
,1.1792,1.7796,35.62,
,1.1796,1.7806,35.64,
,1.1804,1.7818,35.66,
,1.1811,1.7828,35.68,
,1.1808,1.7838,35.7,
,1.1798,1.7848,35.72,
,1.1793,1.7857,35.74,
,1.1792,1.7867,35.76,
,1.1796,1.7876,35.78,
,1.1804,1.7886,35.8,
,1.1813,1.7896,35.82,
,1.1817,1.7906,35.84,
,1.1816,1.7917,35.86,
,1.1812,1.7926,35.88,
,1.1802,1.7935,35.9,
,1.1791,1.7945,35.92,
,1.179,1.7955,35.94,
,1.1796,1.7965,35.96,
,1.1803,1.7975,35.98,
,1.1806,1.7986,36,
,1.1798,1.7995,36.02,
,1.1784,1.8005,36.04,
,1.1777,1.8015,36.06,
,1.178,1.8025,36.08,
,1.1785,1.8034,36.1,
,1.1788,1.8045,36.12,
,1.1793,1.8056,36.14,
,1.1797,1.8067,36.16,
,1.1792,1.8077,36.18,
,1.1777,1.8087,36.2,
,1.1762,1.8096,36.22,
,1.1756,1.8106,36.24,
,1.1763,1.8117,36.26,
,1.1776,1.8127,36.28,
,1.1783,1.8137,36.3,
,1.178,1.8148,36.32,
,1.1771,1.8158,36.34,
,1.1758,1.8167,36.36,
,1.1748,1.8176,36.38,
,1.1748,1.8185,36.4,
,1.1757,1.8195,36.42,
,1.1768,1.8204,36.44,
,1.178,1.8215,36.46,
,1.1792,1.8226,36.48,
,1.1787,1.8236,36.5,
,1.1768,1.8246,36.52,
,1.1753,1.8255,36.54,
,1.1749,1.8265,36.56,
,1.1755,1.8275,36.58,
,1.1767,1.8285,36.6,
,1.1779,1.8295,36.62,
,1.1784,1.8305,36.64,
,1.1782,1.8316,36.66,
,1.1774,1.8327,36.68,
,1.1759,1.8336,36.7,
,1.1743,1.8345,36.72,
,1.1741,1.8355,36.74,
,1.1752,1.8365,36.76,
,1.1767,1.8376,36.78,
,1.1778,1.8387,36.8,
,1.1778,1.8397,36.82,
,1.1765,1.8407,36.84,
,1.1751,1.8418,36.86,
,1.1749,1.8427,36.88,
,1.1749,1.8436,36.9,
,1.175,1.8446,36.92,
,1.1759,1.8457,36.94,
,1.1771,1.8467,36.96,
,1.1773,1.8477,36.98,
,1.1765,1.8487,37,
,1.175,1.8496,37.02,
,1.1738,1.8506,37.04,
,1.1737,1.8516,37.06,
,1.1745,1.8525,37.08,
,1.1753,1.8535,37.1,
,1.1755,1.8545,37.12,
,1.1755,1.8556,37.14,
,1.1752,1.8566,37.16,
,1.1742,1.8575,37.18,
,1.1732,1.8585,37.2,
,1.173,1.8595,37.22,
,1.1735,1.8604,37.24,
,1.1742,1.8615,37.26,
,1.1751,1.8626,37.28,
,1.1753,1.8636,37.3,
,1.1744,1.8646,37.32,
,1.1733,1.8656,37.34,
,1.1727,1.8666,37.36,
,1.1727,1.8676,37.38,
,1.1731,1.8687,37.4,
,1.1737,1.8697,37.42,
,1.1737,1.8707,37.44,
,1.1733,1.8718,37.46,
,1.1731,1.8728,37.48,
,1.1727,1.8737,37.5,
,1.1721,1.8747,37.52,
,1.1722,1.8757,37.54,
,1.173,1.8766,37.56,
,1.1739,1.8776,37.58,
,1.1745,1.8787,37.6,
,1.1743,1.8796,37.62,
,1.1732,1.8805,37.64,
,1.1723,1.8815,37.66,
,1.1722,1.8825,37.68,
,1.1726,1.8834,37.7,
,1.1728,1.8844,37.72,
,1.173,1.8855,37.74,
,1.1733,1.8866,37.76,
,1.1729,1.8876,37.78,
,1.1716,1.8886,37.8,
,1.1703,1.8896,37.82,
,1.1697,1.8905,37.84,
,1.1701,1.8915,37.86,
,1.1714,1.8926,37.88,
,1.1728,1.8936,37.9,
,1.1729,1.8946,37.92,
,1.1724,1.8957,37.94,
,1.1715,1.8967,37.96,
,1.1701,1.8977,37.98,
,1.1693,1.8986,38,
,1.1695,1.8996,38.02,
,1.1701,1.9006,38.04,
,1.171,1.9016,38.06,
,1.1721,1.9028,38.08,
,1.1723,1.9038,38.1,
,1.1707,1.9048,38.12,
,1.1689,1.9058,38.14,
,1.168,1.9067,38.16,
,1.1681,1.9076,38.18,
,1.1692,1.9086,38.2,
,1.1708,1.9096,38.22,
,1.1717,1.9106,38.24,
,1.1719,1.9116,38.26,
,1.1714,1.9127,38.28,
,1.1702,1.9136,38.3,
,1.1686,1.9145,38.32,
,1.1678,1.9155,38.34,
,1.1683,1.9165,38.36,
,1.1694,1.9175,38.38,
,1.1706,1.9185,38.4,
,1.1711,1.9195,38.42,
,1.1704,1.9205,38.44,
,1.169,1.9215,38.46,
,1.168,1.9226,38.48,
,1.1679,1.9235,38.5,
,1.1677,1.9244,38.52,
,1.168,1.9255,38.54,
,1.169,1.9266,38.56,
,1.1697,1.9277,38.58,
,1.1695,1.9287,38.6,
,1.1685,1.9297,38.62,
,1.1669,1.9307,38.64,
,1.166,1.9317,38.66,
,1.1664,1.9327,38.68,
,1.1674,1.9337,38.7,
,1.1677,1.9347,38.72,
,1.1678,1.9357,38.74,
,1.1678,1.9367,38.76,
,1.1672,1.9377,38.78,
,1.1664,1.9386,38.8,
,1.1663,1.9396,38.82,
,1.1663,1.9405,38.84,
,1.1666,1.9415,38.86,
,1.1672,1.9426,38.88,
,1.1676,1.9436,38.9,
,1.1669,1.9445,38.92,
,1.1661,1.9455,38.94,
,1.1657,1.9465,38.96,
,1.1657,1.9475,38.98,
,1.1658,1.9485,39,
,1.1661,1.9495,39.02,
,1.1663,1.9505,39.04,
,1.1659,1.9516,39.06,
,1.1655,1.9526,39.08,
,1.1653,1.9536,39.1,
,1.1646,1.9545,39.12,
,1.1642,1.9555,39.14,
,1.1647,1.9565,39.16,
,1.1655,1.9576,39.18,
,1.1661,1.9587,39.2,
,1.1659,1.9597,39.22,
,1.1647,1.9607,39.24,
,1.1633,1.9617,39.26,
,1.1632,1.9627,39.28,
,1.164,1.9637,39.3,
,1.1643,1.9646,39.32,
,1.1645,1.9657,39.34,
,1.1649,1.9667,39.36,
,1.1647,1.9677,39.38,
,1.1637,1.9687,39.4,
,1.1625,1.9696,39.42,
,1.1619,1.9705,39.44,
,1.162,1.9715,39.46,
,1.1631,1.9725,39.48,
,1.1644,1.9735,39.5,
,1.1647,1.9745,39.52,
,1.1641,1.9756,39.54,
,1.1631,1.9766,39.56,
,1.162,1.9775,39.58,
,1.1608,1.9785,39.6,
,1.1605,1.9794,39.62,
,1.1612,1.9804,39.64,
,1.1622,1.9814,39.66,
,1.1633,1.9825,39.68,
,1.164,1.9836,39.7,
,1.1628,1.9846,39.72,
,1.1608,1.9856,39.74,
,1.1595,1.9866,39.76,
,1.1592,1.9875,39.78,
,1.1599,1.9886,39.8,
,1.1612,1.9896,39.82,
,1.1619,1.9907,39.84,
,1.1619,1.9918,39.86,
,1.1614,1.9929,39.88,
,1.1603,1.9938,39.9,
,1.1588,1.9947,39.92,
,1.1581,1.9957,39.94,
,1.1587,1.9966,39.96,
,1.16,1.9976,39.98,
,1.1612,1.9986,40,
,1.1619,1.9996,40.02,
,1.1613,2.0006,40.04,
,1.16,2.0015,40.06,
,1.1589,2.0026,40.08,
,1.1585,2.0035,40.1,
,1.1584,2.0044,40.12,
,1.1584,2.0054,40.14,
,1.159,2.0065,40.16,
,1.1598,2.0076,40.18,
,1.1598,2.0086,40.2,
,1.1587,2.0096,40.22,
,1.1573,2.0105,40.24,
,1.1564,2.0115,40.26,
,1.1568,2.0126,40.28,
,1.1578,2.0136,40.3,
,1.1583,2.0145,40.32,
,1.1584,2.0156,40.34,
,1.1582,2.0167,40.36,
,1.1575,2.0177,40.38,
,1.1566,2.0187,40.4,
,1.156,2.0197,40.42,
,1.1558,2.0206,40.44,
,1.156,2.0216,40.46,
,1.1567,2.0228,40.48,
,1.1575,2.0238,40.5,
,1.1571,2.0248,40.52,
,1.1557,2.0258,40.54,
,1.1549,2.0267,40.56,
,1.1548,2.0277,40.58,
,1.1552,2.0287,40.6,
,1.1558,2.0296,40.62,
,1.1564,2.0306,40.64,
,1.1563,2.0316,40.66,
,1.156,2.0327,40.68,
,1.1556,2.0337,40.7,
,1.1546,2.0346,40.72,
,1.1537,2.0355,40.74,
,1.1537,2.0365,40.76,
,1.1544,2.0375,40.78,
,1.1551,2.0386,40.8,
,1.1553,2.0396,40.82,
,1.1546,2.0405,40.84,
,1.1534,2.0415,40.86,
,1.1527,2.0425,40.88,
,1.1529,2.0435,40.9,
,1.1533,2.0445,40.92,
,1.1533,2.0455,40.94,
,1.1536,2.0466,40.96,
,1.1539,2.0477,40.98,
,1.1532,2.0487,41,
,1.1517,2.0497,41.02,
,1.1505,2.0507,41.04,
,1.1503,2.0516,41.06,
,1.1511,2.0527,41.08,
,1.1525,2.0537,41.1,
,1.1531,2.0547,41.12,
,1.1526,2.0558,41.14,
,1.1518,2.0568,41.16,
,1.1508,2.0577,41.18,
,1.1499,2.0586,41.2,
,1.1497,2.0596,41.22,
,1.1503,2.0605,41.24,
,1.1511,2.0615,41.26,
,1.1519,2.0625,41.28,
,1.1525,2.0636,41.3,
,1.1517,2.0646,41.32,
,1.1499,2.0656,41.34,
,1.1487,2.0666,41.36,
,1.1483,2.0675,41.38,
,1.1486,2.0685,41.4,
,1.1494,2.0695,41.42,
,1.1503,2.0705,41.44,
,1.1505,2.0715,41.46,
,1.15,2.0727,41.48,
,1.149,2.0737,41.5,
,1.1477,2.0746,41.52,
,1.1466,2.0756,41.54,
,1.1466,2.0766,41.56,
,1.1476,2.0776,41.58,
,1.1488,2.0787,41.6,
,1.1492,2.0797,41.62,
,1.1485,2.0807,41.64,
,1.1469,2.0817,41.66,
,1.1458,2.0828,41.68,
,1.1459,2.0838,41.7,
,1.1462,2.0847,41.72,
,1.1463,2.0857,41.74,
,1.1467,2.0867,41.76,
,1.1472,2.0877,41.78,
,1.1471,2.0887,41.8,
,1.1464,2.0897,41.82,
,1.1453,2.0906,41.84,
,1.1444,2.0915,41.86,
,1.1446,2.0925,41.88,
,1.1456,2.0936,41.9,
,1.1463,2.0945,41.92,
,1.1461,2.0955,41.94,
,1.1456,2.0966,41.96,
,1.1449,2.0976,41.98,
,1.1438,2.0985,42,
,1.1432,2.0995,42.02,
,1.1433,2.1004,42.04,
,1.1438,2.1014,42.06,
,1.1442,2.1025,42.08,
,1.1448,2.1036,42.1,
,1.1446,2.1046,42.12,
,1.1432,2.1056,42.14,
,1.1419,2.1066,42.16,
,1.1415,2.1076,42.18,
,1.1418,2.1086,42.2,
,1.1424,2.1096,42.22,
,1.1429,2.1107,42.24,
,1.1427,2.1117,42.26,
,1.1419,2.1128,42.28,
,1.1413,2.1138,42.3,
,1.1406,2.1147,42.32,
,1.1398,2.1156,42.34,
,1.1398,2.1166,42.36,
,1.1406,2.1176,42.38,
,1.1415,2.1186,42.4,
,1.1419,2.1196,42.42,
,1.1414,2.1206,42.44,
,1.1403,2.1215,42.46,
,1.1391,2.1225,42.48,
,1.139,2.1235,42.5,
,1.1395,2.1244,42.52,
,1.1397,2.1253,42.54,
,1.1398,2.1264,42.56,
,1.14,2.1275,42.58,
,1.1397,2.1285,42.6,
,1.1386,2.1296,42.62,
,1.1373,2.1305,42.64,
,1.1364,2.1314,42.66,
,1.1365,2.1324,42.68,
,1.1375,2.1335,42.7,
,1.1386,2.1345,42.72,
,1.1386,2.1355,42.74,
,1.138,2.1366,42.76,
,1.1371,2.1376,42.78,
,1.136,2.1386,42.8,
,1.1352,2.1396,42.82,
,1.1351,2.1406,42.84,
,1.1354,2.1415,42.86,
,1.1359,2.1426,42.88,
,1.1367,2.1437,42.9,
,1.1369,2.1448,42.92,
,1.1354,2.1457,42.94,
,1.1338,2.1467,42.96,
,1.1331,2.1477,42.98,
,1.1333,2.1486,43,
,1.134,2.1496,43.02,
,1.135,2.1506,43.04,
,1.1353,2.1516,43.06,
,1.1349,2.1526,43.08,
,1.1342,2.1536,43.1,
,1.1334,2.1546,43.12,
,1.1322,2.1555,43.14,
,1.1316,2.1565,43.16,
,1.1322,2.1575,43.18,
,1.1331,2.1585,43.2,
,1.1337,2.1595,43.22,
,1.1334,2.1606,43.24,
,1.1324,2.1615,43.26,
,1.1311,2.1625,43.28,
,1.1306,2.1636,43.3,
,1.1307,2.1645,43.32,
,1.1308,2.1655,43.34,
,1.1308,2.1665,43.36,
,1.1313,2.1676,43.38,
,1.1314,2.1687,43.4,
,1.1306,2.1698,43.42,
,1.1293,2.1707,43.44,
,1.1283,2.1717,43.46,
,1.128,2.1727,43.48,
,1.1287,2.1737,43.5,
,1.1297,2.1747,43.52,
,1.1296,2.1757,43.54,
,1.1291,2.1768,43.56,
,1.1285,2.1777,43.58,
,1.1275,2.1787,43.6,
,1.127,2.1796,43.62,
,1.127,2.1806,43.64,
,1.1273,2.1815,43.66,
,1.1278,2.1825,43.68,
,1.1283,2.1836,43.7,
,1.1282,2.1846,43.72,
,1.127,2.1855,43.74,
,1.1254,2.1865,43.76,
,1.1249,2.1875,43.78,
,1.125,2.1885,43.8,
,1.1255,2.1895,43.82,
,1.126,2.1905,43.84,
,1.1261,2.1915,43.86,
,1.1254,2.1926,43.88,
,1.1248,2.1936,43.9,
,1.1242,2.1946,43.92,
,1.1233,2.1955,43.94,
,1.1228,2.1965,43.96,
,1.1232,2.1975,43.98,
,1.124,2.1985,44,
,1.1244,2.1996,44.02,
,1.1241,2.2007,44.04,
,1.1228,2.2017,44.06,
,1.1213,2.2027,44.08,
,1.1211,2.2037,44.1,
,1.1216,2.2047,44.12,
,1.1217,2.2056,44.14,
,1.1216,2.2067,44.16,
,1.1218,2.2077,44.18,
,1.1217,2.2088,44.2,
,1.121,2.2098,44.22,
,1.1201,2.2107,44.24,
,1.1193,2.2116,44.26,
,1.1191,2.2126,44.28,
,1.1197,2.2136,44.3,
,1.1206,2.2146,44.32,
,1.1206,2.2155,44.34,
,1.1199,2.2166,44.36,
,1.1192,2.2176,44.38,
,1.1183,2.2186,44.4,
,1.1174,2.2196,44.42,
,1.117,2.2205,44.44,
,1.1172,2.2215,44.46,
,1.1176,2.2225,44.48,
,1.1182,2.2235,44.5,
,1.1184,2.2246,44.52,
,1.1174,2.2256,44.54,
,1.1158,2.2266,44.56,
,1.115,2.2276,44.58,
,1.1149,2.2286,44.6,
,1.1153,2.2296,44.62,
,1.116,2.2307,44.64,
,1.116,2.2317,44.66,
,1.1153,2.2327,44.68,
,1.1145,2.2338,44.7,
,1.1138,2.2348,44.72,
,1.1128,2.2357,44.74,
,1.1124,2.2366,44.76,
,1.1128,2.2376,44.78,
,1.1136,2.2386,44.8,
,1.1143,2.2396,44.82,
,1.1142,2.2406,44.84,
,1.1131,2.2416,44.86,
,1.1117,2.2425,44.88,
,1.1112,2.2436,44.9,
,1.1114,2.2445,44.92,
,1.1116,2.2454,44.94,
,1.1114,2.2464,44.96,
,1.1117,2.2475,44.98,
,1.1118,2.2486,45,
,1.111,2.2496,45.02,
,1.1097,2.2506,45.04,
,1.1086,2.2515,45.06,
,1.1082,2.2525,45.08,
,1.1088,2.2535,45.1,
,1.1098,2.2545,45.12,
,1.1099,2.2555,45.14,
,1.1091,2.2566,45.16,
,1.1082,2.2577,45.18,
,1.1075,2.2587,45.2,
,1.1067,2.2597,45.22,
,1.1065,2.2606,45.24,
,1.1066,2.2616,45.26,
,1.1067,2.2626,45.28,
,1.1071,2.2638,45.3,
,1.1072,2.2648,45.32,
,1.106,2.2658,45.34,
,1.1044,2.2668,45.36,
,1.1037,2.2677,45.38,
,1.1039,2.2687,45.4,
,1.1045,2.2696,45.42,
,1.105,2.2706,45.44,
,1.1051,2.2716,45.46,
,1.1046,2.2726,45.48,
,1.1039,2.2737,45.5,
,1.1033,2.2746,45.52,
,1.1023,2.2755,45.54,
,1.1016,2.2765,45.56,
,1.1019,2.2775,45.58,
,1.1026,2.2785,45.6,
,1.1031,2.2795,45.62,
,1.1028,2.2806,45.64,
,1.1017,2.2815,45.66,
,1.1004,2.2825,45.68,
,1.0996,2.2836,45.7,
,1.0997,2.2846,45.72,
,1.0999,2.2855,45.74,
,1.0997,2.2865,45.76,
,1.0999,2.2876,45.78,
,1.0999,2.2886,45.8,
,1.0992,2.2897,45.82,
,1.098,2.2907,45.84,
,1.0969,2.2917,45.86,
,1.0963,2.2926,45.88,
,1.0968,2.2937,45.9,
,1.0977,2.2947,45.92,
,1.0979,2.2957,45.94,
,1.0972,2.2967,45.96,
,1.0964,2.2978,45.98,
,1.0954,2.2987,46,
,1.0947,2.2996,46.02,
,1.0946,2.3006,46.04,
,1.095,2.3015,46.06,
,1.0953,2.3025,46.08,
,1.0955,2.3035,46.1,
,1.0956,2.3046,46.12,
,1.0948,2.3056,46.14,
,1.093,2.3065,46.16,
,1.092,2.3076,46.18,
,1.092,2.3085,46.2,
,1.0924,2.3095,46.22,
,1.0926,2.3105,46.24,
,1.0926,2.3115,46.26,
,1.0921,2.3125,46.28,
,1.0913,2.3136,46.3,
,1.0908,2.3146,46.32,
,1.09,2.3156,46.34,
,1.0892,2.3165,46.36,
,1.0892,2.3175,46.38,
,1.0898,2.3186,46.4,
,1.0902,2.3196,46.42,
,1.0899,2.3207,46.44,
,1.0889,2.3217,46.46,
,1.0874,2.3227,46.48,
,1.0866,2.3237,46.5,
,1.0869,2.3247,46.52,
,1.0872,2.3257,46.54,
,1.0871,2.3266,46.56,
,1.087,2.3277,46.58,
,1.0869,2.3287,46.6,
,1.0864,2.3297,46.62,
,1.0854,2.3307,46.64,
,1.0845,2.3316,46.66,
,1.0841,2.3325,46.68,
,1.0843,2.3335,46.7,
,1.0851,2.3345,46.72,
,1.0853,2.3355,46.74,
,1.0843,2.3365,46.76,
,1.0834,2.3376,46.78,
,1.0826,2.3386,46.8,
,1.0818,2.3395,46.82,
,1.0815,2.3405,46.84,
,1.0815,2.3414,46.86,
,1.0817,2.3424,46.88,
,1.0817,2.3435,46.9,
,1.0819,2.3446,46.92,
,1.0812,2.3456,46.94,
,1.0797,2.3466,46.96,
,1.0786,2.3476,46.98,
,1.0783,2.3486,47,
,1.0786,2.3496,47.02,
,1.079,2.3506,47.04,
,1.079,2.3517,47.06,
,1.0783,2.3527,47.08,
,1.0773,2.3538,47.1,
,1.0767,2.3548,47.12,
,1.0761,2.3558,47.14,
,1.0753,2.3567,47.16,
,1.0752,2.3577,47.18,
,1.0758,2.3586,47.2,
,1.0762,2.3596,47.22,
,1.0762,2.3606,47.24,
,1.0754,2.3616,47.26,
,1.0741,2.3626,47.28,
,1.073,2.3635,47.3,
,1.073,2.3645,47.32,
,1.0733,2.3655,47.34,
,1.0732,2.3664,47.36,
,1.0731,2.3674,47.38,
,1.073,2.3685,47.4,
,1.0725,2.3696,47.42,
,1.0714,2.3706,47.44,
,1.0701,2.3716,47.46,
,1.0693,2.3725,47.48,
,1.0693,2.3735,47.5,
,1.0701,2.3745,47.52,
,1.0706,2.3755,47.54,
,1.07,2.3765,47.56,
,1.0689,2.3776,47.58,
,1.0683,2.3786,47.6,
,1.0676,2.3796,47.62,
,1.067,2.3806,47.64,
,1.0667,2.3816,47.66,
,1.0666,2.3826,47.68,
,1.0666,2.3836,47.7,
,1.0668,2.3848,47.72,
,1.0664,2.3858,47.74,
,1.0648,2.3867,47.76,
,1.0635,2.3878,47.78,
,1.0633,2.3887,47.8,
,1.0635,2.3896,47.82,
,1.064,2.3906,47.84,
,1.0642,2.3916,47.86,
,1.0638,2.3926,47.88,
,1.0629,2.3936,47.9,
,1.0622,2.3947,47.92,
,1.0615,2.3956,47.94,
,1.0606,2.3965,47.96,
,1.0601,2.3975,47.98,
,1.0605,2.3985,48,
,1.0608,2.3995,48.02,
,1.0606,2.4005,48.04,
,1.06,2.4016,48.06,
,1.0588,2.4025,48.08,
,1.0577,2.4035,48.1,
,1.0575,2.4045,48.12,
,1.0577,2.4055,48.14,
,1.0576,2.4065,48.16,
,1.0571,2.4075,48.18,
,1.0569,2.4086,48.2,
,1.0565,2.4097,48.22,
,1.0555,2.4107,48.24,
,1.0545,2.4117,48.26,
,1.0536,2.4126,48.28,
,1.0533,2.4136,48.3,
,1.0539,2.4147,48.32,
,1.0545,2.4157,48.34,
,1.0538,2.4167,48.36,
,1.0527,2.4177,48.38,
,1.0519,2.4187,48.4,
,1.0512,2.4196,48.42,
,1.0508,2.4206,48.44,
,1.0507,2.4215,48.46,
,1.0509,2.4224,48.48,
,1.0508,2.4234,48.5,
,1.0508,2.4245,48.52,
,1.0503,2.4256,48.54,
,1.049,2.4265,48.56,
,1.0476,2.4275,48.58,
,1.0472,2.4285,48.6,
,1.0473,2.4295,48.62,
,1.0475,2.4305,48.64,
,1.0474,2.4315,48.66,
,1.047,2.4325,48.68,
,1.0462,2.4335,48.7,
,1.0455,2.4346,48.72,
,1.0448,2.4356,48.74,
,1.0438,2.4365,48.76,
,1.0432,2.4375,48.78,
,1.0434,2.4385,48.8,
,1.0439,2.4396,48.82,
,1.0438,2.4406,48.84,
,1.0429,2.4417,48.86,
,1.0415,2.4427,48.88,
,1.0403,2.4437,48.9,
,1.0399,2.4448,48.92,
,1.0402,2.4457,48.94,
,1.04,2.4467,48.96,
,1.0395,2.4477,48.98,
,1.0395,2.4487,49,
,1.0392,2.4497,49.02,
,1.0384,2.4507,49.04,
,1.0373,2.4517,49.06,
,1.0365,2.4526,49.08,
,1.0362,2.4535,49.1,
,1.0366,2.4546,49.12,
,1.0371,2.4555,49.14,
,1.0364,2.4565,49.16,
,1.0353,2.4575,49.18,
,1.0346,2.4586,49.2,
,1.0341,2.4596,49.22,
,1.0333,2.4605,49.24,
,1.0327,2.4615,49.26,
,1.0325,2.4624,49.28,
,1.0325,2.4634,49.3,
,1.0326,2.4645,49.32,
,1.0325,2.4656,49.34,
,1.0312,2.4665,49.36,
,1.0296,2.4676,49.38,
,1.0289,2.4686,49.4,
,1.0289,2.4696,49.42,
,1.0291,2.4706,49.44,
,1.029,2.4717,49.46,
,1.0284,2.4727,49.48,
,1.0273,2.4737,49.5,
,1.0267,2.4748,49.52,
,1.0261,2.4758,49.54,
,1.0252,2.4767,49.56,
,1.0246,2.4777,49.58,
,1.0247,2.4786,49.6,
,1.025,2.4796,49.62,
,1.0249,2.4807,49.64,
,1.0244,2.4817,49.66,
,1.0232,2.4826,49.68,
,1.022,2.4835,49.7,
,1.0216,2.4846,49.72,
,1.0219,2.4855,49.74,
,1.0218,2.4864,49.76,
,1.0212,2.4875,49.78,
,1.0207,2.4885,49.8,
,1.0203,2.4896,49.82,
,1.0194,2.4906,49.84,
,1.0183,2.4916,49.86,
,1.0174,2.4925,49.88,
,1.0168,2.4935,49.9,
,1.017,2.4945,49.92,
,1.0175,2.4955,49.94,
,1.0171,2.4965,49.96,
,1.0159,2.4976,49.98,
,1.015,2.4986,50,
,1.0143,2.4996,50.02,
,1.0137,2.5006,50.04,
,1.0132,2.5016,50.06,
,1.0128,2.5026,50.08,
,1.0126,2.5036,50.1,
,1.0125,2.5047,50.12,
,1.0123,2.5058,50.14,
,1.011,2.5067,50.16,
,1.0093,2.5077,50.18,
,1.0087,2.5087,50.2,
,1.0088,2.5096,50.22,
,1.009,2.5106,50.24,
,1.0091,2.5116,50.26,
,1.0086,2.5126,50.28,
,1.0077,2.5136,50.3,
,1.0068,2.5146,50.32,
,1.0061,2.5156,50.34,
,1.0052,2.5165,50.36,
,1.0045,2.5175,50.38,
,1.0046,2.5185,50.4,
,1.0048,2.5194,50.42,
,1.0046,2.5205,50.44,
,1.0038,2.5215,50.46,
,1.0028,2.5225,50.48,
,1.0015,2.5235,50.5,
,1.0006,2.5245,50.52,
,1.0007,2.5255,50.54,
,1.0006,2.5265,50.56,
,0.9999,2.5275,50.58,
,0.9995,2.5286,50.6,
,0.9993,2.5296,50.62,
,0.9984,2.5307,50.64,
,0.9972,2.5318,50.66,
,0.9958,2.5327,50.68,
,0.9951,2.5337,50.7,
,0.9955,2.5347,50.72,
,0.996,2.5357,50.74,
,0.9954,2.5367,50.76,
,0.994,2.5377,50.78,
,0.9932,2.5387,50.8,
,0.9927,2.5397,50.82,
,0.9921,2.5406,50.84,
,0.9915,2.5416,50.86,
,0.9915,2.5425,50.88,
,0.9913,2.5434,50.9,
,0.991,2.5445,50.92,
,0.9907,2.5455,50.94,
,0.9897,2.5465,50.96,
,0.9881,2.5475,50.98,
,0.9872,2.5485,51,
,0.9871,2.5495,51.02,
,0.9869,2.5504,51.04,
,0.9866,2.5515,51.06,
,0.9862,2.5525,51.08,
,0.9853,2.5535,51.1,
,0.9844,2.5546,51.12,
,0.9839,2.5556,51.14,
,0.9829,2.5566,51.16,
,0.9818,2.5575,51.18,
,0.9816,2.5585,51.2,
,0.9819,2.5595,51.22,
,0.9817,2.5606,51.24,
,0.9809,2.5617,51.26,
,0.9797,2.5627,51.28,
,0.9782,2.5637,51.3,
,0.9775,2.5647,51.32,
,0.9776,2.5657,51.34,
,0.9776,2.5666,51.36,
,0.9768,2.5676,51.38,
,0.9761,2.5687,51.4,
,0.9759,2.5697,51.42,
,0.9753,2.5707,51.44,
,0.9741,2.5717,51.46,
,0.9729,2.5726,51.48,
,0.9723,2.5735,51.5,
,0.9722,2.5745,51.52,
,0.9728,2.5756,51.54,
,0.9724,2.5765,51.56,
,0.9709,2.5775,51.58,
,0.9699,2.5786,51.6,
,0.9694,2.5796,51.62,
,0.9687,2.5806,51.64,
,0.9679,2.5815,51.66,
,0.9674,2.5825,51.68,
,0.9671,2.5834,51.7,
,0.9669,2.5845,51.72,
,0.9666,2.5856,51.74,
,0.9656,2.5866,51.76,
,0.964,2.5876,51.78,
,0.9629,2.5886,51.8,
,0.9627,2.5896,51.82,
,0.9625,2.5906,51.84,
,0.9622,2.5916,51.86,
,0.9616,2.5927,51.88,
,0.9606,2.5937,51.9,
,0.9595,2.5947,51.92,
,0.959,2.5958,51.94,
,0.9584,2.5967,51.96,
,0.9573,2.5977,51.98,
,0.9568,2.5986,52,
,0.9569,2.5996,52.02,
,0.9566,2.6006,52.04,
,0.956,2.6016,52.06,
,0.9551,2.6026,52.08,
,0.9538,2.6035,52.1,
,0.9528,2.6045,52.12,
,0.9527,2.6055,52.14,
,0.9527,2.6065,52.16,
,0.9519,2.6074,52.18,
,0.951,2.6084,52.2,
,0.9505,2.6095,52.22,
,0.9499,2.6106,52.24,
,0.9487,2.6116,52.26,
,0.9474,2.6125,52.28,
,0.9464,2.6135,52.3,
,0.9463,2.6145,52.32,
,0.9466,2.6155,52.34,
,0.9462,2.6166,52.36,
,0.9448,2.6176,52.38,
,0.9436,2.6186,52.4,
,0.9432,2.6197,52.42,
,0.9426,2.6207,52.44,
,0.9416,2.6216,52.46,
,0.9409,2.6226,52.48,
,0.9403,2.6236,52.5,
,0.9398,2.6247,52.52,
,0.9397,2.6258,52.54,
,0.9388,2.6268,52.56,
,0.937,2.6278,52.58,
,0.9358,2.6288,52.6,
,0.9355,2.6297,52.62,
,0.9353,2.6306,52.64,
,0.9351,2.6316,52.66,
,0.9349,2.6326,52.68,
,0.934,2.6336,52.7,
,0.9328,2.6346,52.72,
,0.9321,2.6357,52.74,
,0.9313,2.6366,52.76,
,0.9302,2.6375,52.78,
,0.9294,2.6385,52.8,
,0.9292,2.6395,52.82,
,0.929,2.6405,52.84,
,0.9284,2.6415,52.86,
,0.9274,2.6426,52.88,
,0.9261,2.6435,52.9,
,0.9249,2.6445,52.92,
,0.9245,2.6456,52.94,
,0.9243,2.6465,52.96,
,0.9234,2.6475,52.98,
,0.9224,2.6485,53,
,0.9222,2.6496,53.02,
,0.9216,2.6507,53.04,
,0.9203,2.6517,53.06,
,0.919,2.6527,53.08,
,0.9178,2.6536,53.1,
,0.9174,2.6547,53.12,
,0.9176,2.6557,53.14,
,0.9172,2.6567,53.16,
,0.9158,2.6577,53.18,
,0.9146,2.6587,53.2,
,0.914,2.6597,53.22,
,0.9132,2.6607,53.24,
,0.9123,2.6616,53.26,
,0.9118,2.6626,53.28,
,0.9113,2.6635,53.3,
,0.9106,2.6645,53.32,
,0.9101,2.6656,53.34,
,0.9095,2.6666,53.36,
,0.908,2.6676,53.38,
,0.9066,2.6685,53.4,
,0.9061,2.6695,53.42,
,0.9058,2.6705,53.44,
,0.9052,2.6715,53.46,
,0.9045,2.6725,53.48,
,0.9034,2.6735,53.5,
,0.9023,2.6745,53.52,
,0.9016,2.6756,53.54,
,0.901,2.6766,53.56,
,0.8997,2.6775,53.58,
,0.8986,2.6785,53.6,
,0.8985,2.6795,53.62,
,0.8983,2.6805,53.64,
,0.8975,2.6816,53.66,
,0.8962,2.6827,53.68,
,0.8947,2.6836,53.7,
,0.8935,2.6846,53.72,
,0.8933,2.6857,53.74,
,0.8931,2.6867,53.76,
,0.8918,2.6876,53.78,
,0.8906,2.6887,53.8,
,0.8903,2.6897,53.82,
,0.8897,2.6907,53.84,
,0.8884,2.6917,53.86,
,0.887,2.6926,53.88,
,0.8862,2.6936,53.9,
,0.8859,2.6945,53.92,
,0.8858,2.6955,53.94,
,0.8853,2.6965,53.96,
,0.8839,2.6975,53.98,
,0.8825,2.6986,54,
,0.8819,2.6996,54.02,
,0.881,2.7006,54.04,
,0.8797,2.7015,54.06,
,0.8788,2.7025,54.08,
,0.8785,2.7034,54.1,
,0.878,2.7044,54.12,
,0.8773,2.7055,54.14,
,0.8764,2.7066,54.16,
,0.8747,2.7076,54.18,
,0.8731,2.7086,54.2,
,0.8725,2.7096,54.22,
,0.872,2.7106,54.24,
,0.8713,2.7116,54.26,
,0.8708,2.7127,54.28,
,0.8697,2.7137,54.3,
,0.8684,2.7147,54.32,
,0.8675,2.7158,54.34,
,0.8666,2.7168,54.36,
,0.8651,2.7177,54.38,
,0.864,2.7187,54.4,
,0.8638,2.7196,54.42,
,0.8636,2.7206,54.44,
,0.8629,2.7216,54.46,
,0.8616,2.7227,54.48,
,0.8601,2.7236,54.5,
,0.8589,2.7246,54.52,
,0.8583,2.7256,54.54,
,0.8578,2.7265,54.56,
,0.8567,2.7274,54.58,
,0.8556,2.7284,54.6,
,0.8552,2.7295,54.62,
,0.8547,2.7305,54.64,
,0.8531,2.7315,54.66,
,0.8515,2.7326,54.68,
,0.8504,2.7335,54.7,
,0.8497,2.7345,54.72,
,0.8491,2.7355,54.74,
,0.8485,2.7365,54.76,
,0.8472,2.7375,54.78,
,0.8459,2.7386,54.8,
,0.8453,2.7396,54.82,
,0.8443,2.7406,54.84,
,0.8428,2.7416,54.86,
,0.8418,2.7427,54.88,
,0.8409,2.7436,54.9,
,0.84,2.7446,54.92,
,0.8392,2.7457,54.94,
,0.8384,2.7468,54.96,
,0.8369,2.7477,54.98,
,0.8352,2.7487,55,
,0.8345,2.7497,55.02,
,0.834,2.7507,55.04,
,0.8331,2.7516,55.06,
,0.8321,2.7526,55.08,
,0.8311,2.7536,55.1,
,0.8299,2.7546,55.12,
,0.8289,2.7557,55.14,
,0.8279,2.7567,55.16,
,0.8266,2.7576,55.18,
,0.8252,2.7585,55.2,
,0.8248,2.7595,55.22,
,0.8242,2.7605,55.24,
,0.823,2.7615,55.26,
,0.8216,2.7626,55.28,
,0.8201,2.7636,55.3,
,0.8188,2.7645,55.32,
,0.8179,2.7655,55.34,
,0.8174,2.7665,55.36,
,0.8161,2.7675,55.38,
,0.8146,2.7685,55.4,
,0.8139,2.7696,55.42,
,0.813,2.7707,55.44,
,0.8113,2.7717,55.46,
,0.8095,2.7727,55.48,
,0.8082,2.7737,55.5,
,0.8074,2.7746,55.52,
,0.8068,2.7757,55.54,
,0.8059,2.7767,55.56,
,0.8041,2.7777,55.58,
,0.8024,2.7788,55.6,
,0.8014,2.7798,55.62,
,0.8001,2.7807,55.64,
,0.7985,2.7816,55.66,
,0.7976,2.7826,55.68,
,0.7969,2.7835,55.7,
,0.7958,2.7844,55.72,
,0.7944,2.7855,55.74,
,0.7931,2.7866,55.76,
,0.7912,2.7876,55.78,
,0.7889,2.7886,55.8,
,0.7874,2.7896,55.82,
,0.786,2.7905,55.84,
,0.7844,2.7915,55.86,
,0.7829,2.7925,55.88,
,0.7811,2.7935,55.9,
,0.7787,2.7945,55.92,
,0.7764,2.7956,55.94,
,0.7737,2.7967,55.96,
,0.7701,2.7976,55.98,
,0.766,2.7986,56,
,0.7615,2.7995,56.02,
,0.7541,2.8005,56.04,
,0.7341,2.8016,56.06,
,0.7056,2.8027,56.08,
,0.6901,2.8037,56.1,
,0.6836,2.8047,56.12,
,0.6767,2.8058,56.14,
,0.6674,2.8068,56.16,
,0.659,2.8077,56.18,
,0.6532,2.8086,56.2,
,0.6489,2.8097,56.22,
,0.6439,2.8108,56.24,
,0.6382,2.8118,56.26,
,0.6326,2.8127,56.28,
,0.627,2.8137,56.3,
,0.6216,2.8146,56.32,
,0.6165,2.8156,56.34,
,0.6111,2.8166,56.36,
,0.6043,2.8175,56.38,
,0.5957,2.8185,56.4,
,0.585,2.8196,56.42,
,0.5727,2.8206,56.44,
,0.5605,2.8216,56.46,
,0.5487,2.8225,56.48,
,0.5361,2.8235,56.5,
,0.5251,2.8245,56.52,
,0.5156,2.8255,56.54,
,0.5047,2.8266,56.56,
,0.4934,2.8276,56.58,
,0.4848,2.8286,56.6,
,0.4788,2.8296,56.62,
,0.4735,2.8306,56.64,
,0.4684,2.8316,56.66,
,0.4636,2.8327,56.68,
,0.4587,2.8337,56.7,
,0.453,2.8347,56.72,
,0.4468,2.8358,56.74,
,0.4399,2.8368,56.76,
,0.4321,2.8377,56.78,
,0.424,2.8387,56.8,
,0.4146,2.8397,56.82,
,0.3972,2.8406,56.84,
,0.3714,2.8417,56.86,
,0.353,2.8427,56.88,
,0.3401,2.8437,56.9,
,0.328,2.8446,56.92,
,0.3151,2.8456,56.94,
,0.3012,2.8466,56.96,
,0.2857,2.8475,56.98,
,0.2695,2.8485,57,
,0.2551,2.8495,57.02,
,0.2441,2.8506,57.04,
,0.2351,2.8516,57.06,
,0.2269,2.8526,57.08,
,0.2198,2.8536,57.1,
,0.2139,2.8545,57.12,
,0.209,2.8555,57.14,
,0.2042,2.8565,57.16,
,0.1991,2.8576,57.18,
,0.1934,2.8586,57.2,
,0.1873,2.8597,57.22,
,0.1812,2.8607,57.24,
,0.1757,2.8616,57.26,
,0.1709,2.8626,57.28,
,0.1657,2.8636,57.3,
,0.1605,2.8646,57.32,
,0.1551,2.8656,57.34,
,0.1494,2.8668,57.36,
,0.1429,2.8678,57.38,
,0.1365,2.8688,57.4,
,0.1306,2.8698,57.42,
,0.1251,2.8707,57.44,
,0.1195,2.8716,57.46,
,0.1118,2.8726,57.48,
,0.1037,2.8736,57.5,
,0.097,2.8746,57.52,
,0.0912,2.8757,57.54,
,0.0858,2.8767,57.56,
,0.081,2.8777,57.58,
,0.0767,2.8786,57.6,
,0.0728,2.8795,57.62,
,0.0688,2.8805,57.64,
,0.0645,2.8815,57.66,
,0.0599,2.8825,57.68,
,0.0553,2.8836,57.7,
,0.0503,2.8846,57.72,
,0.0446,2.8856,57.74,
,0.0385,2.8866,57.76,
,0.0329,2.8876,57.78,
,0.0282,2.8885,57.8,
,0.0247,2.8895,57.82,
,0.0218,2.8906,57.84,
,0.0188,2.8917,57.86,
,0.0157,2.8928,57.88,
,0.0126,2.8938,57.9,
,0.0094,2.8947,57.92,
,0.0064,2.8957,57.94,
,0.0037,2.8967,57.96,
,0.0012,2.8977,57.98,
,-0.0012,2.8987,58,
,-0.0034,2.8998,58.02,
,-0.0055,2.9007,58.04,
,-0.0074,2.9017,58.06,
,-0.0092,2.9027,58.08,
,-0.0109,2.9036,58.1,
,-0.0124,2.9045,58.12,
,-0.0141,2.9055,58.14,
,-0.0157,2.9065,58.16,
,-0.0172,2.9076,58.18,
,-0.0189,2.9085,58.2,
,-0.0205,2.9095,58.22,
,-0.022,2.9105,58.24,
,-0.0235,2.9115,58.26,
,-0.0249,2.9125,58.28,
,-0.0265,2.9135,58.3,
,-0.0281,2.9145,58.32,
,-0.0296,2.9155,58.34,
,-0.031,2.9166,58.36,
,-0.0324,2.9176,58.38,
,-0.0339,2.9185,58.4,
,-0.0353,2.9195,58.42,
,-0.0366,2.9205,58.44,
,-0.0381,2.9216,58.46,
,-0.0397,2.9227,58.48,
,-0.0415,2.9237,58.5,
,-0.0433,2.9247,58.52,
,-0.0447,2.9257,58.54,
,-0.0462,2.9267,58.56,
,-0.0476,2.9277,58.58,
,-0.0492,2.9287,58.6,
,-0.0507,2.9297,58.62,
,-0.0521,2.9308,58.64,
,-0.0536,2.9318,58.66,
,-0.0553,2.9328,58.68,
,-0.0567,2.9337,58.7,
,-0.0582,2.9346,58.72,
,-0.0597,2.9355,58.74,
,-0.0614,2.9365,58.76,
,-0.0634,2.9375,58.78,
,-0.0654,2.9385,58.8,
,-0.0676,2.9396,58.82,
,-0.0698,2.9406,58.84,
,-0.0722,2.9416,58.86,
,-0.0748,2.9425,58.88,
,-0.0775,2.9435,58.9,
,-0.0801,2.9444,58.92,
,-0.0828,2.9454,58.94,
,-0.0854,2.9465,58.96,
,-0.0884,2.9476,58.98,
,-0.0915,2.9486,59,
,-0.0946,2.9496,59.02,
,-0.0977,2.9506,59.04,
,-0.1004,2.9515,59.06,
,-0.1027,2.9526,59.08,
,-0.1046,2.9536,59.1,
,-0.1062,2.9546,59.12,
,-0.1078,2.9557,59.14,
,-0.1097,2.9568,59.16,
,-0.1125,2.9578,59.18,
,-0.1148,2.9587,59.2,
,-0.1164,2.9597,59.22,
,-0.1177,2.9606,59.24,
,-0.1192,2.9616,59.26,
,-0.1206,2.9626,59.28,
,-0.1215,2.9637,59.3,
,-0.1222,2.9646,59.32,
,-0.1228,2.9656,59.34,
,-0.1235,2.9666,59.36,
,-0.1243,2.9676,59.38,
,-0.1251,2.9685,59.4,
,-0.1258,2.9694,59.42,
,-0.1264,2.9705,59.44,
,-0.127,2.9716,59.46,
,-0.1276,2.9726,59.48,
,-0.1281,2.9736,59.5,
,-0.1285,2.9746,59.52,
,-0.1291,2.9755,59.54,
,-0.13,2.9765,59.56,
,-0.1308,2.9776,59.58,
,-0.131,2.9785,59.6,
,-0.131,2.9796,59.62,
,-0.131,2.9807,59.64,
,-0.131,2.9817,59.66,
,-0.131,2.9827,59.68,
,-0.131,2.9837,59.7,
,-0.131,2.9846,59.72,
,-0.131,2.9856,59.74,
,-0.131,2.9867,59.76,
,-0.131,2.9878,59.78,
,-0.131,2.9888,59.8,
,-0.131,2.9898,59.82,
,-0.131,2.9907,59.84,
,-0.131,2.9917,59.86,
,-0.131,2.9926,59.88,
,-0.131,2.9936,59.9,
,-0.131,2.9946,59.92,
,-0.1311,2.9956,59.94,
,-0.1311,2.9966,59.96,
,-0.1311,2.9976,59.98,
,-0.131,2.9985,60,
,-0.1311,2.9995,60.02,
,-0.131,3.0005,60.04,
,-0.1309,3.0015,60.06,
,-0.131,3.0025,60.08,
,-0.1311,3.0036,60.1,
,-0.131,3.0046,60.12,
,-0.131,3.0055,60.14,
,-0.131,3.0065,60.16,
,-0.131,3.0075,60.18,
,-0.131,3.0085,60.2,
,-0.1311,3.0095,60.22,
,-0.131,3.0106,60.24,
,-0.1311,3.0117,60.26,
,-0.1311,3.0127,60.28,
,-0.131,3.0137,60.3,
,-0.1309,3.0147,60.32,
,-0.1309,3.0157,60.34,
,-0.1311,3.0167,60.36,
,-0.131,3.0177,60.38,
,-0.1311,3.0187,60.4,
,-0.131,3.0198,60.42,
,-0.1309,3.0208,60.44,
,-0.131,3.0217,60.46,
,-0.131,3.0227,60.48,
,-0.1309,3.0236,60.5,
,-0.131,3.0245,60.52,
,-0.1311,3.0255,60.54,
,-0.1311,3.0265,60.56,
,-0.1311,3.0276,60.58,
,-0.131,3.0286,60.6,
,-0.131,3.0296,60.62,
,-0.131,3.0306,60.64,
,-0.131,3.0315,60.66,
,-0.131,3.0325,60.68,
,-0.1309,3.0335,60.7,
,-0.1309,3.0345,60.72,
,-0.131,3.0355,60.74,
,-0.1311,3.0366,60.76,
,-0.1311,3.0377,60.78,
,-0.1311,3.0386,60.8,
,-0.1311,3.0395,60.82,
,-0.1311,3.0405,60.84,
,-0.131,3.0415,60.86,
,-0.131,3.0425,60.88,
,-0.131,3.0437,60.9,
,-0.1311,3.0447,60.92,
,-0.1311,3.0457,60.94,
,-0.131,3.0467,60.96,
,-0.1309,3.0477,60.98,
,-0.131,3.0487,61,
,-0.1309,3.0496,61.02,
,-0.131,3.0507,61.04,
,-0.1311,3.0517,61.06,
,-0.1311,3.0527,61.08,
,-0.131,3.0537,61.1,
,-0.131,3.0546,61.12,
,-0.131,3.0555,61.14,
,-0.131,3.0565,61.16,
,-0.131,3.0576,61.18,
,-0.131,3.0585,61.2,
,-0.1309,3.0595,61.22,
,-0.131,3.0606,61.24,
,-0.131,3.0616,61.26,
,-0.1309,3.0626,61.28,
,-0.131,3.0635,61.3,
,-0.1311,3.0645,61.32,
,-0.1311,3.0654,61.34,
,-0.1311,3.0665,61.36,
,-0.131,3.0676,61.38,
,-0.131,3.0686,61.4,
,-0.131,3.0696,61.42,
,-0.1311,3.0706,61.44,
,-0.1312,3.0716,61.46,
,-0.1311,3.0726,61.48,
,-0.131,3.0736,61.5,
,-0.131,3.0747,61.52,
,-0.131,3.0757,61.54,
,-0.131,3.0768,61.56,
,-0.131,3.0778,61.58,
,-0.1309,3.0788,61.6,
,-0.131,3.0797,61.62,
,-0.131,3.0807,61.64,
,-0.131,3.0816,61.66,
,-0.131,3.0826,61.68,
,-0.131,3.0836,61.7,
,-0.1311,3.0846,61.72,
,-0.131,3.0856,61.74,
,-0.131,3.0865,61.76,
,-0.131,3.0875,61.78,
,-0.1311,3.0885,61.8,
,-0.1311,3.0894,61.82,
,-0.131,3.0904,61.84,
,-0.131,3.0915,61.86,
,-0.1311,3.0926,61.88,
,-0.1311,3.0936,61.9,
,-0.131,3.0946,61.92,
,-0.131,3.0955,61.94,
,-0.131,3.0965,61.96,
,-0.131,3.0975,61.98,
,-0.1311,3.0985,62,
,-0.1311,3.0995,62.02,
,-0.1311,3.1006,62.04,
,-0.1311,3.1017,62.06,
,-0.1311,3.1027,62.08,
,-0.131,3.1036,62.1,
,-0.1311,3.1046,62.12,
,-0.131,3.1056,62.14,
,-0.1311,3.1066,62.16,
,-0.131,3.1078,62.18,
,-0.1309,3.1088,62.2,
,-0.131,3.1098,62.22,
,-0.131,3.1108,62.24,
,-0.131,3.1117,62.26,
,-0.131,3.1126,62.28,
,-0.131,3.1136,62.3,
,-0.1311,3.1146,62.32,
,-0.1311,3.1156,62.34,
,-0.131,3.1166,62.36,
,-0.1309,3.1177,62.38,
,-0.1309,3.1186,62.4,
,-0.131,3.1196,62.42,
,-0.1311,3.1205,62.44,
,-0.1311,3.1215,62.46,
,-0.131,3.1225,62.48,
,-0.131,3.1235,62.5,
,-0.131,3.1246,62.52,
,-0.1311,3.1255,62.54,
,-0.131,3.1265,62.56,
,-0.131,3.1275,62.58,
,-0.1311,3.1285,62.6,
,-0.1311,3.1295,62.62,
,-0.131,3.1305,62.64,
,-0.1311,3.1316,62.66,
,-0.131,3.1326,62.68,
,-0.1311,3.1337,62.7,
,-0.1311,3.1347,62.72,
,-0.131,3.1356,62.74,
,-0.1311,3.1366,62.76,
,-0.1311,3.1377,62.78,
,-0.131,3.1387,62.8,
,-0.131,3.1397,62.82,
,-0.131,3.1407,62.84,
,-0.1309,3.1417,62.86,
,-0.131,3.1427,62.88,
,-0.1309,3.1436,62.9,
,-0.131,3.1446,62.92,
,-0.131,3.1455,62.94,
,-0.1309,3.1465,62.96,
,-0.131,3.1475,62.98,
,-0.131,3.1486,63,
,-0.131,3.1496,63.02,
,-0.1311,3.1506,63.04,
,-0.131,3.1515,63.06,
,-0.1309,3.1525,63.08,
,-0.131,3.1535,63.1,
,-0.1311,3.1545,63.12,
,-0.131,3.1555,63.14,
,-0.1311,3.1566,63.16,
,-0.1311,3.1577,63.18,
,-0.1311,3.1586,63.2,
,-0.1311,3.1595,63.22,
,-0.1311,3.1605,63.24,
,-0.1311,3.1615,63.26,
,-0.1311,3.1625,63.28,
,-0.131,3.1636,63.3,
,-0.131,3.1647,63.32,
,-0.1311,3.1657,63.34,
,-0.1311,3.1667,63.36,
,-0.131,3.1678,63.38,
,-0.131,3.1687,63.4,
,-0.131,3.1696,63.42,
,-0.131,3.1706,63.44,
,-0.1311,3.1717,63.46,
,-0.1311,3.1727,63.48,
,-0.1311,3.1737,63.5,
,-0.1311,3.1747,63.52,
,-0.1311,3.1756,63.54,
,-0.131,3.1765,63.56,
,-0.1309,3.1775,63.58,
,-0.1309,3.1785,63.6,
,-0.1309,3.1794,63.62,
,-0.1309,3.1805,63.64,
,-0.1309,3.1815,63.66,
,-0.1309,3.1825,63.68,
,-0.131,3.1835,63.7,
,-0.131,3.1845,63.72,
,-0.131,3.1855,63.74,
,-0.131,3.1864,63.76,
,-0.1309,3.1875,63.78,
,-0.1308,3.1886,63.8,
,-0.1309,3.1896,63.82,
,-0.131,3.1906,63.84,
,-0.131,3.1916,63.86,
,-0.131,3.1926,63.88,
,-0.1311,3.1936,63.9,
,-0.131,3.1947,63.92,
,-0.131,3.1957,63.94,
,-0.131,3.1967,63.96,
,-0.131,3.1978,63.98,
,-0.131,3.1988,64,
,-0.1309,3.1998,64.02,
,-0.131,3.2007,64.04,
,-0.131,3.2017,64.06,
,-0.131,3.2026,64.08,
,-0.131,3.2037,64.1,
,-0.131,3.2047,64.12,
,-0.131,3.2056,64.14,
,-0.1309,3.2066,64.16,
,-0.131,3.2076,64.18,
,-0.131,3.2085,64.2,
,-0.131,3.2095,64.22,
,-0.131,3.2104,64.24,
,-0.131,3.2115,64.26,
,-0.131,3.2126,64.28,
,-0.131,3.2136,64.3,
,-0.131,3.2146,64.32,
,-0.131,3.2155,64.34,
,-0.131,3.2165,64.36,
,-0.131,3.2175,64.38,
,-0.131,3.2185,64.4,
,-0.131,3.2195,64.42,
,-0.131,3.2206,64.44,
,-0.131,3.2216,64.46,
,-0.131,3.2226,64.48,
,-0.1309,3.2236,64.5,
,-0.1309,3.2246,64.52,
,-0.1309,3.2256,64.54,
,-0.1311,3.2266,64.56,
,-0.131,3.2277,64.58,
,-0.131,3.2288,64.6,
,-0.1309,3.2298,64.62,
,-0.1309,3.2307,64.64,
,-0.131,3.2317,64.66,
,-0.131,3.2326,64.68,
,-0.1311,3.2336,64.7,
,-0.1311,3.2346,64.72,
,-0.1311,3.2356,64.74,
,-0.1311,3.2366,64.76,
,-0.131,3.2377,64.78,
,-0.131,3.2387,64.8,
,-0.1311,3.2396,64.82,
,-0.1311,3.2405,64.84,
,-0.1311,3.2415,64.86,
,-0.1309,3.2425,64.88,
,-0.1309,3.2435,64.9,
,-0.1309,3.2446,64.92,
,-0.131,3.2456,64.94,
,-0.131,3.2465,64.96,
,-0.1311,3.2476,64.98,
,-0.1311,3.2486,65,
,-0.1312,3.2495,65.02,
,-0.1311,3.2505,65.04,
,-0.131,3.2515,65.06,
,-0.131,3.2526,65.08,
,-0.131,3.2537,65.1,
,-0.131,3.2548,65.12,
,-0.1309,3.2557,65.14,
,-0.131,3.2567,65.16,
,-0.131,3.2577,65.18,
,-0.1311,3.2587,65.2,
,-0.1311,3.2597,65.22,
,-0.1311,3.2607,65.24,
,-0.1311,3.2617,65.26,
,-0.1311,3.2627,65.28,
,-0.131,3.2637,65.3,
,-0.131,3.2646,65.32,
,-0.1311,3.2655,65.34,
,-0.1311,3.2665,65.36,
,-0.1311,3.2675,65.38,
,-0.131,3.2685,65.4,
,-0.131,3.2695,65.42,
,-0.131,3.2705,65.44,
,-0.1311,3.2715,65.46,
,-0.1311,3.2725,65.48,
,-0.1311,3.2735,65.5,
,-0.1311,3.2745,65.52,
,-0.131,3.2755,65.54,
,-0.131,3.2765,65.56,
,-0.1311,3.2776,65.58,
,-0.131,3.2786,65.6,
,-0.1311,3.2796,65.62,
,-0.1311,3.2805,65.64,
,-0.131,3.2815,65.66,
,-0.131,3.2825,65.68,
,-0.131,3.2836,65.7,
,-0.1309,3.2847,65.72,
,-0.131,3.2857,65.74,
,-0.131,3.2867,65.76,
,-0.131,3.2877,65.78,
,-0.1311,3.2887,65.8,
,-0.1311,3.2897,65.82,
,-0.1311,3.2906,65.84,
,-0.131,3.2917,65.86,
,-0.131,3.2927,65.88,
,-0.131,3.2938,65.9,
,-0.131,3.2947,65.92,
,-0.131,3.2957,65.94,
,-0.1311,3.2966,65.96,
,-0.1311,3.2975,65.98,
,-0.131,3.2986,66,
,-0.131,3.2995,66.02,
,-0.1309,3.3005,66.04,
,-0.1309,3.3016,66.06,
,-0.1309,3.3026,66.08,
,-0.1309,3.3036,66.1,
,-0.131,3.3045,66.12,
,-0.131,3.3055,66.14,
,-0.131,3.3064,66.16,
,-0.131,3.3074,66.18,
,-0.131,3.3085,66.2,
,-0.131,3.3096,66.22,
,-0.1311,3.3105,66.24,
,-0.131,3.3116,66.26,
,-0.1311,3.3125,66.28,
,-0.1311,3.3135,66.3,
,-0.131,3.3146,66.32,
,-0.1309,3.3156,66.34,
,-0.131,3.3166,66.36,
,-0.131,3.3177,66.38,
,-0.1311,3.3188,66.4,
,-0.1311,3.3197,66.42,
,-0.131,3.3207,66.44,
,-0.131,3.3216,66.46,
,-0.131,3.3226,66.48,
,-0.131,3.3236,66.5,
,-0.131,3.3246,66.52,
,-0.131,3.3256,66.54,
,-0.1311,3.3266,66.56,
,-0.131,3.3276,66.58,
,-0.1309,3.3286,66.6,
,-0.131,3.3295,66.62,
,-0.131,3.3304,66.64,
,-0.1309,3.3315,66.66,
,-0.1309,3.3325,66.68,
,-0.131,3.3336,66.7,
,-0.1309,3.3346,66.72,
,-0.1309,3.3356,66.74,
,-0.1309,3.3365,66.76,
,-0.131,3.3375,66.78,
,-0.131,3.3385,66.8,
,-0.131,3.3395,66.82,
,-0.1311,3.3405,66.84,
,-0.131,3.3416,66.86,
,-0.131,3.3426,66.88,
,-0.1311,3.3436,66.9,
,-0.131,3.3446,66.92,
,-0.131,3.3456,66.94,
,-0.131,3.3466,66.96,
,-0.131,3.3476,66.98,
,-0.131,3.3487,67,
,-0.131,3.3498,67.02,
,-0.1311,3.3507,67.04,
,-0.1311,3.3517,67.06,
,-0.1311,3.3527,67.08,
,-0.1311,3.3536,67.1,
,-0.131,3.3546,67.12,
,-0.131,3.3556,67.14,
,-0.131,3.3566,67.16,
,-0.131,3.3576,67.18,
,-0.131,3.3586,67.2,
,-0.131,3.3596,67.22,
,-0.131,3.3605,67.24,
,-0.131,3.3615,67.26,
,-0.131,3.3625,67.28,
,-0.1311,3.3635,67.3,
,-0.1311,3.3645,67.32,
,-0.131,3.3656,67.34,
,-0.131,3.3665,67.36,
,-0.131,3.3675,67.38,
,-0.131,3.3685,67.4,
,-0.131,3.3695,67.42,
,-0.1309,3.3705,67.44,
,-0.131,3.3715,67.46,
,-0.131,3.3726,67.48,
,-0.1309,3.3736,67.5,
,-0.1309,3.3747,67.52,
,-0.1309,3.3757,67.54,
,-0.131,3.3767,67.56,
,-0.1309,3.3776,67.58,
,-0.1309,3.3787,67.6,
,-0.1309,3.3797,67.62,
,-0.1309,3.3807,67.64,
,-0.131,3.3818,67.66,
,-0.1311,3.3827,67.68,
,-0.131,3.3837,67.7,
,-0.131,3.3846,67.72,
,-0.1311,3.3856,67.74,
,-0.1312,3.3865,67.76,
,-0.1311,3.3875,67.78,
,-0.131,3.3885,67.8,
,-0.131,3.3896,67.82,
,-0.131,3.3905,67.84,
,-0.131,3.3915,67.86,
,-0.131,3.3925,67.88,
,-0.1309,3.3935,67.9,
,-0.1309,3.3945,67.92,
,-0.131,3.3955,67.94,
,-0.131,3.3965,67.96,
,-0.1309,3.3975,67.98,
,-0.1309,3.3986,68,
,-0.1309,3.3996,68.02,
,-0.131,3.4006,68.04,
,-0.131,3.4015,68.06,
,-0.131,3.4025,68.08,
,-0.131,3.4035,68.1,
,-0.131,3.4046,68.12,
,-0.1311,3.4057,68.14,
,-0.1311,3.4067,68.16,
,-0.1311,3.4077,68.18,
,-0.1311,3.4087,68.2,
,-0.131,3.4097,68.22,
,-0.131,3.4106,68.24,
,-0.131,3.4116,68.26,
,-0.131,3.4127,68.28,
,-0.131,3.4137,68.3,
,-0.1311,3.4147,68.32,
,-0.131,3.4157,68.34,
,-0.131,3.4166,68.36,
,-0.131,3.4175,68.38,
,-0.131,3.4186,68.4,
,-0.1309,3.4196,68.42,
,-0.131,3.4205,68.44,
,-0.131,3.4216,68.46,
,-0.1311,3.4226,68.48,
,-0.1311,3.4236,68.5,
,-0.1311,3.4245,68.52,
,-0.1311,3.4255,68.54,
,-0.131,3.4265,68.56,
,-0.131,3.4274,68.58,
,-0.131,3.4285,68.6,
,-0.1311,3.4296,68.62,
,-0.131,3.4306,68.64,
,-0.1309,3.4316,68.66,
,-0.131,3.4326,68.68,
,-0.131,3.4336,68.7,
,-0.131,3.4346,68.72,
,-0.131,3.4356,68.74,
,-0.131,3.4367,68.76,
,-0.131,3.4377,68.78,
,-0.131,3.4388,68.8,
,-0.131,3.4398,68.82,
,-0.131,3.4407,68.84,
,-0.1311,3.4416,68.86,
,-0.1311,3.4426,68.88,
,-0.1311,3.4436,68.9,
,-0.131,3.4446,68.92,
,-0.131,3.4456,68.94,
,-0.131,3.4466,68.96,
,-0.131,3.4475,68.98,
,-0.1311,3.4485,69,
,-0.131,3.4495,69.02,
,-0.131,3.4504,69.04,
,-0.1311,3.4514,69.06,
,-0.131,3.4524,69.08,
,-0.1309,3.4535,69.1,
,-0.131,3.4545,69.12,
,-0.131,3.4556,69.14,
,-0.131,3.4565,69.16,
,-0.131,3.4575,69.18,
,-0.131,3.4585,69.2,
,-0.1311,3.4595,69.22,
,-0.1309,3.4605,69.24,
,-0.1309,3.4615,69.26,
,-0.1309,3.4626,69.28,
,-0.1309,3.4636,69.3,
,-0.1309,3.4646,69.32,
,-0.131,3.4656,69.34,
,-0.131,3.4666,69.36,
,-0.131,3.4676,69.38,
,-0.131,3.4687,69.4,
,-0.1311,3.4698,69.42,
,-0.1311,3.4708,69.44,
,-0.1311,3.4718,69.46,
,-0.1311,3.4727,69.48,
,-0.131,3.4737,69.5,
,-0.131,3.4746,69.52,
,-0.1311,3.4756,69.54,
,-0.1311,3.4766,69.56,
,-0.1311,3.4776,69.58,
,-0.1311,3.4787,69.6,
,-0.1311,3.4797,69.62,
,-0.131,3.4806,69.64,
,-0.1311,3.4815,69.66,
,-0.1311,3.4825,69.68,
,-0.1311,3.4827,69.684,
3,Force,Displacement,Time,
,(kN),(mm),(s),
,0.0007,0,0,
,0.0007,0.0002,0.02,
,0.0018,0.0007,0.04,
,0.0058,0.0016,0.06,
,0.0136,0.0026,0.08,
,0.0228,0.0036,0.1,
,0.0321,0.0046,0.12,
,0.0414,0.0056,0.14,
,0.0511,0.0067,0.16,
,0.0606,0.0078,0.18,
,0.0704,0.0089,0.2,
,0.0803,0.0099,0.22,
,0.0895,0.0108,0.24,
,0.0979,0.0117,0.26,
,0.106,0.0127,0.28,
,0.114,0.0136,0.3,
,0.1225,0.0147,0.32,
,0.1312,0.0157,0.34,
,0.1398,0.0167,0.36,
,0.1481,0.0176,0.38,
,0.1561,0.0186,0.4,
,0.1643,0.0196,0.42,
,0.1721,0.0205,0.44,
,0.1795,0.0215,0.46,
,0.1873,0.0225,0.48,
,0.1956,0.0236,0.5,
,0.2041,0.0246,0.52,
,0.2126,0.0256,0.54,
,0.2205,0.0266,0.56,
,0.2281,0.0275,0.58,
,0.2357,0.0286,0.6,
,0.2435,0.0296,0.62,
,0.2511,0.0305,0.64,
,0.2586,0.0316,0.66,
,0.2666,0.0326,0.68,
,0.2745,0.0337,0.7,
,0.2821,0.0347,0.72,
,0.2896,0.0357,0.74,
,0.297,0.0366,0.76,
,0.3042,0.0376,0.78,
,0.3113,0.0387,0.8,
,0.319,0.0398,0.82,
,0.3266,0.0407,0.84,
,0.3336,0.0417,0.86,
,0.3404,0.0427,0.88,
,0.3472,0.0436,0.9,
,0.3538,0.0446,0.92,
,0.3604,0.0456,0.94,
,0.3673,0.0466,0.96,
,0.3739,0.0476,0.98,
,0.3805,0.0486,1,
,0.3872,0.0496,1.02,
,0.3936,0.0505,1.04,
,0.3995,0.0515,1.06,
,0.4054,0.0525,1.08,
,0.4116,0.0535,1.1,
,0.4179,0.0545,1.12,
,0.4245,0.0556,1.14,
,0.4308,0.0565,1.16,
,0.4365,0.0575,1.18,
,0.4422,0.0586,1.2,
,0.4485,0.0596,1.22,
,0.4544,0.0605,1.24,
,0.46,0.0615,1.26,
,0.4658,0.0626,1.28,
,0.4719,0.0637,1.3,
,0.4781,0.0647,1.32,
,0.4838,0.0657,1.34,
,0.4891,0.0667,1.36,
,0.4941,0.0676,1.38,
,0.4992,0.0687,1.4,
,0.5048,0.0697,1.42,
,0.5104,0.0707,1.44,
,0.5158,0.0718,1.46,
,0.5212,0.0728,1.48,
,0.5264,0.0737,1.5,
,0.5311,0.0746,1.52,
,0.5355,0.0756,1.54,
,0.5401,0.0765,1.56,
,0.5448,0.0775,1.58,
,0.5496,0.0785,1.6,
,0.5548,0.0796,1.62,
,0.5603,0.0806,1.64,
,0.5652,0.0816,1.66,
,0.5699,0.0826,1.68,
,0.5743,0.0835,1.7,
,0.5787,0.0845,1.72,
,0.5833,0.0855,1.74,
,0.5882,0.0865,1.76,
,0.5931,0.0875,1.78,
,0.598,0.0886,1.8,
,0.6031,0.0897,1.82,
,0.6078,0.0906,1.84,
,0.6118,0.0915,1.86,
,0.6158,0.0925,1.88,
,0.6201,0.0935,1.9,
,0.6248,0.0946,1.92,
,0.6297,0.0957,1.94,
,0.6346,0.0967,1.96,
,0.6391,0.0977,1.98,
,0.6432,0.0988,2,
,0.6477,0.0998,2.02,
,0.652,0.1007,2.04,
,0.6557,0.1016,2.06,
,0.6597,0.1027,2.08,
,0.6643,0.1037,2.1,
,0.6687,0.1048,2.12,
,0.673,0.1058,2.14,
,0.6771,0.1067,2.16,
,0.6807,0.1076,2.18,
,0.6844,0.1086,2.2,
,0.6884,0.1096,2.22,
,0.6924,0.1105,2.24,
,0.6962,0.1116,2.26,
,0.7003,0.1126,2.28,
,0.7046,0.1136,2.3,
,0.7084,0.1146,2.32,
,0.7122,0.1156,2.34,
,0.7159,0.1165,2.36,
,0.7196,0.1175,2.38,
,0.7234,0.1185,2.4,
,0.7273,0.1196,2.42,
,0.7314,0.1206,2.44,
,0.7353,0.1216,2.46,
,0.7388,0.1226,2.48,
,0.7424,0.1236,2.5,
,0.7462,0.1246,2.52,
,0.7498,0.1257,2.54,
,0.7537,0.1267,2.56,
,0.7575,0.1277,2.58,
,0.7611,0.1288,2.6,
,0.7649,0.1298,2.62,
,0.7685,0.1307,2.64,
,0.7715,0.1317,2.66,
,0.7746,0.1326,2.68,
,0.778,0.1336,2.7,
,0.7814,0.1346,2.72,
,0.785,0.1357,2.74,
,0.7885,0.1366,2.76,
,0.7917,0.1376,2.78,
,0.7948,0.1385,2.8,
,0.798,0.1395,2.82,
,0.8013,0.1405,2.84,
,0.8045,0.1414,2.86,
,0.8077,0.1425,2.88,
,0.8112,0.1436,2.9,
,0.815,0.1446,2.92,
,0.8183,0.1456,2.94,
,0.8214,0.1466,2.96,
,0.8243,0.1475,2.98,
,0.8271,0.1485,3,
,0.8304,0.1496,3.02,
,0.8339,0.1506,3.04,
,0.8371,0.1516,3.06,
,0.8404,0.1527,3.08,
,0.8436,0.1537,3.1,
,0.8466,0.1547,3.12,
,0.8494,0.1557,3.14,
,0.8523,0.1566,3.16,
,0.8552,0.1576,3.18,
,0.8581,0.1586,3.2,
,0.8613,0.1598,3.22,
,0.8649,0.1608,3.24,
,0.8679,0.1618,3.26,
,0.8705,0.1628,3.28,
,0.8731,0.1637,3.3,
,0.8756,0.1646,3.32,
,0.8783,0.1656,3.34,
,0.8811,0.1666,3.36,
,0.884,0.1676,3.38,
,0.8869,0.1686,3.4,
,0.89,0.1697,3.42,
,0.8929,0.1707,3.44,
,0.8952,0.1715,3.46,
,0.8974,0.1725,3.48,
,0.8998,0.1735,3.5,
,0.9025,0.1745,3.52,
,0.9052,0.1755,3.54,
,0.9082,0.1765,3.56,
,0.911,0.1775,3.58,
,0.9134,0.1785,3.6,
,0.9159,0.1796,3.62,
,0.9187,0.1805,3.64,
,0.9209,0.1814,3.66,
,0.9231,0.1825,3.68,
,0.9257,0.1836,3.7,
,0.9288,0.1847,3.72,
,0.9316,0.1857,3.74,
,0.9341,0.1868,3.76,
,0.9363,0.1877,3.78,
,0.9385,0.1887,3.8,
,0.9408,0.1898,3.82,
,0.9433,0.1907,3.84,
,0.9456,0.1917,3.86,
,0.9477,0.1928,3.88,
,0.9501,0.1938,3.9,
,0.9523,0.1947,3.92,
,0.9544,0.1957,3.94,
,0.9564,0.1966,3.96,
,0.9584,0.1976,3.98,
,0.9605,0.1985,4,
,0.9627,0.1996,4.02,
,0.9652,0.2006,4.04,
,0.9673,0.2016,4.06,
,0.9692,0.2026,4.08,
,0.9712,0.2036,4.1,
,0.9732,0.2045,4.12,
,0.9753,0.2055,4.14,
,0.9774,0.2066,4.16,
,0.9794,0.2076,4.18,
,0.9813,0.2086,4.2,
,0.9834,0.2096,4.22,
,0.9856,0.2106,4.24,
,0.9873,0.2115,4.26,
,0.989,0.2125,4.28,
,0.991,0.2135,4.3,
,0.993,0.2146,4.32,
,0.9951,0.2157,4.34,
,0.9972,0.2167,4.36,
,0.9989,0.2177,4.38,
,1.0004,0.2187,4.4,
,1.0022,0.2197,4.42,
,1.0041,0.2207,4.44,
,1.0058,0.2216,4.46,
,1.0075,0.2227,4.48,
,1.0094,0.2237,4.5,
,1.0113,0.2248,4.52,
,1.013,0.2257,4.54,
,1.0144,0.2267,4.56,
,1.0158,0.2276,4.58,
,1.0171,0.2285,4.6,
,1.0187,0.2295,4.62,
,1.0206,0.2305,4.64,
,1.0223,0.2315,4.66,
,1.0239,0.2326,4.68,
,1.0256,0.2336,4.7,
,1.0271,0.2346,4.72,
,1.0283,0.2356,4.74,
,1.0296,0.2365,4.76,
,1.0311,0.2375,4.78,
,1.0327,0.2385,4.8,
,1.0343,0.2396,4.82,
,1.036,0.2406,4.84,
,1.0376,0.2416,4.86,
,1.0389,0.2426,4.88,
,1.04,0.2436,4.9,
,1.0412,0.2446,4.92,
,1.0426,0.2456,4.94,
,1.044,0.2467,4.96,
,1.0456,0.2477,4.98,
,1.047,0.2487,5,
,1.0485,0.2499,5.02,
,1.0499,0.2508,5.04,
,1.0508,0.2517,5.06,
,1.0516,0.2527,5.08,
,1.0527,0.2537,5.1,
,1.0542,0.2546,5.12,
,1.0557,0.2557,5.14,
,1.0571,0.2567,5.16,
,1.0583,0.2576,5.18,
,1.0592,0.2586,5.2,
,1.0603,0.2596,5.22,
,1.0615,0.2606,5.24,
,1.0624,0.2615,5.26,
,1.0633,0.2624,5.28,
,1.0645,0.2635,5.3,
,1.066,0.2646,5.32,
,1.0675,0.2656,5.34,
,1.0685,0.2666,5.36,
,1.0693,0.2675,5.38,
,1.07,0.2685,5.4,
,1.0709,0.2695,5.42,
,1.0722,0.2705,5.44,
,1.0735,0.2715,5.46,
,1.0744,0.2726,5.48,
,1.0755,0.2736,5.5,
,1.0766,0.2746,5.52,
,1.0774,0.2757,5.54,
,1.0783,0.2767,5.56,
,1.0792,0.2776,5.58,
,1.0801,0.2787,5.6,
,1.0812,0.2798,5.62,
,1.0825,0.2808,5.64,
,1.0834,0.2818,5.66,
,1.084,0.2828,5.68,
,1.0848,0.2838,5.7,
,1.0856,0.2847,5.72,
,1.0865,0.2857,5.74,
,1.0874,0.2867,5.76,
,1.0883,0.2876,5.78,
,1.0892,0.2886,5.8,
,1.0902,0.2897,5.82,
,1.0912,0.2907,5.84,
,1.0917,0.2916,5.86,
,1.0921,0.2925,5.88,
,1.0929,0.2935,5.9,
,1.0939,0.2945,5.92,
,1.0949,0.2956,5.94,
,1.0959,0.2966,5.96,
,1.0967,0.2976,5.98,
,1.0972,0.2985,6,
,1.0979,0.2996,6.02,
,1.0987,0.3006,6.04,
,1.0994,0.3015,6.06,
,1.0999,0.3025,6.08,
,1.1009,0.3036,6.1,
,1.1021,0.3046,6.12,
,1.103,0.3057,6.14,
,1.1035,0.3067,6.16,
,1.1039,0.3076,6.18,
,1.1043,0.3086,6.2,
,1.1049,0.3096,6.22,
,1.106,0.3107,6.24,
,1.1069,0.3117,6.26,
,1.1075,0.3127,6.28,
,1.1082,0.3137,6.3,
,1.1088,0.3147,6.32,
,1.1092,0.3156,6.34,
,1.1096,0.3166,6.36,
,1.1102,0.3175,6.38,
,1.1108,0.3184,6.4,
,1.1117,0.3195,6.42,
,1.1128,0.3206,6.44,
,1.1136,0.3216,6.46,
,1.114,0.3226,6.48,
,1.1143,0.3236,6.5,
,1.1147,0.3245,6.52,
,1.1153,0.3255,6.54,
,1.1159,0.3265,6.56,
,1.1167,0.3276,6.58,
,1.1174,0.3286,6.6,
,1.1181,0.3297,6.62,
,1.1188,0.3307,6.64,
,1.1193,0.3316,6.66,
,1.1193,0.3326,6.68,
,1.1197,0.3336,6.7,
,1.1204,0.3346,6.72,
,1.1213,0.3356,6.74,
,1.1223,0.3367,6.76,
,1.1229,0.3377,6.78,
,1.1231,0.3387,6.8,
,1.1234,0.3397,6.82,
,1.124,0.3408,6.84,
,1.1245,0.3417,6.86,
,1.1248,0.3427,6.88,
,1.1254,0.3437,6.9,
,1.1263,0.3448,6.92,
,1.127,0.3458,6.94,
,1.1275,0.3468,6.96,
,1.1276,0.3477,6.98,
,1.1276,0.3486,7,
,1.1281,0.3496,7.02,
,1.1291,0.3506,7.04,
,1.1298,0.3516,7.06,
,1.1302,0.3526,7.08,
,1.1308,0.3536,7.1,
,1.1314,0.3546,7.12,
,1.1318,0.3556,7.14,
,1.132,0.3565,7.16,
,1.1323,0.3575,7.18,
,1.1327,0.3584,7.2,
,1.1332,0.3595,7.22,
,1.1341,0.3606,7.24,
,1.1349,0.3616,7.26,
,1.1351,0.3626,7.28,
,1.1353,0.3636,7.3,
,1.1356,0.3646,7.32,
,1.1361,0.3656,7.34,
,1.1365,0.3667,7.36,
,1.1371,0.3677,7.38,
,1.1376,0.3687,7.4,
,1.1381,0.3698,7.42,
,1.1386,0.3709,7.44,
,1.139,0.3718,7.46,
,1.139,0.3727,7.48,
,1.1392,0.3737,7.5,
,1.1398,0.3747,7.52,
,1.1403,0.3757,7.54,
,1.1409,0.3767,7.56,
,1.1416,0.3777,7.58,
,1.1419,0.3786,7.6,
,1.1419,0.3796,7.62,
,1.1424,0.3806,7.64,
,1.143,0.3816,7.66,
,1.1433,0.3825,7.68,
,1.1436,0.3835,7.7,
,1.1444,0.3846,7.72,
,1.145,0.3857,7.74,
,1.1453,0.3867,7.76,
,1.1454,0.3876,7.78,
,1.1454,0.3886,7.8,
,1.1456,0.3895,7.82,
,1.1463,0.3906,7.84,
,1.147,0.3916,7.86,
,1.1475,0.3926,7.88,
,1.1477,0.3937,7.9,
,1.1483,0.3947,7.92,
,1.1485,0.3957,7.94,
,1.1487,0.3967,7.96,
,1.149,0.3976,7.98,
,1.1493,0.3986,8,
,1.1497,0.3996,8.02,
,1.1503,0.4008,8.04,
,1.151,0.4018,8.06,
,1.1511,0.4028,8.08,
,1.1511,0.4038,8.1,
,1.1513,0.4047,8.12,
,1.1516,0.4056,8.14,
,1.152,0.4066,8.16,
,1.1525,0.4076,8.18,
,1.1531,0.4086,8.2,
,1.1534,0.4096,8.22,
,1.154,0.4107,8.24,
,1.1545,0.4117,8.26,
,1.1544,0.4126,8.28,
,1.1543,0.4136,8.3,
,1.1547,0.4145,8.32,
,1.1553,0.4156,8.34,
,1.1558,0.4166,8.36,
,1.1563,0.4176,8.38,
,1.1564,0.4186,8.4,
,1.1566,0.4196,8.42,
,1.157,0.4206,8.44,
,1.1574,0.4216,8.46,
,1.1577,0.4225,8.48,
,1.1578,0.4235,8.5,
,1.1584,0.4246,8.52,
,1.1591,0.4257,8.54,
,1.1595,0.4267,8.56,
,1.1596,0.4277,8.58,
,1.1594,0.4287,8.6,
,1.1593,0.4297,8.62,
,1.1598,0.4308,8.64,
,1.1606,0.4318,8.66,
,1.1609,0.4327,8.68,
,1.1612,0.4338,8.7,
,1.1615,0.4348,8.72,
,1.1617,0.4357,8.74,
,1.1619,0.4366,8.76,
,1.162,0.4376,8.78,
,1.1624,0.4385,8.8,
,1.1627,0.4395,8.82,
,1.1633,0.4406,8.84,
,1.164,0.4416,8.86,
,1.1643,0.4426,8.88,
,1.1642,0.4436,8.9,
,1.1643,0.4446,8.92,
,1.1645,0.4455,8.94,
,1.1648,0.4465,8.96,
,1.1651,0.4475,8.98,
,1.1654,0.4485,9,
,1.1659,0.4496,9.02,
,1.1664,0.4506,9.04,
,1.1668,0.4516,9.06,
,1.1668,0.4525,9.08,
,1.1666,0.4535,9.1,
,1.1669,0.4545,9.12,
,1.1675,0.4555,9.14,
,1.168,0.4566,9.16,
,1.1686,0.4577,9.18,
,1.1689,0.4587,9.2,
,1.1687,0.4597,9.22,
,1.1687,0.4608,9.24,
,1.1691,0.4617,9.26,
,1.1692,0.4627,9.28,
,1.1693,0.4637,9.3,
,1.1698,0.4647,9.32,
,1.1704,0.4657,9.34,
,1.1708,0.4668,9.36,
,1.171,0.4677,9.38,
,1.1709,0.4686,9.4,
,1.1708,0.4695,9.42,
,1.1712,0.4705,9.44,
,1.1718,0.4715,9.46,
,1.1722,0.4725,9.48,
,1.1725,0.4735,9.5,
,1.173,0.4746,9.52,
,1.1734,0.4756,9.54,
,1.1733,0.4765,9.56,
,1.1732,0.4775,9.58,
,1.1733,0.4785,9.6,
,1.1735,0.4794,9.62,
,1.174,0.4805,9.64,
,1.1747,0.4816,9.66,
,1.1751,0.4826,9.68,
,1.1751,0.4836,9.7,
,1.1752,0.4846,9.72,
,1.1753,0.4856,9.74,
,1.1754,0.4866,9.76,
,1.1759,0.4876,9.78,
,1.1763,0.4887,9.8,
,1.1765,0.4897,9.82,
,1.1768,0.4908,9.84,
,1.1771,0.4918,9.86,
,1.177,0.4927,9.88,
,1.1768,0.4937,9.9,
,1.1773,0.4946,9.92,
,1.1777,0.4956,9.94,
,1.1782,0.4967,9.96,
,1.1786,0.4977,9.98,
,1.1788,0.4986,10,
,1.1787,0.4996,10.02,
,1.1789,0.5006,10.04,
,1.1793,0.5016,10.06,
,1.1795,0.5025,10.08,
,1.1796,0.5035,10.1,
,1.1801,0.5046,10.12,
,1.1807,0.5056,10.14,
,1.1809,0.5067,10.16,
,1.181,0.5076,10.18,
,1.1809,0.5086,10.2,
,1.1807,0.5095,10.22,
,1.1809,0.5106,10.24,
,1.1815,0.5116,10.26,
,1.1818,0.5126,10.28,
,1.1821,0.5136,10.3,
,1.1826,0.5147,10.32,
,1.1829,0.5157,10.34,
,1.1829,0.5167,10.36,
,1.1828,0.5177,10.38,
,1.1828,0.5186,10.4,
,1.183,0.5196,10.42,
,1.1835,0.5207,10.44,
,1.1843,0.5218,10.46,
,1.1846,0.5228,10.48,
,1.1843,0.5238,10.5,
,1.1842,0.5247,10.52,
,1.1844,0.5257,10.54,
,1.1846,0.5266,10.56,
,1.1849,0.5276,10.58,
,1.1853,0.5286,10.6,
,1.1857,0.5296,10.62,
,1.1861,0.5307,10.64,
,1.1865,0.5317,10.66,
,1.1863,0.5326,10.68,
,1.1861,0.5335,10.7,
,1.1863,0.5345,10.72,
,1.1868,0.5355,10.74,
,1.1873,0.5365,10.76,
,1.1877,0.5376,10.78,
,1.1879,0.5386,10.8,
,1.1878,0.5395,10.82,
,1.1878,0.5405,10.84,
,1.1881,0.5415,10.86,
,1.1884,0.5425,10.88,
,1.1884,0.5434,10.9,
,1.1887,0.5445,10.92,
,1.1893,0.5456,10.94,
,1.1899,0.5467,10.96,
,1.1899,0.5478,10.98,
,1.1897,0.5487,11,
,1.1893,0.5497,11.02,
,1.1894,0.5507,11.04,
,1.1901,0.5518,11.06,
,1.1904,0.5527,11.08,
,1.1905,0.5538,11.1,
,1.1909,0.5548,11.12,
,1.191,0.5558,11.14,
,1.191,0.5567,11.16,
,1.1911,0.5577,11.18,
,1.1912,0.5586,11.2,
,1.1914,0.5595,11.22,
,1.1918,0.5606,11.24,
,1.1925,0.5616,11.26,
,1.1929,0.5626,11.28,
,1.1929,0.5636,11.3,
,1.1929,0.5646,11.32,
,1.193,0.5656,11.34,
,1.1932,0.5665,11.36,
,1.1934,0.5675,11.38,
,1.1937,0.5685,11.4,
,1.1941,0.5695,11.42,
,1.1944,0.5706,11.44,
,1.1946,0.5717,11.46,
,1.1948,0.5726,11.48,
,1.1944,0.5735,11.5,
,1.1944,0.5745,11.52,
,1.1948,0.5756,11.54,
,1.1953,0.5766,11.56,
,1.1958,0.5777,11.58,
,1.1961,0.5787,11.6,
,1.1959,0.5797,11.62,
,1.1958,0.5807,11.64,
,1.1961,0.5817,11.66,
,1.1963,0.5827,11.68,
,1.1962,0.5836,11.7,
,1.1964,0.5847,11.72,
,1.1969,0.5857,11.74,
,1.1972,0.5867,11.76,
,1.1973,0.5877,11.78,
,1.1972,0.5886,11.8,
,1.1971,0.5895,11.82,
,1.1971,0.5905,11.84,
,1.1976,0.5916,11.86,
,1.1982,0.5925,11.88,
,1.1984,0.5936,11.9,
,1.1986,0.5946,11.92,
,1.1989,0.5956,11.94,
,1.199,0.5966,11.96,
,1.1987,0.5976,11.98,
,1.1988,0.5985,12,
,1.1991,0.5995,12.02,
,1.1995,0.6005,12.04,
,1.2001,0.6016,12.06,
,1.2007,0.6026,12.08,
,1.2007,0.6036,12.1,
,1.2007,0.6046,12.12,
,1.2008,0.6056,12.14,
,1.2011,0.6066,12.16,
,1.2015,0.6076,12.18,
,1.2019,0.6087,12.2,
,1.2022,0.6097,12.22,
,1.2024,0.6108,12.24,
,1.2027,0.6119,12.26,
,1.2027,0.6128,12.28,
,1.2024,0.6137,12.3,
,1.2023,0.6147,12.32,
,1.2027,0.6156,12.34,
,1.2032,0.6166,12.36,
,1.2036,0.6176,12.38,
,1.204,0.6187,12.4,
,1.204,0.6196,12.42,
,1.2039,0.6206,12.44,
,1.2041,0.6216,12.46,
,1.2045,0.6225,12.48,
,1.2045,0.6235,12.5,
,1.2046,0.6245,12.52,
,1.205,0.6256,12.54,
,1.2053,0.6266,12.56,
,1.2054,0.6276,12.58,
,1.2053,0.6286,12.6,
,1.2052,0.6295,12.62,
,1.2051,0.6305,12.64,
,1.2055,0.6316,12.66,
,1.2061,0.6326,12.68,
,1.2063,0.6336,12.7,
,1.2062,0.6346,12.72,
,1.2065,0.6357,12.74,
,1.2067,0.6367,12.76,
,1.2065,0.6377,12.78,
,1.2066,0.6387,12.8,
,1.2067,0.6396,12.82,
,1.2066,0.6406,12.84,
,1.2071,0.6417,12.86,
,1.2074,0.6428,12.88,
,1.2071,0.6438,12.9,
,1.2067,0.6448,12.92,
,1.2064,0.6457,12.94,
,1.2063,0.6467,12.96,
,1.2062,0.6477,12.98,
,1.2064,0.6486,13,
,1.2067,0.6496,13.02,
,1.207,0.6506,13.04,
,1.2076,0.6517,13.06,
,1.2082,0.6526,13.08,
,1.2083,0.6536,13.1,
,1.2086,0.6545,13.12,
,1.2093,0.6555,13.14,
,1.2099,0.6565,13.16,
,1.2105,0.6576,13.18,
,1.2112,0.6586,13.2,
,1.2117,0.6596,13.22,
,1.2119,0.6605,13.24,
,1.2123,0.6616,13.26,
,1.2127,0.6626,13.28,
,1.2131,0.6635,13.3,
,1.2132,0.6645,13.32,
,1.2139,0.6656,13.34,
,1.2146,0.6667,13.36,
,1.2148,0.6677,13.38,
,1.2147,0.6687,13.4,
,1.2146,0.6697,13.42,
,1.2145,0.6707,13.44,
,1.2148,0.6717,13.46,
,1.2155,0.6727,13.48,
,1.2157,0.6737,13.5,
,1.2158,0.6748,13.52,
,1.2161,0.6757,13.54,
,1.2163,0.6767,13.56,
,1.2164,0.6776,13.58,
,1.2166,0.6786,13.6,
,1.2169,0.6795,13.62,
,1.2173,0.6805,13.64,
,1.218,0.6816,13.66,
,1.2189,0.6826,13.68,
,1.2194,0.6836,13.7,
,1.2196,0.6846,13.72,
,1.2201,0.6856,13.74,
,1.2208,0.6865,13.76,
,1.2214,0.6875,13.78,
,1.2222,0.6885,13.8,
,1.223,0.6895,13.82,
,1.2234,0.6906,13.84,
,1.2239,0.6917,13.86,
,1.2243,0.6927,13.88,
,1.2238,0.6936,13.9,
,1.2231,0.6945,13.92,
,1.2227,0.6956,13.94,
,1.2224,0.6966,13.96,
,1.2219,0.6976,13.98,
,1.2216,0.6987,14,
,1.2208,0.6997,14.02,
,1.2199,0.7007,14.04,
,1.2197,0.7017,14.06,
,1.2197,0.7027,14.08,
,1.2194,0.7036,14.1,
,1.2191,0.7046,14.12,
,1.2193,0.7057,14.14,
,1.2194,0.7067,14.16,
,1.2193,0.7077,14.18,
,1.2188,0.7087,14.2,
,1.2183,0.7096,14.22,
,1.2179,0.7105,14.24,
,1.2179,0.7116,14.26,
,1.2181,0.7126,14.28,
,1.2181,0.7135,14.3,
,1.2178,0.7146,14.32,
,1.2179,0.7156,14.34,
,1.2178,0.7166,14.36,
,1.2174,0.7175,14.38,
,1.2171,0.7185,14.4,
,1.2173,0.7195,14.42,
,1.2175,0.7204,14.44,
,1.2177,0.7215,14.46,
,1.2181,0.7226,14.48,
,1.2183,0.7236,14.5,
,1.2181,0.7246,14.52,
,1.2179,0.7256,14.54,
,1.2181,0.7266,14.56,
,1.2182,0.7276,14.58,
,1.2185,0.7287,14.6,
,1.2188,0.7297,14.62,
,1.219,0.7307,14.64,
,1.219,0.7318,14.66,
,1.219,0.7328,14.68,
,1.2186,0.7337,14.7,
,1.2181,0.7347,14.72,
,1.218,0.7357,14.74,
,1.2178,0.7366,14.76,
,1.2176,0.7377,14.78,
,1.2176,0.7387,14.8,
,1.2178,0.7396,14.82,
,1.218,0.7406,14.84,
,1.2187,0.7416,14.86,
,1.2197,0.7426,14.88,
,1.2205,0.7435,14.9,
,1.221,0.7444,14.92,
,1.2218,0.7455,14.94,
,1.2228,0.7466,14.96,
,1.2235,0.7476,14.98,
,1.2238,0.7486,15,
,1.2239,0.7496,15.02,
,1.2239,0.7505,15.04,
,1.2243,0.7515,15.06,
,1.2252,0.7526,15.08,
,1.2258,0.7535,15.1,
,1.2262,0.7546,15.12,
,1.2268,0.7556,15.14,
,1.2274,0.7566,15.16,
,1.2276,0.7576,15.18,
,1.2279,0.7586,15.2,
,1.2282,0.7596,15.22,
,1.2286,0.7606,15.24,
,1.229,0.7617,15.26,
,1.2297,0.7628,15.28,
,1.23,0.7638,15.3,
,1.2297,0.7648,15.32,
,1.2297,0.7658,15.34,
,1.23,0.7667,15.36,
,1.2301,0.7677,15.38,
,1.2303,0.7687,15.4,
,1.2306,0.7697,15.42,
,1.2308,0.7706,15.44,
,1.2309,0.7717,15.46,
,1.2313,0.7727,15.48,
,1.2312,0.7736,15.5,
,1.2307,0.7745,15.52,
,1.2308,0.7755,15.54,
,1.2311,0.7765,15.56,
,1.2313,0.7775,15.58,
,1.2314,0.7786,15.6,
,1.2315,0.7796,15.62,
,1.231,0.7805,15.64,
,1.2306,0.7815,15.66,
,1.2308,0.7826,15.68,
,1.231,0.7835,15.7,
,1.2308,0.7845,15.72,
,1.2308,0.7856,15.74,
,1.2313,0.7867,15.76,
,1.2313,0.7877,15.78,
,1.2309,0.7887,15.8,
,1.2304,0.7897,15.82,
,1.23,0.7906,15.84,
,1.23,0.7917,15.86,
,1.2305,0.7927,15.88,
,1.2306,0.7937,15.9,
,1.2306,0.7948,15.92,
,1.2307,0.7958,15.94,
,1.2307,0.7967,15.96,
,1.2304,0.7977,15.98,
,1.2303,0.7986,16,
,1.2304,0.7996,16.02,
,1.2307,0.8005,16.04,
,1.2309,0.8015,16.06,
,1.2313,0.8026,16.08,
,1.2317,0.8036,16.1,
,1.2316,0.8046,16.12,
,1.2313,0.8056,16.14,
,1.2315,0.8065,16.16,
,1.2316,0.8075,16.18,
,1.2318,0.8085,16.2,
,1.2321,0.8095,16.22,
,1.2324,0.8105,16.24,
,1.2326,0.8116,16.26,
,1.233,0.8127,16.28,
,1.2331,0.8136,16.3,
,1.2327,0.8145,16.32,
,1.2326,0.8155,16.34,
,1.233,0.8165,16.36,
,1.2336,0.8176,16.38,
,1.2341,0.8187,16.4,
,1.2345,0.8197,16.42,
,1.2343,0.8207,16.44,
,1.2341,0.8217,16.46,
,1.2344,0.8228,16.48,
,1.2346,0.8237,16.5,
,1.2345,0.8247,16.52,
,1.2346,0.8257,16.54,
,1.235,0.8268,16.56,
,1.2353,0.8278,16.58,
,1.2354,0.8288,16.6,
,1.2354,0.8297,16.62,
,1.2351,0.8306,16.64,
,1.2352,0.8316,16.66,
,1.2358,0.8326,16.68,
,1.2362,0.8335,16.7,
,1.2362,0.8345,16.72,
,1.2364,0.8356,16.74,
,1.2369,0.8366,16.76,
,1.2369,0.8376,16.78,
,1.2367,0.8385,16.8,
,1.2368,0.8395,16.82,
,1.2371,0.8405,16.84,
,1.2373,0.8414,16.86,
,1.2377,0.8425,16.88,
,1.2382,0.8436,16.9,
,1.2382,0.8446,16.92,
,1.2382,0.8456,16.94,
,1.2384,0.8466,16.96,
,1.2386,0.8476,16.98,
,1.2389,0.8486,17,
,1.2392,0.8497,17.02,
,1.2395,0.8507,17.04,
,1.2395,0.8517,17.06,
,1.2399,0.8528,17.08,
,1.2404,0.8538,17.1,
,1.2403,0.8547,17.12,
,1.2405,0.8557,17.14,
,1.241,0.8566,17.16,
,1.2415,0.8576,17.18,
,1.2422,0.8587,17.2,
,1.2426,0.8597,17.22,
,1.2428,0.8606,17.24,
,1.243,0.8615,17.26,
,1.2435,0.8626,17.28,
,1.2443,0.8635,17.3,
,1.2447,0.8644,17.32,
,1.2451,0.8655,17.34,
,1.2459,0.8666,17.36,
,1.2466,0.8676,17.38,
,1.2467,0.8686,17.4,
,1.2466,0.8696,17.42,
,1.2463,0.8705,17.44,
,1.246,0.8715,17.46,
,1.2459,0.8726,17.48,
,1.2456,0.8736,17.5,
,1.2451,0.8746,17.52,
,1.2445,0.8757,17.54,
,1.2442,0.8767,17.56,
,1.244,0.8777,17.58,
,1.2436,0.8786,17.6,
,1.2436,0.8796,17.62,
,1.2437,0.8806,17.64,
,1.2438,0.8816,17.66,
,1.2442,0.8827,17.68,
,1.2448,0.8838,17.7,
,1.2447,0.8848,17.72,
,1.2443,0.8858,17.74,
,1.2442,0.8867,17.76,
,1.2442,0.8876,17.78,
,1.2444,0.8886,17.8,
,1.245,0.8896,17.82,
,1.2452,0.8906,17.84,
,1.2452,0.8916,17.86,
,1.2454,0.8927,17.88,
,1.2454,0.8937,17.9,
,1.245,0.8946,17.92,
,1.2446,0.8955,17.94,
,1.2447,0.8965,17.96,
,1.245,0.8975,17.98,
,1.2452,0.8986,18,
,1.2453,0.8996,18.02,
,1.245,0.9006,18.04,
,1.2447,0.9016,18.06,
,1.2446,0.9026,18.08,
,1.245,0.9036,18.1,
,1.2448,0.9045,18.12,
,1.2445,0.9055,18.14,
,1.245,0.9066,18.16,
,1.2454,0.9076,18.18,
,1.2456,0.9087,18.2,
,1.2455,0.9097,18.22,
,1.2453,0.9107,18.24,
,1.2451,0.9117,18.26,
,1.2453,0.9127,18.28,
,1.2456,0.9137,18.3,
,1.2456,0.9147,18.32,
,1.2456,0.9158,18.34,
,1.2459,0.9168,18.36,
,1.2459,0.9177,18.38,
,1.246,0.9187,18.4,
,1.2461,0.9196,18.42,
,1.2463,0.9206,18.44,
,1.2464,0.9215,18.46,
,1.2467,0.9226,18.48,
,1.2472,0.9236,18.5,
,1.2474,0.9246,18.52,
,1.2472,0.9256,18.54,
,1.2472,0.9266,18.56,
,1.2473,0.9275,18.58,
,1.2473,0.9285,18.6,
,1.2474,0.9296,18.62,
,1.2475,0.9306,18.64,
,1.2472,0.9316,18.66,
,1.2471,0.9326,18.68,
,1.2471,0.9337,18.7,
,1.2467,0.9346,18.72,
,1.2464,0.9355,18.74,
,1.2465,0.9366,18.76,
,1.247,0.9376,18.78,
,1.2472,0.9387,18.8,
,1.2474,0.9397,18.82,
,1.2474,0.9407,18.84,
,1.2474,0.9417,18.86,
,1.2476,0.9427,18.88,
,1.248,0.9437,18.9,
,1.2481,0.9447,18.92,
,1.2481,0.9457,18.94,
,1.2485,0.9468,18.96,
,1.2491,0.9478,18.98,
,1.2492,0.9488,19,
,1.2489,0.9497,19.02,
,1.2487,0.9506,19.04,
,1.2485,0.9516,19.06,
,1.2489,0.9526,19.08,
,1.2496,0.9536,19.1,
,1.2498,0.9546,19.12,
,1.2498,0.9556,19.14,
,1.2497,0.9567,19.16,
,1.2496,0.9576,19.18,
,1.2494,0.9586,19.2,
,1.2491,0.9595,19.22,
,1.2493,0.9605,19.24,
,1.2498,0.9614,19.26,
,1.25,0.9625,19.28,
,1.2505,0.9636,19.3,
,1.2509,0.9646,19.32,
,1.2505,0.9656,19.34,
,1.2506,0.9666,19.36,
,1.2509,0.9676,19.38,
,1.251,0.9686,19.4,
,1.2514,0.9696,19.42,
,1.252,0.9707,19.44,
,1.2522,0.9717,19.46,
,1.2526,0.9728,19.48,
,1.2531,0.9739,19.5,
,1.2529,0.9748,19.52,
,1.2527,0.9757,19.54,
,1.253,0.9767,19.56,
,1.2535,0.9777,19.58,
,1.2541,0.9787,19.6,
,1.2548,0.9797,19.62,
,1.2551,0.9807,19.64,
,1.2552,0.9816,19.66,
,1.2554,0.9826,19.68,
,1.2558,0.9836,19.7,
,1.2559,0.9845,19.72,
,1.256,0.9854,19.74,
,1.2564,0.9865,19.76,
,1.2572,0.9876,19.78,
,1.2578,0.9886,19.8,
,1.2579,0.9897,19.82,
,1.2577,0.9906,19.84,
,1.2577,0.9916,19.86,
,1.2579,0.9926,19.88,
,1.2585,0.9936,19.9,
,1.2589,0.9946,19.92,
,1.259,0.9956,19.94,
,1.2594,0.9967,19.96,
,1.2598,0.9977,19.98,
,1.2599,0.9987,20,
,1.2599,0.9997,20.02,
,1.2601,1.0007,20.04,
,1.2602,1.0017,20.06,
,1.2605,1.0027,20.08,
,1.2612,1.0038,20.1,
,1.2616,1.0048,20.12,
,1.2616,1.0058,20.14,
,1.2616,1.0068,20.16,
,1.2617,1.0077,20.18,
,1.262,1.0087,20.2,
,1.2624,1.0097,20.22,
,1.2629,1.0107,20.24,
,1.2632,1.0116,20.26,
,1.2635,1.0127,20.28,
,1.2641,1.0137,20.3,
,1.2644,1.0146,20.32,
,1.2645,1.0155,20.34,
,1.2649,1.0165,20.36,
,1.2658,1.0175,20.38,
,1.2666,1.0185,20.4,
,1.2675,1.0196,20.42,
,1.2683,1.0206,20.44,
,1.2689,1.0215,20.46,
,1.2695,1.0225,20.48,
,1.2705,1.0235,20.5,
,1.2714,1.0245,20.52,
,1.2718,1.0254,20.54,
,1.2723,1.0265,20.56,
,1.2731,1.0276,20.58,
,1.2735,1.0287,20.6,
,1.2735,1.0297,20.62,
,1.2732,1.0307,20.64,
,1.2728,1.0316,20.66,
,1.2727,1.0327,20.68,
,1.2732,1.0337,20.7,
,1.2733,1.0347,20.72,
,1.273,1.0358,20.74,
,1.2729,1.0368,20.76,
,1.2727,1.0378,20.78,
,1.2721,1.0387,20.8,
,1.2717,1.0396,20.82,
,1.2716,1.0406,20.84,
,1.2714,1.0415,20.86,
,1.2712,1.0425,20.88,
,1.2711,1.0436,20.9,
,1.2706,1.0447,20.92,
,1.2694,1.0456,20.94,
,1.2682,1.0466,20.96,
,1.2671,1.0476,20.98,
,1.266,1.0485,21,
,1.2653,1.0495,21.02,
,1.2649,1.0505,21.04,
,1.2644,1.0515,21.06,
,1.2639,1.0526,21.08,
,1.2639,1.0537,21.1,
,1.2636,1.0546,21.12,
,1.263,1.0555,21.14,
,1.2627,1.0565,21.16,
,1.2629,1.0575,21.18,
,1.2633,1.0586,21.2,
,1.2636,1.0597,21.22,
,1.2637,1.0607,21.24,
,1.2634,1.0617,21.26,
,1.263,1.0627,21.28,
,1.2631,1.0638,21.3,
,1.2633,1.0647,21.32,
,1.2631,1.0656,21.34,
,1.263,1.0667,21.36,
,1.2635,1.0677,21.38,
,1.2637,1.0688,21.4,
,1.2636,1.0697,21.42,
,1.2634,1.0707,21.44,
,1.2631,1.0716,21.46,
,1.263,1.0726,21.48,
,1.2633,1.0736,21.5,
,1.2635,1.0745,21.52,
,1.2634,1.0755,21.54,
,1.2634,1.0766,21.56,
,1.2636,1.0776,21.58,
,1.2634,1.0786,21.6,
,1.2631,1.0795,21.62,
,1.263,1.0805,21.64,
,1.263,1.0815,21.66,
,1.263,1.0825,21.68,
,1.2633,1.0835,21.7,
,1.2635,1.0846,21.72,
,1.2633,1.0856,21.74,
,1.263,1.0866,21.76,
,1.2629,1.0876,21.78,
,1.263,1.0886,21.8,
,1.2629,1.0897,21.82,
,1.2633,1.0907,21.84,
,1.2635,1.0917,21.86,
,1.263,1.0928,21.88,
,1.2633,1.0939,21.9,
,1.2634,1.0948,21.92,
,1.2627,1.0957,21.94,
,1.2628,1.0967,21.96,
,1.2633,1.0977,21.98,
,1.2633,1.0987,22,
,1.2637,1.0997,22.02,
,1.2639,1.1007,22.04,
,1.2634,1.1016,22.06,
,1.2632,1.1026,22.08,
,1.2634,1.1036,22.1,
,1.2636,1.1046,22.12,
,1.2637,1.1055,22.14,
,1.2638,1.1065,22.16,
,1.264,1.1076,22.18,
,1.2644,1.1086,22.2,
,1.2644,1.1097,22.22,
,1.2642,1.1106,22.24,
,1.264,1.1115,22.26,
,1.264,1.1125,22.28,
,1.2645,1.1136,22.3,
,1.265,1.1146,22.32,
,1.2652,1.1156,22.34,
,1.2651,1.1167,22.36,
,1.2652,1.1177,22.38,
,1.2652,1.1187,22.4,
,1.2651,1.1197,22.42,
,1.2651,1.1207,22.44,
,1.2654,1.1216,22.46,
,1.2656,1.1226,22.48,
,1.2659,1.1238,22.5,
,1.2663,1.1248,22.52,
,1.2662,1.1258,22.54,
,1.2658,1.1268,22.56,
,1.2657,1.1277,22.58,
,1.2658,1.1287,22.6,
,1.2658,1.1296,22.62,
,1.2661,1.1307,22.64,
,1.2664,1.1316,22.66,
,1.2664,1.1326,22.68,
,1.2664,1.1337,22.7,
,1.2664,1.1347,22.72,
,1.266,1.1356,22.74,
,1.2656,1.1366,22.76,
,1.2658,1.1375,22.78,
,1.266,1.1385,22.8,
,1.2661,1.1396,22.82,
,1.2663,1.1406,22.84,
,1.2664,1.1416,22.86,
,1.2661,1.1425,22.88,
,1.2661,1.1436,22.9,
,1.2665,1.1446,22.92,
,1.2665,1.1455,22.94,
,1.2664,1.1465,22.96,
,1.2669,1.1476,22.98,
,1.2673,1.1487,23,
,1.2673,1.1497,23.02,
,1.2671,1.1508,23.04,
,1.2668,1.1517,23.06,
,1.2666,1.1527,23.08,
,1.2667,1.1537,23.1,
,1.2671,1.1548,23.12,
,1.2672,1.1558,23.14,
,1.2672,1.1568,23.16,
,1.2672,1.1578,23.18,
,1.2674,1.1587,23.2,
,1.2676,1.1597,23.22,
,1.2679,1.1606,23.24,
,1.2683,1.1615,23.26,
,1.2688,1.1625,23.28,
,1.2695,1.1636,23.3,
,1.2705,1.1646,23.32,
,1.2709,1.1656,23.34,
,1.2708,1.1666,23.36,
,1.2711,1.1676,23.38,
,1.2716,1.1685,23.4,
,1.272,1.1695,23.42,
,1.2727,1.1705,23.44,
,1.2733,1.1716,23.46,
,1.2737,1.1726,23.48,
,1.2741,1.1737,23.5,
,1.2744,1.1747,23.52,
,1.2746,1.1756,23.54,
,1.2746,1.1765,23.56,
,1.2751,1.1775,23.58,
,1.2759,1.1786,23.6,
,1.2766,1.1796,23.62,
,1.2772,1.1807,23.64,
,1.2775,1.1817,23.66,
,1.2773,1.1827,23.68,
,1.2775,1.1838,23.7,
,1.2781,1.1848,23.72,
,1.2783,1.1857,23.74,
,1.2785,1.1867,23.76,
,1.2792,1.1878,23.78,
,1.2799,1.1888,23.8,
,1.2803,1.1898,23.82,
,1.2802,1.1908,23.84,
,1.28,1.1917,23.86,
,1.28,1.1926,23.88,
,1.2805,1.1936,23.9,
,1.2812,1.1946,23.92,
,1.2817,1.1955,23.94,
,1.2818,1.1966,23.96,
,1.282,1.1976,23.98,
,1.2822,1.1986,24,
,1.282,1.1995,24.02,
,1.2817,1.2005,24.04,
,1.2817,1.2015,24.06,
,1.2817,1.2024,24.08,
,1.2818,1.2035,24.1,
,1.2821,1.2046,24.12,
,1.2821,1.2056,24.14,
,1.2815,1.2066,24.16,
,1.2811,1.2076,24.18,
,1.281,1.2086,24.2,
,1.2811,1.2096,24.22,
,1.2815,1.2107,24.24,
,1.2818,1.2117,24.26,
,1.2819,1.2127,24.28,
,1.282,1.2138,24.3,
,1.2822,1.2149,24.32,
,1.282,1.2158,24.34,
,1.2817,1.2167,24.36,
,1.2818,1.2177,24.38,
,1.282,1.2187,24.4,
,1.2824,1.2197,24.42,
,1.2827,1.2207,24.44,
,1.2827,1.2216,24.46,
,1.2825,1.2226,24.48,
,1.2822,1.2236,24.5,
,1.2823,1.2246,24.52,
,1.2823,1.2255,24.54,
,1.282,1.2264,24.56,
,1.2821,1.2275,24.58,
,1.2826,1.2286,24.6,
,1.2827,1.2296,24.62,
,1.2825,1.2306,24.64,
,1.282,1.2316,24.66,
,1.2816,1.2325,24.68,
,1.2816,1.2335,24.7,
,1.282,1.2346,24.72,
,1.2821,1.2356,24.74,
,1.2818,1.2366,24.76,
,1.2818,1.2377,24.78,
,1.2819,1.2387,24.8,
,1.2816,1.2397,24.82,
,1.2814,1.2407,24.84,
,1.2813,1.2416,24.86,
,1.2811,1.2426,24.88,
,1.2813,1.2437,24.9,
,1.2816,1.2448,24.92,
,1.2816,1.2458,24.94,
,1.2812,1.2468,24.96,
,1.2808,1.2478,24.98,
,1.2807,1.2487,25,
,1.2808,1.2496,25.02,
,1.2808,1.2506,25.04,
,1.2809,1.2516,25.06,
,1.2809,1.2526,25.08,
,1.2808,1.2537,25.1,
,1.2809,1.2547,25.12,
,1.2808,1.2556,25.14,
,1.2804,1.2565,25.16,
,1.2802,1.2575,25.18,
,1.2805,1.2585,25.2,
,1.2807,1.2595,25.22,
,1.2809,1.2606,25.24,
,1.281,1.2616,25.26,
,1.2807,1.2626,25.28,
,1.2804,1.2636,25.3,
,1.2805,1.2646,25.32,
,1.2805,1.2655,25.34,
,1.2804,1.2665,25.36,
,1.2805,1.2676,25.38,
,1.2809,1.2686,25.4,
,1.2811,1.2697,25.42,
,1.281,1.2708,25.44,
,1.2807,1.2717,25.46,
,1.2803,1.2727,25.48,
,1.2803,1.2737,25.5,
,1.2807,1.2747,25.52,
,1.281,1.2757,25.54,
,1.281,1.2767,25.56,
,1.2809,1.2778,25.58,
,1.2809,1.2787,25.6,
,1.2806,1.2797,25.62,
,1.2805,1.2806,25.64,
,1.2806,1.2816,25.66,
,1.2806,1.2825,25.68,
,1.2807,1.2835,25.7,
,1.2811,1.2846,25.72,
,1.2813,1.2856,25.74,
,1.281,1.2866,25.76,
,1.2808,1.2876,25.78,
,1.2809,1.2885,25.8,
,1.2809,1.2895,25.82,
,1.281,1.2905,25.84,
,1.2813,1.2915,25.86,
,1.2816,1.2925,25.88,
,1.2817,1.2936,25.9,
,1.2821,1.2947,25.92,
,1.2823,1.2956,25.94,
,1.2823,1.2965,25.96,
,1.2825,1.2975,25.98,
,1.2832,1.2985,26,
,1.2839,1.2996,26.02,
,1.2845,1.3007,26.04,
,1.2851,1.3017,26.06,
,1.2855,1.3027,26.08,
,1.2858,1.3037,26.1,
,1.2865,1.3048,26.12,
,1.2872,1.3057,26.14,
,1.2875,1.3067,26.16,
,1.2881,1.3077,26.18,
,1.2891,1.3088,26.2,
,1.29,1.3098,26.22,
,1.2905,1.3108,26.24,
,1.2909,1.3117,26.26,
,1.2911,1.3126,26.28,
,1.2915,1.3136,26.3,
,1.2923,1.3146,26.32,
,1.2931,1.3156,26.34,
,1.2935,1.3166,26.36,
,1.2938,1.3176,26.38,
,1.2943,1.3186,26.4,
,1.2942,1.3196,26.42,
,1.294,1.3206,26.44,
,1.294,1.3215,26.46,
,1.2941,1.3225,26.48,
,1.2944,1.3235,26.5,
,1.295,1.3246,26.52,
,1.2955,1.3256,26.54,
,1.2954,1.3266,26.56,
,1.2949,1.3276,26.58,
,1.2949,1.3286,26.6,
,1.295,1.3296,26.62,
,1.2951,1.3306,26.64,
,1.2953,1.3316,26.66,
,1.2956,1.3327,26.68,
,1.2955,1.3337,26.7,
,1.2956,1.3348,26.72,
,1.2955,1.3358,26.74,
,1.2951,1.3367,26.76,
,1.2949,1.3377,26.78,
,1.2952,1.3386,26.8,
,1.2955,1.3396,26.82,
,1.2959,1.3407,26.84,
,1.2961,1.3417,26.86,
,1.296,1.3426,26.88,
,1.2956,1.3436,26.9,
,1.2955,1.3446,26.92,
,1.2957,1.3455,26.94,
,1.2959,1.3465,26.96,
,1.2959,1.3475,26.98,
,1.2962,1.3485,27,
,1.2966,1.3496,27.02,
,1.2967,1.3506,27.04,
,1.2964,1.3516,27.06,
,1.2962,1.3525,27.08,
,1.2959,1.3535,27.1,
,1.2961,1.3546,27.12,
,1.2966,1.3556,27.14,
,1.2968,1.3565,27.16,
,1.2968,1.3576,27.18,
,1.2969,1.3587,27.2,
,1.2969,1.3597,27.22,
,1.2966,1.3607,27.24,
,1.2965,1.3617,27.26,
,1.2966,1.3626,27.28,
,1.2967,1.3636,27.3,
,1.2972,1.3647,27.32,
,1.2976,1.3658,27.34,
,1.2975,1.3668,27.36,
,1.2971,1.3678,27.38,
,1.297,1.3688,27.4,
,1.2971,1.3697,27.42,
,1.2972,1.3707,27.44,
,1.2974,1.3717,27.46,
,1.2976,1.3727,27.48,
,1.2978,1.3737,27.5,
,1.2979,1.3747,27.52,
,1.2981,1.3757,27.54,
,1.2978,1.3766,27.56,
,1.2974,1.3775,27.58,
,1.2976,1.3785,27.6,
,1.298,1.3795,27.62,
,1.2983,1.3805,27.64,
,1.2984,1.3816,27.66,
,1.2985,1.3826,27.68,
,1.2982,1.3835,27.7,
,1.298,1.3846,27.72,
,1.2982,1.3856,27.74,
,1.2982,1.3865,27.76,
,1.2981,1.3875,27.78,
,1.2983,1.3886,27.8,
,1.2987,1.3897,27.82,
,1.2987,1.3907,27.84,
,1.2984,1.3918,27.86,
,1.2981,1.3927,27.88,
,1.2977,1.3937,27.9,
,1.2978,1.3947,27.92,
,1.2983,1.3958,27.94,
,1.2982,1.3968,27.96,
,1.2979,1.3978,27.98,
,1.2979,1.3988,28,
,1.2977,1.3997,28.02,
,1.2974,1.4007,28.04,
,1.2972,1.4016,28.06,
,1.2971,1.4025,28.08,
,1.297,1.4035,28.1,
,1.2972,1.4045,28.12,
,1.2975,1.4056,28.14,
,1.2974,1.4066,28.16,
,1.2969,1.4076,28.18,
,1.2966,1.4086,28.2,
,1.2965,1.4095,28.22,
,1.2964,1.4105,28.24,
,1.2965,1.4115,28.26,
,1.2965,1.4126,28.28,
,1.2964,1.4136,28.3,
,1.2963,1.4147,28.32,
,1.2963,1.4157,28.34,
,1.2957,1.4166,28.36,
,1.295,1.4175,28.38,
,1.2949,1.4185,28.4,
,1.2947,1.4195,28.42,
,1.2942,1.4206,28.44,
,1.2934,1.4217,28.46,
,1.2921,1.4227,28.48,
,1.2903,1.4237,28.5,
,1.2889,1.4247,28.52,
,1.2884,1.4258,28.54,
,1.2881,1.4267,28.56,
,1.2878,1.4277,28.58,
,1.2881,1.4287,28.6,
,1.2884,1.4297,28.62,
,1.2886,1.4308,28.64,
,1.2887,1.4317,28.66,
,1.2886,1.4327,28.68,
,1.2885,1.4336,28.7,
,1.2888,1.4346,28.72,
,1.2893,1.4356,28.74,
,1.2896,1.4365,28.76,
,1.2897,1.4375,28.78,
,1.2898,1.4386,28.8,
,1.2899,1.4396,28.82,
,1.2896,1.4405,28.84,
,1.2893,1.4415,28.86,
,1.2891,1.4425,28.88,
,1.2889,1.4434,28.9,
,1.2888,1.4445,28.92,
,1.289,1.4456,28.94,
,1.2891,1.4466,28.96,
,1.2888,1.4476,28.98,
,1.2888,1.4486,29,
,1.2892,1.4496,29.02,
,1.2895,1.4506,29.04,
,1.2899,1.4517,29.06,
,1.2902,1.4527,29.08,
,1.2906,1.4537,29.1,
,1.2909,1.4548,29.12,
,1.2913,1.4559,29.14,
,1.2913,1.4568,29.16,
,1.2911,1.4577,29.18,
,1.2914,1.4587,29.2,
,1.2918,1.4597,29.22,
,1.2923,1.4607,29.24,
,1.2929,1.4617,29.26,
,1.2933,1.4626,29.28,
,1.2935,1.4636,29.3,
,1.2936,1.4646,29.32,
,1.2939,1.4656,29.34,
,1.2944,1.4665,29.36,
,1.2942,1.4675,29.38,
,1.2936,1.4685,29.4,
,1.293,1.4696,29.42,
,1.292,1.4706,29.44,
,1.2908,1.4716,29.46,
,1.2903,1.4726,29.48,
,1.2901,1.4735,29.5,
,1.2905,1.4745,29.52,
,1.2914,1.4756,29.54,
,1.2922,1.4765,29.56,
,1.2926,1.4776,29.58,
,1.2932,1.4786,29.6,
,1.2939,1.4797,29.62,
,1.2941,1.4807,29.64,
,1.2943,1.4816,29.66,
,1.2945,1.4826,29.68,
,1.2948,1.4836,29.7,
,1.2952,1.4847,29.72,
,1.2958,1.4858,29.74,
,1.2961,1.4868,29.76,
,1.2959,1.4878,29.78,
,1.2959,1.4888,29.8,
,1.2963,1.4897,29.82,
,1.2967,1.4906,29.84,
,1.2973,1.4916,29.86,
,1.298,1.4926,29.88,
,1.2986,1.4936,29.9,
,1.2991,1.4947,29.92,
,1.2997,1.4957,29.94,
,1.3,1.4966,29.96,
,1.2998,1.4975,29.98,
,1.3,1.4985,30,
,1.3008,1.4995,30.02,
,1.3016,1.5005,30.04,
,1.3021,1.5015,30.06,
,1.3026,1.5026,30.08,
,1.3027,1.5036,30.1,
,1.3023,1.5046,30.12,
,1.3025,1.5056,30.14,
,1.3028,1.5065,30.16,
,1.3028,1.5075,30.18,
,1.303,1.5085,30.2,
,1.3036,1.5096,30.22,
,1.3042,1.5107,30.24,
,1.3043,1.5118,30.26,
,1.3039,1.5127,30.28,
,1.3034,1.5137,30.3,
,1.3032,1.5146,30.32,
,1.3038,1.5157,30.34,
,1.3043,1.5167,30.36,
,1.3044,1.5177,30.38,
,1.3044,1.5187,30.4,
,1.3045,1.5197,30.42,
,1.3043,1.5207,30.44,
,1.3041,1.5217,30.46,
,1.3041,1.5226,30.48,
,1.3041,1.5235,30.5,
,1.3043,1.5245,30.52,
,1.3047,1.5256,30.54,
,1.3052,1.5266,30.56,
,1.3049,1.5276,30.58,
,1.3046,1.5286,30.6,
,1.3046,1.5295,30.62,
,1.3046,1.5305,30.64,
,1.3047,1.5315,30.66,
,1.3049,1.5326,30.68,
,1.3051,1.5336,30.7,
,1.305,1.5346,30.72,
,1.3051,1.5357,30.74,
,1.305,1.5367,30.76,
,1.3044,1.5376,30.78,
,1.304,1.5386,30.8,
,1.3043,1.5396,30.82,
,1.3049,1.5406,30.84,
,1.3056,1.5417,30.86,
,1.3064,1.5427,30.88,
,1.3068,1.5437,30.9,
,1.3072,1.5447,30.92,
,1.3081,1.5458,30.94,
,1.3091,1.5467,30.96,
,1.3096,1.5477,30.98,
,1.3102,1.5487,31,
,1.3112,1.5498,31.02,
,1.3121,1.5508,31.04,
,1.3127,1.5518,31.06,
,1.313,1.5527,31.08,
,1.3131,1.5536,31.1,
,1.3133,1.5545,31.12,
,1.314,1.5556,31.14,
,1.3148,1.5566,31.16,
,1.3153,1.5575,31.18,
,1.3154,1.5586,31.2,
,1.3157,1.5596,31.22,
,1.3157,1.5606,31.24,
,1.3155,1.5615,31.26,
,1.3155,1.5625,31.28,
,1.3157,1.5634,31.3,
,1.3159,1.5644,31.32,
,1.3164,1.5656,31.34,
,1.317,1.5666,31.36,
,1.3168,1.5676,31.38,
,1.3163,1.5686,31.4,
,1.3161,1.5696,31.42,
,1.3162,1.5706,31.44,
,1.3164,1.5716,31.46,
,1.3165,1.5726,31.48,
,1.3166,1.5737,31.5,
,1.3165,1.5748,31.52,
,1.3165,1.5759,31.54,
,1.3162,1.5768,31.56,
,1.3155,1.5778,31.58,
,1.315,1.5787,31.6,
,1.3151,1.5797,31.62,
,1.3154,1.5806,31.64,
,1.3155,1.5817,31.66,
,1.3156,1.5827,31.68,
,1.3154,1.5836,31.7,
,1.3149,1.5846,31.72,
,1.3148,1.5856,31.74,
,1.3149,1.5866,31.76,
,1.3147,1.5875,31.78,
,1.3145,1.5885,31.8,
,1.3147,1.5895,31.82,
,1.3148,1.5906,31.84,
,1.3143,1.5916,31.86,
,1.3132,1.5926,31.88,
,1.3117,1.5936,31.9,
,1.3103,1.5945,31.92,
,1.3098,1.5955,31.94,
,1.31,1.5966,31.96,
,1.31,1.5975,31.98,
,1.3098,1.5986,32,
,1.3099,1.5997,32.02,
,1.3099,1.6007,32.04,
,1.3095,1.6016,32.06,
,1.3092,1.6026,32.08,
,1.3091,1.6036,32.1,
,1.3094,1.6046,32.12,
,1.3099,1.6057,32.14,
,1.3107,1.6068,32.16,
,1.311,1.6078,32.18,
,1.3109,1.6088,32.2,
,1.311,1.6097,32.22,
,1.3113,1.6107,32.24,
,1.3116,1.6117,32.26,
,1.3121,1.6127,32.28,
,1.3124,1.6136,32.3,
,1.3126,1.6146,32.32,
,1.3127,1.6157,32.34,
,1.313,1.6167,32.36,
,1.313,1.6176,32.38,
,1.3127,1.6185,32.4,
,1.3128,1.6195,32.42,
,1.3133,1.6205,32.44,
,1.3138,1.6215,32.46,
,1.3142,1.6226,32.48,
,1.3142,1.6236,32.5,
,1.3139,1.6245,32.52,
,1.3138,1.6255,32.54,
,1.314,1.6266,32.56,
,1.3141,1.6275,32.58,
,1.3141,1.6285,32.6,
,1.3142,1.6296,32.62,
,1.3147,1.6307,32.64,
,1.3148,1.6317,32.66,
,1.3146,1.6328,32.68,
,1.3143,1.6337,32.7,
,1.3141,1.6347,32.72,
,1.3142,1.6357,32.74,
,1.3146,1.6368,32.76,
,1.3147,1.6377,32.78,
,1.3146,1.6388,32.8,
,1.3147,1.6398,32.82,
,1.3147,1.6407,32.84,
,1.3146,1.6417,32.86,
,1.3143,1.6426,32.88,
,1.3144,1.6435,32.9,
,1.3144,1.6445,32.92,
,1.3147,1.6455,32.94,
,1.315,1.6466,32.96,
,1.315,1.6476,32.98,
,1.3146,1.6486,33,
,1.3143,1.6496,33.02,
,1.3143,1.6505,33.04,
,1.3142,1.6515,33.06,
,1.3142,1.6525,33.08,
,1.3143,1.6535,33.1,
,1.3143,1.6545,33.12,
,1.3141,1.6556,33.14,
,1.3142,1.6567,33.16,
,1.3141,1.6576,33.18,
,1.3135,1.6585,33.2,
,1.3134,1.6595,33.22,
,1.3137,1.6605,33.24,
,1.314,1.6616,33.26,
,1.3142,1.6627,33.28,
,1.3141,1.6637,33.3,
,1.3137,1.6647,33.32,
,1.3135,1.6658,33.34,
,1.3136,1.6668,33.36,
,1.3135,1.6677,33.38,
,1.3133,1.6687,33.4,
,1.3133,1.6697,33.42,
,1.3136,1.6708,33.44,
,1.3136,1.6718,33.46,
,1.3132,1.6727,33.48,
,1.3129,1.6736,33.5,
,1.3127,1.6746,33.52,
,1.3129,1.6756,33.54,
,1.3133,1.6766,33.56,
,1.3133,1.6775,33.58,
,1.3131,1.6786,33.6,
,1.3131,1.6796,33.62,
,1.3132,1.6806,33.64,
,1.3128,1.6815,33.66,
,1.3125,1.6825,33.68,
,1.3124,1.6835,33.7,
,1.3125,1.6844,33.72,
,1.3125,1.6855,33.74,
,1.3128,1.6866,33.76,
,1.3128,1.6876,33.78,
,1.3123,1.6886,33.8,
,1.3121,1.6896,33.82,
,1.3119,1.6906,33.84,
,1.3119,1.6916,33.86,
,1.3119,1.6927,33.88,
,1.312,1.6937,33.9,
,1.312,1.6947,33.92,
,1.3119,1.6958,33.94,
,1.3118,1.6969,33.96,
,1.3116,1.6978,33.98,
,1.3111,1.6987,34,
,1.3109,1.6997,34.02,
,1.3111,1.7006,34.04,
,1.3115,1.7017,34.06,
,1.3118,1.7027,34.08,
,1.3116,1.7037,34.1,
,1.3113,1.7046,34.12,
,1.3111,1.7056,34.14,
,1.3111,1.7066,34.16,
,1.3112,1.7075,34.18,
,1.3108,1.7084,34.2,
,1.3109,1.7095,34.22,
,1.3113,1.7105,34.24,
,1.3116,1.7116,34.26,
,1.3113,1.7126,34.28,
,1.3109,1.7136,34.3,
,1.3106,1.7145,34.32,
,1.3104,1.7155,34.34,
,1.3105,1.7166,34.36,
,1.3107,1.7176,34.38,
,1.3106,1.7186,34.4,
,1.3106,1.7197,34.42,
,1.3106,1.7207,34.44,
,1.3104,1.7217,34.46,
,1.3102,1.7227,34.48,
,1.3101,1.7237,34.5,
,1.31,1.7246,34.52,
,1.31,1.7257,34.54,
,1.3104,1.7268,34.56,
,1.3107,1.7278,34.58,
,1.3104,1.7288,34.6,
,1.3102,1.7298,34.62,
,1.3103,1.7307,34.64,
,1.3104,1.7317,34.66,
,1.3106,1.7327,34.68,
,1.3109,1.7337,34.7,
,1.3111,1.7346,34.72,
,1.3113,1.7357,34.74,
,1.3118,1.7367,34.76,
,1.312,1.7376,34.78,
,1.3119,1.7385,34.8,
,1.3121,1.7395,34.82,
,1.3128,1.7405,34.84,
,1.3136,1.7415,34.86,
,1.3142,1.7426,34.88,
,1.3148,1.7436,34.9,
,1.3152,1.7445,34.92,
,1.3154,1.7455,34.94,
,1.3162,1.7466,34.96,
,1.3171,1.7475,34.98,
,1.3179,1.7485,35,
,1.3186,1.7495,35.02,
,1.3197,1.7506,35.04,
,1.3208,1.7517,35.06,
,1.3214,1.7527,35.08,
,1.3216,1.7537,35.1,
,1.3216,1.7547,35.12,
,1.3217,1.7557,35.14,
,1.3223,1.7567,35.16,
,1.3229,1.7577,35.18,
,1.3231,1.7587,35.2,
,1.3232,1.7598,35.22,
,1.3233,1.7608,35.24,
,1.3231,1.7617,35.26,
,1.3229,1.7626,35.28,
,1.3231,1.7635,35.3,
,1.3235,1.7645,35.32,
,1.3239,1.7655,35.34,
,1.3244,1.7666,35.36,
,1.3249,1.7676,35.38,
,1.3247,1.7686,35.4,
,1.3243,1.7696,35.42,
,1.3242,1.7705,35.44,
,1.3243,1.7715,35.46,
,1.3244,1.7725,35.48,
,1.3248,1.7735,35.5,
,1.3251,1.7745,35.52,
,1.3253,1.7756,35.54,
,1.3256,1.7767,35.56,
,1.3256,1.7777,35.58,
,1.3249,1.7786,35.6,
,1.3244,1.7795,35.62,
,1.3246,1.7805,35.64,
,1.3252,1.7816,35.66,
,1.3257,1.7827,35.68,
,1.3259,1.7837,35.7,
,1.3258,1.7847,35.72,
,1.3255,1.7857,35.74,
,1.3256,1.7868,35.76,
,1.3258,1.7877,35.78,
,1.3256,1.7887,35.8,
,1.3255,1.7897,35.82,
,1.3259,1.7907,35.84,
,1.3264,1.7918,35.86,
,1.3265,1.7928,35.88,
,1.3262,1.7937,35.9,
,1.3259,1.7946,35.92,
,1.3259,1.7956,35.94,
,1.3263,1.7966,35.96,
,1.3268,1.7976,35.98,
,1.3269,1.7985,36,
,1.327,1.7996,36.02,
,1.3271,1.8006,36.04,
,1.3271,1.8016,36.06,
,1.327,1.8025,36.08,
,1.3269,1.8035,36.1,
,1.327,1.8045,36.12,
,1.3271,1.8055,36.14,
,1.3274,1.8066,36.16,
,1.3278,1.8076,36.18,
,1.3278,1.8086,36.2,
,1.3275,1.8096,36.22,
,1.3274,1.8106,36.24,
,1.3276,1.8116,36.26,
,1.3278,1.8126,36.28,
,1.328,1.8137,36.3,
,1.3282,1.8147,36.32,
,1.3281,1.8158,36.34,
,1.3282,1.8169,36.36,
,1.3283,1.8178,36.38,
,1.328,1.8187,36.4,
,1.3277,1.8197,36.42,
,1.3278,1.8207,36.44,
,1.3282,1.8217,36.46,
,1.3285,1.8227,36.48,
,1.3287,1.8237,36.5,
,1.3287,1.8246,36.52,
,1.3284,1.8255,36.54,
,1.3284,1.8265,36.56,
,1.3287,1.8275,36.58,
,1.3288,1.8284,36.6,
,1.3288,1.8294,36.62,
,1.3291,1.8305,36.64,
,1.3295,1.8316,36.66,
,1.3295,1.8326,36.68,
,1.3292,1.8336,36.7,
,1.3287,1.8345,36.72,
,1.3286,1.8355,36.74,
,1.3288,1.8365,36.76,
,1.3295,1.8376,36.78,
,1.3298,1.8386,36.8,
,1.3296,1.8396,36.82,
,1.3297,1.8407,36.84,
,1.3297,1.8417,36.86,
,1.3293,1.8427,36.88,
,1.3291,1.8437,36.9,
,1.3292,1.8446,36.92,
,1.3294,1.8456,36.94,
,1.3297,1.8467,36.96,
,1.3302,1.8479,36.98,
,1.3301,1.8488,37,
,1.3295,1.8498,37.02,
,1.3292,1.8508,37.04,
,1.329,1.8517,37.06,
,1.3291,1.8527,37.08,
,1.3295,1.8537,37.1,
,1.3299,1.8546,37.12,
,1.33,1.8556,37.14,
,1.33,1.8567,37.16,
,1.3301,1.8577,37.18,
,1.3297,1.8586,37.2,
,1.3293,1.8595,37.22,
,1.3292,1.8605,37.24,
,1.3294,1.8615,37.26,
,1.3297,1.8625,37.28,
,1.33,1.8636,37.3,
,1.33,1.8646,37.32,
,1.3296,1.8656,37.34,
,1.3293,1.8666,37.36,
,1.3294,1.8676,37.38,
,1.3293,1.8685,37.4,
,1.329,1.8695,37.42,
,1.3291,1.8706,37.44,
,1.3294,1.8716,37.46,
,1.3296,1.8727,37.48,
,1.3293,1.8738,37.5,
,1.3288,1.8747,37.52,
,1.3283,1.8757,37.54,
,1.3282,1.8768,37.56,
,1.3284,1.8778,37.58,
,1.3283,1.8787,37.6,
,1.3279,1.8797,37.62,
,1.3276,1.8808,37.64,
,1.3275,1.8817,37.66,
,1.3273,1.8827,37.68,
,1.3271,1.8836,37.7,
,1.327,1.8846,37.72,
,1.3269,1.8855,37.74,
,1.327,1.8865,37.76,
,1.3273,1.8876,37.78,
,1.3273,1.8886,37.8,
,1.3268,1.8895,37.82,
,1.3265,1.8906,37.84,
,1.3265,1.8915,37.86,
,1.3265,1.8925,37.88,
,1.3266,1.8935,37.9,
,1.3266,1.8946,37.92,
,1.3265,1.8956,37.94,
,1.3263,1.8966,37.96,
,1.3262,1.8976,37.98,
,1.3261,1.8986,38,
,1.3258,1.8995,38.02,
,1.3257,1.9006,38.04,
,1.3262,1.9016,38.06,
,1.3267,1.9027,38.08,
,1.3269,1.9037,38.1,
,1.327,1.9047,38.12,
,1.3267,1.9057,38.14,
,1.3266,1.9067,38.16,
,1.3271,1.9077,38.18,
,1.3274,1.9087,38.2,
,1.3274,1.9097,38.22,
,1.3275,1.9107,38.24,
,1.328,1.9118,38.26,
,1.3281,1.9128,38.28,
,1.328,1.9137,38.3,
,1.3278,1.9146,38.32,
,1.3276,1.9155,38.34,
,1.3279,1.9165,38.36,
,1.3285,1.9175,38.38,
,1.329,1.9185,38.4,
,1.329,1.9195,38.42,
,1.329,1.9206,38.44,
,1.3291,1.9216,38.46,
,1.3289,1.9226,38.48,
,1.3287,1.9235,38.5,
,1.3288,1.9245,38.52,
,1.3291,1.9254,38.54,
,1.3295,1.9264,38.56,
,1.3299,1.9276,38.58,
,1.3303,1.9286,38.6,
,1.3299,1.9296,38.62,
,1.3296,1.9306,38.64,
,1.3296,1.9316,38.66,
,1.3295,1.9326,38.68,
,1.3298,1.9336,38.7,
,1.3302,1.9347,38.72,
,1.3303,1.9357,38.74,
,1.3304,1.9368,38.76,
,1.3305,1.9379,38.78,
,1.3302,1.9388,38.8,
,1.3298,1.9397,38.82,
,1.3296,1.9407,38.84,
,1.3299,1.9416,38.86,
,1.3303,1.9426,38.88,
,1.3308,1.9437,38.9,
,1.331,1.9447,38.92,
,1.3308,1.9456,38.94,
,1.3306,1.9466,38.96,
,1.3306,1.9476,38.98,
,1.3307,1.9485,39,
,1.3305,1.9495,39.02,
,1.3305,1.9505,39.04,
,1.3309,1.9516,39.06,
,1.3313,1.9526,39.08,
,1.3311,1.9536,39.1,
,1.3307,1.9546,39.12,
,1.3303,1.9556,39.14,
,1.3302,1.9566,39.16,
,1.3306,1.9576,39.18,
,1.3309,1.9586,39.2,
,1.3307,1.9596,39.22,
,1.3307,1.9607,39.24,
,1.3309,1.9617,39.26,
,1.3309,1.9627,39.28,
,1.3308,1.9637,39.3,
,1.3307,1.9647,39.32,
,1.3306,1.9656,39.34,
,1.3306,1.9667,39.36,
,1.331,1.9678,39.38,
,1.3313,1.9688,39.4,
,1.3309,1.9698,39.42,
,1.3306,1.9708,39.44,
,1.3306,1.9717,39.46,
,1.3305,1.9727,39.48,
,1.3308,1.9737,39.5,
,1.3311,1.9747,39.52,
,1.3312,1.9756,39.54,
,1.3312,1.9766,39.56,
,1.3315,1.9777,39.58,
,1.3317,1.9786,39.6,
,1.3316,1.9795,39.62,
,1.3316,1.9805,39.64,
,1.3321,1.9815,39.66,
,1.3327,1.9826,39.68,
,1.3333,1.9836,39.7,
,1.3336,1.9846,39.72,
,1.3339,1.9856,39.74,
,1.334,1.9865,39.76,
,1.3345,1.9876,39.78,
,1.3353,1.9885,39.8,
,1.3359,1.9895,39.82,
,1.3366,1.9905,39.84,
,1.3376,1.9917,39.86,
,1.3385,1.9928,39.88,
,1.3391,1.9938,39.9,
,1.3394,1.9948,39.92,
,1.3395,1.9957,39.94,
,1.34,1.9967,39.96,
,1.3409,1.9978,39.98,
,1.3418,1.9988,40,
,1.3423,1.9998,40.02,
,1.3425,2.0008,40.04,
,1.3428,2.0018,40.06,
,1.3428,2.0027,40.08,
,1.3427,2.0037,40.1,
,1.3427,2.0046,40.12,
,1.3429,2.0055,40.14,
,1.3432,2.0065,40.16,
,1.3437,2.0076,40.18,
,1.3442,2.0086,40.2,
,1.3439,2.0096,40.22,
,1.3435,2.0106,40.24,
,1.3434,2.0116,40.26,
,1.3433,2.0125,40.28,
,1.3434,2.0135,40.3,
,1.3438,2.0146,40.32,
,1.3441,2.0156,40.34,
,1.3441,2.0166,40.36,
,1.3442,2.0177,40.38,
,1.3441,2.0187,40.4,
,1.3436,2.0196,40.42,
,1.3433,2.0206,40.44,
,1.3434,2.0216,40.46,
,1.3438,2.0226,40.48,
,1.3441,2.0237,40.5,
,1.3442,2.0248,40.52,
,1.3439,2.0257,40.54,
,1.3434,2.0267,40.56,
,1.3433,2.0278,40.58,
,1.3435,2.0288,40.6,
,1.3432,2.0297,40.62,
,1.3429,2.0307,40.64,
,1.3433,2.0317,40.66,
,1.3436,2.0327,40.68,
,1.3436,2.0337,40.7,
,1.3433,2.0347,40.72,
,1.3429,2.0356,40.74,
,1.3427,2.0366,40.76,
,1.343,2.0376,40.78,
,1.3434,2.0386,40.8,
,1.3432,2.0396,40.82,
,1.343,2.0406,40.84,
,1.343,2.0416,40.86,
,1.3429,2.0426,40.88,
,1.3425,2.0436,40.9,
,1.3422,2.0445,40.92,
,1.3421,2.0455,40.94,
,1.342,2.0465,40.96,
,1.3421,2.0475,40.98,
,1.3424,2.0486,41,
,1.3424,2.0496,41.02,
,1.3418,2.0506,41.04,
,1.3415,2.0516,41.06,
,1.3413,2.0526,41.08,
,1.3413,2.0536,41.1,
,1.3415,2.0547,41.12,
,1.3417,2.0557,41.14,
,1.3415,2.0567,41.16,
,1.3412,2.0578,41.18,
,1.3412,2.0588,41.2,
,1.3407,2.0597,41.22,
,1.3401,2.0606,41.24,
,1.3403,2.0616,41.26,
,1.3407,2.0626,41.28,
,1.3408,2.0636,41.3,
,1.3409,2.0646,41.32,
,1.3409,2.0656,41.34,
,1.3406,2.0665,41.36,
,1.3404,2.0675,41.38,
,1.3406,2.0685,41.4,
,1.3407,2.0694,41.42,
,1.3406,2.0704,41.44,
,1.3407,2.0715,41.46,
,1.3411,2.0725,41.48,
,1.3411,2.0736,41.5,
,1.3408,2.0746,41.52,
,1.3404,2.0755,41.54,
,1.3402,2.0764,41.56,
,1.3405,2.0775,41.58,
,1.3411,2.0785,41.6,
,1.3415,2.0795,41.62,
,1.3415,2.0805,41.64,
,1.3417,2.0816,41.66,
,1.3418,2.0826,41.68,
,1.3416,2.0836,41.7,
,1.3415,2.0846,41.72,
,1.3415,2.0856,41.74,
,1.3415,2.0866,41.76,
,1.342,2.0877,41.78,
,1.3427,2.0888,41.8,
,1.3428,2.0898,41.82,
,1.3424,2.0908,41.84,
,1.3421,2.0917,41.86,
,1.3421,2.0927,41.88,
,1.3421,2.0936,41.9,
,1.3424,2.0946,41.92,
,1.3429,2.0956,41.94,
,1.3431,2.0966,41.96,
,1.3432,2.0976,41.98,
,1.3433,2.0987,42,
,1.3431,2.0996,42.02,
,1.3426,2.1005,42.04,
,1.3427,2.1015,42.06,
,1.343,2.1025,42.08,
,1.3434,2.1035,42.1,
,1.3435,2.1046,42.12,
,1.3435,2.1056,42.14,
,1.3432,2.1065,42.16,
,1.3431,2.1076,42.18,
,1.3432,2.1086,42.2,
,1.3433,2.1095,42.22,
,1.3431,2.1105,42.24,
,1.3432,2.1116,42.26,
,1.3436,2.1127,42.28,
,1.3438,2.1138,42.3,
,1.3437,2.1148,42.32,
,1.3433,2.1157,42.34,
,1.3428,2.1167,42.36,
,1.3429,2.1177,42.38,
,1.3433,2.1188,42.4,
,1.3435,2.1197,42.42,
,1.3434,2.1208,42.44,
,1.3435,2.1218,42.46,
,1.3435,2.1227,42.48,
,1.3432,2.1237,42.5,
,1.3431,2.1246,42.52,
,1.3431,2.1256,42.54,
,1.3432,2.1265,42.56,
,1.3433,2.1275,42.58,
,1.3437,2.1286,42.6,
,1.3438,2.1296,42.62,
,1.3434,2.1306,42.64,
,1.3431,2.1316,42.66,
,1.3431,2.1325,42.68,
,1.343,2.1335,42.7,
,1.3431,2.1345,42.72,
,1.3433,2.1355,42.74,
,1.3432,2.1365,42.76,
,1.3431,2.1376,42.78,
,1.3431,2.1387,42.8,
,1.3429,2.1396,42.82,
,1.3424,2.1405,42.84,
,1.3422,2.1415,42.86,
,1.3425,2.1425,42.88,
,1.3428,2.1436,42.9,
,1.343,2.1447,42.92,
,1.343,2.1457,42.94,
,1.3425,2.1467,42.96,
,1.342,2.1478,42.98,
,1.3422,2.1488,43,
,1.3422,2.1497,43.02,
,1.3419,2.1507,43.04,
,1.3419,2.1517,43.06,
,1.3422,2.1528,43.08,
,1.3423,2.1538,43.1,
,1.3422,2.1548,43.12,
,1.3419,2.1557,43.14,
,1.3414,2.1566,43.16,
,1.3415,2.1576,43.18,
,1.3419,2.1586,43.2,
,1.3422,2.1596,43.22,
,1.3422,2.1606,43.24,
,1.3421,2.1616,43.26,
,1.3421,2.1627,43.28,
,1.3418,2.1636,43.3,
,1.3415,2.1646,43.32,
,1.3413,2.1656,43.34,
,1.3414,2.1665,43.36,
,1.3414,2.1675,43.38,
,1.3417,2.1686,43.4,
,1.342,2.1696,43.42,
,1.3416,2.1706,43.44,
,1.3411,2.1716,43.46,
,1.341,2.1726,43.48,
,1.3409,2.1736,43.5,
,1.341,2.1747,43.52,
,1.3411,2.1757,43.54,
,1.3409,2.1767,43.56,
,1.3408,2.1778,43.58,
,1.3409,2.1788,43.6,
,1.3407,2.1798,43.62,
,1.3402,2.1807,43.64,
,1.3399,2.1817,43.66,
,1.34,2.1826,43.68,
,1.3403,2.1836,43.7,
,1.3404,2.1847,43.72,
,1.3404,2.1857,43.74,
,1.34,2.1866,43.76,
,1.3396,2.1876,43.78,
,1.3396,2.1886,43.8,
,1.3398,2.1895,43.82,
,1.3397,2.1905,43.84,
,1.3397,2.1915,43.86,
,1.34,2.1926,43.88,
,1.3401,2.1936,43.9,
,1.3399,2.1946,43.92,
,1.3395,2.1956,43.94,
,1.3391,2.1965,43.96,
,1.3389,2.1975,43.98,
,1.3392,2.1986,44,
,1.3396,2.1996,44.02,
,1.3395,2.2006,44.04,
,1.3395,2.2017,44.06,
,1.3396,2.2027,44.08,
,1.3394,2.2037,44.1,
,1.3392,2.2047,44.12,
,1.3391,2.2057,44.14,
,1.3391,2.2066,44.16,
,1.3391,2.2077,44.18,
,1.3394,2.2088,44.2,
,1.3396,2.2098,44.22,
,1.3393,2.2108,44.24,
,1.3388,2.2118,44.26,
,1.3387,2.2127,44.28,
,1.3387,2.2137,44.3,
,1.3388,2.2147,44.32,
,1.339,2.2157,44.34,
,1.3391,2.2166,44.36,
,1.3391,2.2177,44.38,
,1.3392,2.2187,44.4,
,1.3391,2.2196,44.42,
,1.3386,2.2205,44.44,
,1.3384,2.2215,44.46,
,1.3387,2.2225,44.48,
,1.339,2.2235,44.5,
,1.3391,2.2245,44.52,
,1.3393,2.2256,44.54,
,1.3393,2.2266,44.56,
,1.3391,2.2276,44.58,
,1.3391,2.2286,44.6,
,1.3392,2.2296,44.62,
,1.3392,2.2305,44.64,
,1.3394,2.2315,44.66,
,1.3399,2.2326,44.68,
,1.3403,2.2337,44.7,
,1.3404,2.2348,44.72,
,1.3404,2.2358,44.74,
,1.3403,2.2367,44.76,
,1.3404,2.2377,44.78,
,1.3408,2.2388,44.8,
,1.3415,2.2397,44.82,
,1.342,2.2407,44.84,
,1.3424,2.2418,44.86,
,1.343,2.2428,44.88,
,1.3433,2.2437,44.9,
,1.3436,2.2447,44.92,
,1.3441,2.2456,44.94,
,1.3447,2.2465,44.96,
,1.3454,2.2475,44.98,
,1.3465,2.2486,45,
,1.3476,2.2496,45.02,
,1.3483,2.2506,45.04,
,1.3484,2.2516,45.06,
,1.3488,2.2526,45.08,
,1.3493,2.2535,45.1,
,1.3498,2.2545,45.12,
,1.3502,2.2555,45.14,
,1.3506,2.2565,45.16,
,1.3508,2.2576,45.18,
,1.351,2.2587,45.2,
,1.3512,2.2597,45.22,
,1.3508,2.2606,45.24,
,1.3505,2.2616,45.26,
,1.3507,2.2626,45.28,
,1.3511,2.2636,45.3,
,1.3514,2.2647,45.32,
,1.3516,2.2658,45.34,
,1.3515,2.2667,45.36,
,1.3511,2.2677,45.38,
,1.351,2.2688,45.4,
,1.3512,2.2697,45.42,
,1.3512,2.2707,45.44,
,1.3513,2.2717,45.46,
,1.3516,2.2727,45.48,
,1.3518,2.2738,45.5,
,1.3517,2.2747,45.52,
,1.3515,2.2757,45.54,
,1.3512,2.2766,45.56,
,1.3509,2.2775,45.58,
,1.3512,2.2786,45.6,
,1.3517,2.2796,45.62,
,1.3517,2.2805,45.64,
,1.3515,2.2816,45.66,
,1.3515,2.2826,45.68,
,1.3514,2.2836,45.7,
,1.3511,2.2845,45.72,
,1.351,2.2855,45.74,
,1.351,2.2865,45.76,
,1.3511,2.2874,45.78,
,1.3514,2.2885,45.8,
,1.3519,2.2896,45.82,
,1.3519,2.2906,45.84,
,1.3514,2.2916,45.86,
,1.3512,2.2926,45.88,
,1.3512,2.2936,45.9,
,1.3515,2.2946,45.92,
,1.3518,2.2957,45.94,
,1.352,2.2967,45.96,
,1.3519,2.2978,45.98,
,1.352,2.2989,46,
,1.3521,2.2998,46.02,
,1.3519,2.3008,46.04,
,1.3515,2.3017,46.06,
,1.3516,2.3027,46.08,
,1.3519,2.3036,46.1,
,1.3523,2.3047,46.12,
,1.3527,2.3057,46.14,
,1.3527,2.3066,46.16,
,1.3524,2.3076,46.18,
,1.3522,2.3086,46.2,
,1.3525,2.3096,46.22,
,1.3527,2.3105,46.24,
,1.3526,2.3114,46.26,
,1.3529,2.3125,46.28,
,1.3533,2.3135,46.3,
,1.3535,2.3146,46.32,
,1.3533,2.3156,46.34,
,1.3529,2.3166,46.36,
,1.3524,2.3175,46.38,
,1.3525,2.3185,46.4,
,1.3531,2.3196,46.42,
,1.3535,2.3205,46.44,
,1.3535,2.3216,46.46,
,1.3537,2.3227,46.48,
,1.3537,2.3237,46.5,
,1.3535,2.3247,46.52,
,1.3532,2.3257,46.54,
,1.3533,2.3266,46.56,
,1.3534,2.3276,46.58,
,1.3536,2.3287,46.6,
,1.354,2.3298,46.62,
,1.3542,2.3308,46.64,
,1.3537,2.3318,46.66,
,1.3535,2.3328,46.68,
,1.3535,2.3337,46.7,
,1.3535,2.3347,46.72,
,1.3538,2.3357,46.74,
,1.3541,2.3366,46.76,
,1.3541,2.3376,46.78,
,1.3543,2.3387,46.8,
,1.3546,2.3397,46.82,
,1.3543,2.3406,46.84,
,1.3539,2.3416,46.86,
,1.3539,2.3425,46.88,
,1.3543,2.3435,46.9,
,1.3546,2.3446,46.92,
,1.3548,2.3456,46.94,
,1.3549,2.3466,46.96,
,1.3546,2.3475,46.98,
,1.3543,2.3486,47,
,1.3545,2.3496,47.02,
,1.3547,2.3505,47.04,
,1.3547,2.3515,47.06,
,1.3547,2.3526,47.08,
,1.3551,2.3537,47.1,
,1.3553,2.3547,47.12,
,1.3552,2.3558,47.14,
,1.3549,2.3567,47.16,
,1.3545,2.3576,47.18,
,1.3545,2.3587,47.2,
,1.355,2.3597,47.22,
,1.3554,2.3607,47.24,
,1.3554,2.3617,47.26,
,1.3553,2.3628,47.28,
,1.3551,2.3637,47.3,
,1.3548,2.3647,47.32,
,1.3548,2.3656,47.34,
,1.355,2.3665,47.36,
,1.3551,2.3675,47.38,
,1.3553,2.3685,47.4,
,1.3558,2.3696,47.42,
,1.3559,2.3706,47.44,
,1.3554,2.3716,47.46,
,1.355,2.3726,47.48,
,1.3549,2.3735,47.5,
,1.3549,2.3745,47.52,
,1.355,2.3755,47.54,
,1.3554,2.3765,47.56,
,1.3557,2.3775,47.58,
,1.3557,2.3786,47.6,
,1.3558,2.3797,47.62,
,1.3555,2.3806,47.64,
,1.355,2.3816,47.66,
,1.3548,2.3826,47.68,
,1.3553,2.3836,47.7,
,1.3556,2.3846,47.72,
,1.3557,2.3857,47.74,
,1.3558,2.3868,47.76,
,1.3555,2.3877,47.78,
,1.355,2.3888,47.8,
,1.3551,2.3898,47.82,
,1.3551,2.3907,47.84,
,1.3548,2.3917,47.86,
,1.3548,2.3927,47.88,
,1.3552,2.3937,47.9,
,1.3554,2.3948,47.92,
,1.3553,2.3958,47.94,
,1.355,2.3967,47.96,
,1.3545,2.3976,47.98,
,1.3545,2.3986,48,
,1.3548,2.3996,48.02,
,1.3551,2.4006,48.04,
,1.355,2.4015,48.06,
,1.355,2.4026,48.08,
,1.3551,2.4036,48.1,
,1.3548,2.4046,48.12,
,1.3543,2.4055,48.14,
,1.3541,2.4065,48.16,
,1.3541,2.4074,48.18,
,1.3542,2.4085,48.2,
,1.3546,2.4096,48.22,
,1.3548,2.4106,48.24,
,1.3543,2.4116,48.26,
,1.3538,2.4126,48.28,
,1.3537,2.4136,48.3,
,1.3537,2.4146,48.32,
,1.3537,2.4156,48.34,
,1.3538,2.4167,48.36,
,1.3538,2.4177,48.38,
,1.3537,2.4188,48.4,
,1.3538,2.4198,48.42,
,1.3536,2.4208,48.44,
,1.3532,2.4217,48.46,
,1.353,2.4227,48.48,
,1.3533,2.4237,48.5,
,1.3536,2.4247,48.52,
,1.3539,2.4257,48.54,
,1.354,2.4267,48.56,
,1.3537,2.4276,48.58,
,1.3532,2.4286,48.6,
,1.3533,2.4296,48.62,
,1.3535,2.4305,48.64,
,1.3534,2.4315,48.66,
,1.3534,2.4325,48.68,
,1.3536,2.4336,48.7,
,1.3539,2.4346,48.72,
,1.354,2.4357,48.74,
,1.3537,2.4366,48.76,
,1.3533,2.4375,48.78,
,1.3531,2.4385,48.8,
,1.3535,2.4396,48.82,
,1.3542,2.4406,48.84,
,1.3543,2.4416,48.86,
,1.3542,2.4426,48.88,
,1.3543,2.4437,48.9,
,1.3541,2.4447,48.92,
,1.354,2.4457,48.94,
,1.354,2.4466,48.96,
,1.354,2.4476,48.98,
,1.3541,2.4486,49,
,1.3546,2.4497,49.02,
,1.355,2.4508,49.04,
,1.3548,2.4518,49.06,
,1.3543,2.4528,49.08,
,1.3542,2.4537,49.1,
,1.3543,2.4546,49.12,
,1.3544,2.4556,49.14,
,1.3547,2.4566,49.16,
,1.355,2.4576,49.18,
,1.3551,2.4586,49.2,
,1.3553,2.4597,49.22,
,1.3554,2.4606,49.24,
,1.355,2.4615,49.26,
,1.3547,2.4625,49.28,
,1.3549,2.4635,49.3,
,1.3553,2.4645,49.32,
,1.3556,2.4655,49.34,
,1.3557,2.4666,49.36,
,1.3556,2.4675,49.38,
,1.3552,2.4685,49.4,
,1.3552,2.4696,49.42,
,1.3555,2.4706,49.44,
,1.3556,2.4715,49.46,
,1.3555,2.4725,49.48,
,1.3558,2.4736,49.5,
,1.3561,2.4747,49.52,
,1.3563,2.4758,49.54,
,1.3559,2.4768,49.56,
,1.3554,2.4777,49.58,
,1.3551,2.4787,49.6,
,1.3554,2.4798,49.62,
,1.356,2.4808,49.64,
,1.3561,2.4817,49.66,
,1.3561,2.4828,49.68,
,1.3561,2.4838,49.7,
,1.356,2.4847,49.72,
,1.3558,2.4856,49.74,
,1.3557,2.4866,49.76,
,1.3557,2.4875,49.78,
,1.356,2.4885,49.8,
,1.3565,2.4895,49.82,
,1.357,2.4906,49.84,
,1.357,2.4915,49.86,
,1.3564,2.4925,49.88,
,1.3562,2.4935,49.9,
,1.3561,2.4945,49.92,
,1.3562,2.4955,49.94,
,1.3564,2.4965,49.96,
,1.3567,2.4975,49.98,
,1.3568,2.4985,50,
,1.3568,2.4996,50.02,
,1.3569,2.5006,50.04,
,1.3565,2.5016,50.06,
,1.3562,2.5025,50.08,
,1.3564,2.5035,50.1,
,1.3568,2.5046,50.12,
,1.3572,2.5057,50.14,
,1.3574,2.5067,50.16,
,1.3572,2.5077,50.18,
,1.3568,2.5087,50.2,
,1.3567,2.5098,50.22,
,1.357,2.5108,50.24,
,1.3571,2.5117,50.26,
,1.3568,2.5127,50.28,
,1.3571,2.5137,50.3,
,1.3576,2.5148,50.32,
,1.3577,2.5158,50.34,
,1.3575,2.5167,50.36,
,1.3572,2.5176,50.38,
,1.357,2.5185,50.4,
,1.3574,2.5196,50.42,
,1.358,2.5206,50.44,
,1.3582,2.5215,50.46,
,1.3581,2.5226,50.48,
,1.3582,2.5236,50.5,
,1.3584,2.5246,50.52,
,1.3582,2.5256,50.54,
,1.3581,2.5265,50.56,
,1.3582,2.5275,50.58,
,1.3583,2.5285,50.6,
,1.3587,2.5295,50.62,
,1.3593,2.5306,50.64,
,1.3596,2.5316,50.66,
,1.3594,2.5326,50.68,
,1.3594,2.5336,50.7,
,1.3596,2.5346,50.72,
,1.3599,2.5356,50.74,
,1.3604,2.5367,50.76,
,1.361,2.5377,50.78,
,1.3615,2.5387,50.8,
,1.3618,2.5398,50.82,
,1.3623,2.5408,50.84,
,1.3626,2.5417,50.86,
,1.3626,2.5427,50.88,
,1.3631,2.5436,50.9,
,1.3639,2.5446,50.92,
,1.3648,2.5456,50.94,
,1.3656,2.5467,50.96,
,1.3663,2.5476,50.98,
,1.3665,2.5485,51,
,1.3669,2.5495,51.02,
,1.3676,2.5505,51.04,
,1.3682,2.5515,51.06,
,1.3686,2.5524,51.08,
,1.3692,2.5535,51.1,
,1.3697,2.5546,51.12,
,1.37,2.5556,51.14,
,1.3697,2.5566,51.16,
,1.3692,2.5576,51.18,
,1.3687,2.5585,51.2,
,1.3686,2.5595,51.22,
,1.369,2.5606,51.24,
,1.3693,2.5616,51.26,
,1.3692,2.5626,51.28,
,1.369,2.5637,51.3,
,1.3689,2.5647,51.32,
,1.3686,2.5657,51.34,
,1.368,2.5667,51.36,
,1.3679,2.5677,51.38,
,1.3679,2.5686,51.4,
,1.3681,2.5697,51.42,
,1.3685,2.5708,51.44,
,1.3685,2.5718,51.46,
,1.3677,2.5728,51.48,
,1.3672,2.5738,51.5,
,1.367,2.5747,51.52,
,1.3669,2.5757,51.54,
,1.367,2.5767,51.56,
,1.3672,2.5776,51.58,
,1.3672,2.5786,51.6,
,1.3672,2.5796,51.62,
,1.3673,2.5807,51.64,
,1.367,2.5816,51.66,
,1.3664,2.5825,51.68,
,1.3662,2.5835,51.7,
,1.3663,2.5845,51.72,
,1.3665,2.5855,51.74,
,1.3666,2.5866,51.76,
,1.3665,2.5876,51.78,
,1.3662,2.5885,51.8,
,1.3659,2.5895,51.82,
,1.3659,2.5906,51.84,
,1.366,2.5915,51.86,
,1.3658,2.5925,51.88,
,1.3658,2.5936,51.9,
,1.3662,2.5946,51.92,
,1.3664,2.5957,51.94,
,1.3662,2.5967,51.96,
,1.3657,2.5977,51.98,
,1.3652,2.5987,52,
,1.3652,2.5997,52.02,
,1.3654,2.6008,52.04,
,1.3656,2.6017,52.06,
,1.3654,2.6027,52.08,
,1.3654,2.6038,52.1,
,1.3654,2.6048,52.12,
,1.3651,2.6057,52.14,
,1.3647,2.6066,52.16,
,1.3648,2.6076,52.18,
,1.3648,2.6085,52.2,
,1.3649,2.6095,52.22,
,1.3652,2.6106,52.24,
,1.3652,2.6116,52.26,
,1.3649,2.6126,52.28,
,1.3646,2.6136,52.3,
,1.3644,2.6145,52.32,
,1.3643,2.6155,52.34,
,1.3643,2.6165,52.36,
,1.3645,2.6176,52.38,
,1.3647,2.6185,52.4,
,1.3645,2.6196,52.42,
,1.3645,2.6206,52.44,
,1.3643,2.6216,52.46,
,1.3638,2.6225,52.48,
,1.3636,2.6235,52.5,
,1.3639,2.6245,52.52,
,1.3642,2.6256,52.54,
,1.3644,2.6267,52.56,
,1.3643,2.6277,52.58,
,1.3638,2.6287,52.6,
,1.3634,2.6297,52.62,
,1.3635,2.6307,52.64,
,1.3638,2.6317,52.66,
,1.3637,2.6326,52.68,
,1.3638,2.6337,52.7,
,1.3641,2.6347,52.72,
,1.3644,2.6358,52.74,
,1.3641,2.6367,52.76,
,1.3636,2.6377,52.78,
,1.3634,2.6386,52.8,
,1.3634,2.6395,52.82,
,1.3638,2.6406,52.84,
,1.3642,2.6415,52.86,
,1.3643,2.6425,52.88,
,1.3642,2.6436,52.9,
,1.3643,2.6446,52.92,
,1.3642,2.6456,52.94,
,1.3638,2.6465,52.96,
,1.3637,2.6475,52.98,
,1.3639,2.6485,53,
,1.3641,2.6495,53.02,
,1.3646,2.6506,53.04,
,1.3649,2.6516,53.06,
,1.3647,2.6526,53.08,
,1.3643,2.6537,53.1,
,1.3642,2.6546,53.12,
,1.3642,2.6556,53.14,
,1.3644,2.6566,53.16,
,1.3646,2.6577,53.18,
,1.3648,2.6587,53.2,
,1.3647,2.6598,53.22,
,1.3648,2.6609,53.24,
,1.365,2.6618,53.26,
,1.3645,2.6627,53.28,
,1.3642,2.6637,53.3,
,1.3644,2.6646,53.32,
,1.3647,2.6656,53.34,
,1.3652,2.6667,53.36,
,1.3654,2.6677,53.38,
,1.3653,2.6686,53.4,
,1.3649,2.6696,53.42,
,1.3651,2.6706,53.44,
,1.3652,2.6715,53.46,
,1.3649,2.6724,53.48,
,1.3648,2.6735,53.5,
,1.3652,2.6745,53.52,
,1.3656,2.6756,53.54,
,1.3657,2.6766,53.56,
,1.3654,2.6776,53.58,
,1.365,2.6785,53.6,
,1.3648,2.6795,53.62,
,1.365,2.6806,53.64,
,1.3654,2.6815,53.66,
,1.3654,2.6825,53.68,
,1.3654,2.6836,53.7,
,1.3656,2.6847,53.72,
,1.3654,2.6857,53.74,
,1.3651,2.6867,53.76,
,1.365,2.6876,53.78,
,1.365,2.6886,53.8,
,1.3652,2.6896,53.82,
,1.3654,2.6907,53.84,
,1.3658,2.6918,53.86,
,1.3656,2.6928,53.88,
,1.3652,2.6938,53.9,
,1.365,2.6947,53.92,
,1.3649,2.6957,53.94,
,1.365,2.6967,53.96,
,1.3652,2.6977,53.98,
,1.3654,2.6986,54,
,1.3653,2.6996,54.02,
,1.3654,2.7007,54.04,
,1.3654,2.7017,54.06,
,1.3651,2.7026,54.08,
,1.3648,2.7035,54.1,
,1.3649,2.7045,54.12,
,1.3652,2.7055,54.14,
,1.3653,2.7066,54.16,
,1.3654,2.7076,54.18,
,1.3652,2.7086,54.2,
,1.3647,2.7095,54.22,
,1.3646,2.7106,54.24,
,1.365,2.7115,54.26,
,1.365,2.7125,54.28,
,1.3648,2.7135,54.3,
,1.3651,2.7146,54.32,
,1.3653,2.7157,54.34,
,1.3653,2.7167,54.36,
,1.3648,2.7177,54.38,
,1.3644,2.7187,54.4,
,1.3642,2.7197,54.42,
,1.3645,2.7207,54.44,
,1.365,2.7217,54.46,
,1.365,2.7227,54.48,
,1.3648,2.7238,54.5,
,1.3647,2.7248,54.52,
,1.3644,2.7257,54.54,
,1.364,2.7266,54.56,
,1.3639,2.7276,54.58,
,1.3642,2.7285,54.6,
,1.3644,2.7295,54.62,
,1.3646,2.7306,54.64,
,1.365,2.7316,54.66,
,1.3648,2.7326,54.68,
,1.3644,2.7336,54.7,
,1.364,2.7346,54.72,
,1.3638,2.7355,54.74,
,1.3638,2.7365,54.76,
,1.3642,2.7375,54.78,
,1.3645,2.7385,54.8,
,1.3645,2.7396,54.82,
,1.3644,2.7407,54.84,
,1.3643,2.7417,54.86,
,1.3638,2.7426,54.88,
,1.3631,2.7436,54.9,
,1.3632,2.7446,54.92,
,1.3635,2.7456,54.94,
,1.364,2.7467,54.96,
,1.3643,2.7477,54.98,
,1.3641,2.7487,55,
,1.3635,2.7497,55.02,
,1.3633,2.7508,55.04,
,1.3633,2.7518,55.06,
,1.3632,2.7527,55.08,
,1.363,2.7537,55.1,
,1.3633,2.7547,55.12,
,1.3637,2.7558,55.14,
,1.3637,2.7568,55.16,
,1.3634,2.7577,55.18,
,1.363,2.7587,55.2,
,1.3626,2.7596,55.22,
,1.3627,2.7606,55.24,
,1.3632,2.7616,55.26,
,1.3633,2.7625,55.28,
,1.3631,2.7636,55.3,
,1.363,2.7646,55.32,
,1.3631,2.7656,55.34,
,1.3629,2.7666,55.36,
,1.3626,2.7675,55.38,
,1.3625,2.7685,55.4,
,1.3625,2.7695,55.42,
,1.3627,2.7705,55.44,
,1.3631,2.7716,55.46,
,1.3631,2.7726,55.48,
,1.3626,2.7736,55.5,
,1.3624,2.7746,55.52,
,1.3624,2.7756,55.54,
,1.3624,2.7766,55.56,
,1.3625,2.7777,55.58,
,1.3626,2.7787,55.6,
,1.3626,2.7797,55.62,
,1.3625,2.7808,55.64,
,1.3623,2.7818,55.66,
,1.3621,2.7827,55.68,
,1.3617,2.7837,55.7,
,1.3619,2.7847,55.72,
,1.3622,2.7857,55.74,
,1.3624,2.7867,55.76,
,1.3624,2.7877,55.78,
,1.3623,2.7887,55.8,
,1.3619,2.7896,55.82,
,1.3617,2.7906,55.84,
,1.3619,2.7916,55.86,
,1.3622,2.7925,55.88,
,1.3622,2.7935,55.9,
,1.3624,2.7946,55.92,
,1.3627,2.7956,55.94,
,1.3627,2.7967,55.96,
,1.3623,2.7977,55.98,
,1.362,2.7986,56,
,1.3618,2.7995,56.02,
,1.3618,2.8005,56.04,
,1.3623,2.8016,56.06,
,1.3628,2.8026,56.08,
,1.3629,2.8036,56.1,
,1.3629,2.8047,56.12,
,1.3629,2.8057,56.14,
,1.3626,2.8067,56.16,
,1.3624,2.8076,56.18,
,1.3624,2.8086,56.2,
,1.3626,2.8096,56.22,
,1.3628,2.8107,56.24,
,1.3634,2.8118,56.26,
,1.3637,2.8128,56.28,
,1.3632,2.8138,56.3,
,1.3627,2.8148,56.32,
,1.3626,2.8157,56.34,
,1.3627,2.8166,56.36,
,1.3631,2.8176,56.38,
,1.3636,2.8186,56.4,
,1.3639,2.8196,56.42,
,1.3639,2.8207,56.44,
,1.3641,2.8217,56.46,
,1.364,2.8226,56.48,
,1.3635,2.8235,56.5,
,1.3633,2.8245,56.52,
,1.3637,2.8255,56.54,
,1.3642,2.8265,56.56,
,1.3645,2.8276,56.58,
,1.3647,2.8286,56.6,
,1.3645,2.8296,56.62,
,1.3644,2.8306,56.64,
,1.3645,2.8316,56.66,
,1.3647,2.8326,56.68,
,1.3645,2.8335,56.7,
,1.3645,2.8346,56.72,
,1.365,2.8357,56.74,
,1.3655,2.8367,56.76,
,1.3657,2.8378,56.78,
,1.3655,2.8388,56.8,
,1.3652,2.8397,56.82,
,1.3651,2.8407,56.84,
,1.3656,2.8418,56.86,
,1.3661,2.8427,56.88,
,1.3662,2.8437,56.9,
,1.3663,2.8448,56.92,
,1.3666,2.8457,56.94,
,1.3666,2.8467,56.96,
,1.3666,2.8476,56.98,
,1.3668,2.8486,57,
,1.3672,2.8495,57.02,
,1.3676,2.8505,57.04,
,1.3682,2.8516,57.06,
,1.3688,2.8526,57.08,
,1.3689,2.8535,57.1,
,1.3689,2.8546,57.12,
,1.3692,2.8555,57.14,
,1.3695,2.8565,57.16,
,1.37,2.8575,57.18,
,1.3708,2.8585,57.2,
,1.3714,2.8595,57.22,
,1.3719,2.8605,57.24,
,1.3726,2.8616,57.26,
,1.3733,2.8626,57.28,
,1.3735,2.8635,57.3,
,1.3738,2.8646,57.32,
,1.3745,2.8656,57.34,
,1.3753,2.8666,57.36,
,1.376,2.8677,57.38,
,1.3764,2.8687,57.4,
,1.3762,2.8697,57.42,
,1.376,2.8707,57.44,
,1.3762,2.8718,57.46,
,1.3765,2.8727,57.48,
,1.3762,2.8737,57.5,
,1.3759,2.8748,57.52,
,1.376,2.8758,57.54,
,1.3759,2.8768,57.56,
,1.3754,2.8778,57.58,
,1.3745,2.8787,57.6,
,1.3739,2.8796,57.62,
,1.3737,2.8805,57.64,
,1.374,2.8816,57.66,
,1.3742,2.8825,57.68,
,1.3741,2.8835,57.7,
,1.3737,2.8846,57.72,
,1.3736,2.8856,57.74,
,1.3732,2.8866,57.76,
,1.3725,2.8875,57.78,
,1.3722,2.8885,57.8,
,1.3722,2.8895,57.82,
,1.3723,2.8905,57.84,
,1.3725,2.8916,57.86,
,1.3728,2.8926,57.88,
,1.3725,2.8936,57.9,
,1.3717,2.8946,57.92,
,1.3712,2.8956,57.94,
,1.3709,2.8966,57.96,
,1.3709,2.8976,57.98,
,1.3712,2.8987,58,
,1.3712,2.8997,58.02,
,1.371,2.9008,58.04,
,1.371,2.9019,58.06,
,1.3706,2.9028,58.08,
,1.3699,2.9037,58.1,
,1.3695,2.9047,58.12,
,1.3697,2.9056,58.14,
,1.3701,2.9066,58.16,
,1.3706,2.9077,58.18,
,1.3709,2.9087,58.2,
,1.3708,2.9096,58.22,
,1.3705,2.9106,58.24,
,1.3704,2.9116,58.26,
,1.3706,2.9126,58.28,
,1.3704,2.9135,58.3,
,1.3704,2.9145,58.32,
,1.3708,2.9156,58.34,
,1.3712,2.9166,58.36,
,1.3711,2.9176,58.38,
,1.3706,2.9186,58.4,
,1.3702,2.9196,58.42,
,1.3699,2.9205,58.44,
,1.3701,2.9216,58.46,
,1.3705,2.9226,58.48,
,1.3705,2.9236,58.5,
,1.3706,2.9246,58.52,
,1.3709,2.9257,58.54,
,1.3708,2.9267,58.56,
,1.3705,2.9277,58.58,
,1.3703,2.9287,58.6,
,1.3704,2.9296,58.62,
,1.3704,2.9306,58.64,
,1.3708,2.9318,58.66,
,1.3713,2.9328,58.68,
,1.3712,2.9338,58.7,
,1.3707,2.9348,58.72,
,1.3705,2.9357,58.74,
,1.3705,2.9367,58.76,
,1.3706,2.9377,58.78,
,1.3709,2.9387,58.8,
,1.3711,2.9396,58.82,
,1.3712,2.9406,58.84,
,1.3713,2.9417,58.86,
,1.3714,2.9426,58.88,
,1.371,2.9435,58.9,
,1.3706,2.9445,58.92,
,1.3708,2.9455,58.94,
,1.3713,2.9465,58.96,
,1.3715,2.9476,58.98,
,1.3716,2.9486,59,
,1.3714,2.9496,59.02,
,1.3711,2.9505,59.04,
,1.3711,2.9516,59.06,
,1.3712,2.9526,59.08,
,1.3713,2.9535,59.1,
,1.3712,2.9545,59.12,
,1.3715,2.9556,59.14,
,1.372,2.9567,59.16,
,1.372,2.9578,59.18,
,1.3716,2.9588,59.2,
,1.3712,2.9597,59.22,
,1.3709,2.9607,59.24,
,1.3711,2.9618,59.26,
,1.3717,2.9628,59.28,
,1.3718,2.9638,59.3,
,1.3717,2.9648,59.32,
,1.3718,2.9658,59.34,
,1.3717,2.9667,59.36,
,1.3714,2.9677,59.38,
,1.3712,2.9686,59.4,
,1.3714,2.9695,59.42,
,1.3717,2.9705,59.44,
,1.3721,2.9716,59.46,
,1.3726,2.9726,59.48,
,1.3727,2.9736,59.5,
,1.3721,2.9746,59.52,
,1.3717,2.9756,59.54,
,1.3716,2.9765,59.56,
,1.3717,2.9775,59.58,
,1.3721,2.9786,59.6,
,1.3723,2.9796,59.62,
,1.3724,2.9806,59.64,
,1.3724,2.9817,59.66,
,1.3725,2.9827,59.68,
,1.3722,2.9836,59.7,
,1.3717,2.9845,59.72,
,1.3717,2.9855,59.74,
,1.372,2.9865,59.76,
,1.3726,2.9876,59.78,
,1.3728,2.9887,59.8,
,1.3728,2.9897,59.82,
,1.3723,2.9907,59.84,
,1.372,2.9917,59.86,
,1.3722,2.9927,59.88,
,1.3722,2.9937,59.9,
,1.3721,2.9947,59.92,
,1.3723,2.9957,59.94,
,1.3727,2.9968,59.96,
,1.3729,2.9978,59.98,
,1.3726,2.9988,60,
,1.3722,2.9997,60.02,
,1.372,3.0006,60.04,
,1.3721,3.0016,60.06,
,1.3726,3.0026,60.08,
,1.373,3.0035,60.1,
,1.3729,3.0046,60.12,
,1.373,3.0056,60.14,
,1.373,3.0066,60.16,
,1.3727,3.0076,60.18,
,1.3724,3.0085,60.2,
,1.3723,3.0095,60.22,
,1.3723,3.0105,60.24,
,1.3727,3.0115,60.26,
,1.3731,3.0126,60.28,
,1.3733,3.0136,60.3,
,1.3729,3.0146,60.32,
,1.3725,3.0156,60.34,
,1.3724,3.0166,60.36,
,1.3725,3.0176,60.38,
,1.3727,3.0187,60.4,
,1.3731,3.0197,60.42,
,1.3731,3.0207,60.44,
,1.3729,3.0218,60.46,
,1.373,3.0229,60.48,
,1.3727,3.0238,60.5,
,1.3722,3.0247,60.52,
,1.3721,3.0257,60.54,
,1.3725,3.0267,60.56,
,1.3728,3.0277,60.58,
,1.3732,3.0287,60.6,
,1.3732,3.0297,60.62,
,1.3728,3.0306,60.64,
,1.3724,3.0316,60.66,
,1.3726,3.0326,60.68,
,1.3727,3.0335,60.7,
,1.3726,3.0344,60.72,
,1.3727,3.0355,60.74,
,1.3732,3.0366,60.76,
,1.3732,3.0376,60.78,
,1.373,3.0386,60.8,
,1.3726,3.0396,60.82,
,1.3721,3.0405,60.84,
,1.3719,3.0415,60.86,
,1.3724,3.0426,60.88,
,1.373,3.0436,60.9,
,1.3729,3.0446,60.92,
,1.3729,3.0457,60.94,
,1.3729,3.0467,60.96,
,1.3727,3.0477,60.98,
,1.3722,3.0487,61,
,1.3721,3.0496,61.02,
,1.3721,3.0506,61.04,
,1.3723,3.0517,61.06,
,1.3728,3.0528,61.08,
,1.373,3.0538,61.1,
,1.3725,3.0548,61.12,
,1.3721,3.0558,61.14,
,1.3718,3.0567,61.16,
,1.3717,3.0577,61.18,
,1.3719,3.0587,61.2,
,1.3722,3.0597,61.22,
,1.3724,3.0606,61.24,
,1.3723,3.0617,61.26,
,1.3724,3.0627,61.28,
,1.3723,3.0636,61.3,
,1.3719,3.0646,61.32,
,1.3717,3.0655,61.34,
,1.3719,3.0665,61.36,
,1.3722,3.0675,61.38,
,1.3724,3.0686,61.4,
,1.3724,3.0696,61.42,
,1.3723,3.0705,61.44,
,1.3718,3.0715,61.46,
,1.3718,3.0726,61.48,
,1.372,3.0735,61.5,
,1.3719,3.0745,61.52,
,1.3718,3.0755,61.54,
,1.3722,3.0766,61.56,
,1.3726,3.0777,61.58,
,1.3724,3.0787,61.6,
,1.372,3.0797,61.62,
,1.3716,3.0806,61.64,
,1.3714,3.0817,61.66,
,1.3719,3.0827,61.68,
,1.3724,3.0837,61.7,
,1.3723,3.0847,61.72,
,1.3722,3.0858,61.74,
,1.3724,3.0867,61.76,
,1.3721,3.0877,61.78,
,1.372,3.0886,61.8,
,1.3719,3.0896,61.82,
,1.372,3.0905,61.84,
,1.3722,3.0915,61.86,
,1.3727,3.0926,61.88,
,1.3732,3.0936,61.9,
,1.3729,3.0946,61.92,
,1.3723,3.0956,61.94,
,1.3722,3.0966,61.96,
,1.3722,3.0975,61.98,
,1.3723,3.0985,62,
,1.3726,3.0995,62.02,
,1.3729,3.1005,62.04,
,1.3729,3.1016,62.06,
,1.3731,3.1027,62.08,
,1.3729,3.1036,62.1,
,1.3725,3.1046,62.12,
,1.3723,3.1055,62.14,
,1.3726,3.1066,62.16,
,1.3729,3.1076,62.18,
,1.3734,3.1087,62.2,
,1.3735,3.1098,62.22,
,1.3732,3.1108,62.24,
,1.3728,3.1118,62.26,
,1.3727,3.1128,62.28,
,1.3728,3.1137,62.3,
,1.3728,3.1147,62.32,
,1.3729,3.1157,62.34,
,1.3734,3.1167,62.36,
,1.3738,3.1178,62.38,
,1.3739,3.1188,62.4,
,1.3736,3.1197,62.42,
,1.3731,3.1206,62.44,
,1.373,3.1215,62.46,
,1.3733,3.1225,62.48,
,1.3738,3.1235,62.5,
,1.374,3.1245,62.52,
,1.374,3.1255,62.54,
,1.3742,3.1266,62.56,
,1.3742,3.1276,62.58,
,1.3739,3.1285,62.6,
,1.3737,3.1295,62.62,
,1.3736,3.1305,62.64,
,1.3737,3.1315,62.66,
,1.3741,3.1326,62.68,
,1.3746,3.1336,62.7,
,1.3745,3.1346,62.72,
,1.3741,3.1356,62.74,
,1.3739,3.1366,62.76,
,1.3739,3.1376,62.78,
,1.3742,3.1387,62.8,
,1.3745,3.1397,62.82,
,1.3746,3.1407,62.84,
,1.3745,3.1418,62.86,
,1.3746,3.1429,62.88,
,1.3746,3.1438,62.9,
,1.3743,3.1448,62.92,
,1.374,3.1457,62.94,
,1.374,3.1467,62.96,
,1.3744,3.1477,62.98,
,1.3749,3.1487,63,
,1.3753,3.1497,63.02,
,1.3751,3.1506,63.04,
,1.3747,3.1516,63.06,
,1.3746,3.1526,63.08,
,1.3749,3.1536,63.1,
,1.3749,3.1545,63.12,
,1.3748,3.1555,63.14,
,1.3751,3.1565,63.16,
,1.3757,3.1576,63.18,
,1.3757,3.1586,63.2,
,1.3755,3.1596,63.22,
,1.3751,3.1605,63.24,
,1.3749,3.1615,63.26,
,1.3751,3.1625,63.28,
,1.3757,3.1636,63.3,
,1.3759,3.1645,63.32,
,1.3759,3.1656,63.34,
,1.376,3.1667,63.36,
,1.3759,3.1676,63.38,
,1.3757,3.1686,63.4,
,1.3757,3.1696,63.42,
,1.3758,3.1706,63.44,
,1.3759,3.1716,63.46,
,1.3764,3.1728,63.48,
,1.377,3.1739,63.5,
,1.3769,3.1748,63.52,
,1.3762,3.1758,63.54,
,1.376,3.1767,63.56,
,1.3761,3.1776,63.58,
,1.3764,3.1786,63.6,
,1.377,3.1796,63.62,
,1.3773,3.1806,63.64,
,1.3776,3.1816,63.66,
,1.3778,3.1827,63.68,
,1.3779,3.1837,63.7,
,1.3776,3.1846,63.72,
,1.3771,3.1856,63.74,
,1.3772,3.1865,63.76,
,1.3778,3.1875,63.78,
,1.3783,3.1886,63.8,
,1.3786,3.1896,63.82,
,1.3787,3.1906,63.84,
,1.3784,3.1916,63.86,
,1.3782,3.1926,63.88,
,1.3785,3.1936,63.9,
,1.3787,3.1945,63.92,
,1.3787,3.1955,63.94,
,1.3791,3.1966,63.96,
,1.3798,3.1977,63.98,
,1.38,3.1988,64,
,1.3798,3.1998,64.02,
,1.3794,3.2007,64.04,
,1.3791,3.2017,64.06,
,1.3793,3.2028,64.08,
,1.3801,3.2038,64.1,
,1.3804,3.2047,64.12,
,1.3805,3.2058,64.14,
,1.3807,3.2068,64.16,
,1.3807,3.2077,64.18,
,1.3805,3.2087,64.2,
,1.3806,3.2096,64.22,
,1.3807,3.2105,64.24,
,1.3809,3.2115,64.26,
,1.3813,3.2125,64.28,
,1.382,3.2136,64.3,
,1.3823,3.2146,64.32,
,1.382,3.2155,64.34,
,1.3818,3.2165,64.36,
,1.382,3.2175,64.38,
,1.3822,3.2185,64.4,
,1.3825,3.2195,64.42,
,1.3829,3.2205,64.44,
,1.3831,3.2215,64.46,
,1.3834,3.2226,64.48,
,1.3838,3.2237,64.5,
,1.3836,3.2246,64.52,
,1.3831,3.2255,64.54,
,1.3834,3.2266,64.56,
,1.3841,3.2276,64.58,
,1.3846,3.2287,64.6,
,1.385,3.2298,64.62,
,1.3852,3.2308,64.64,
,1.385,3.2317,64.66,
,1.385,3.2328,64.68,
,1.3855,3.2338,64.7,
,1.3859,3.2347,64.72,
,1.3861,3.2357,64.74,
,1.3865,3.2367,64.76,
,1.3871,3.2378,64.78,
,1.3875,3.2388,64.8,
,1.3876,3.2397,64.82,
,1.3878,3.2406,64.84,
,1.3879,3.2416,64.86,
,1.3883,3.2426,64.88,
,1.3891,3.2436,64.9,
,1.3897,3.2445,64.92,
,1.39,3.2456,64.94,
,1.3904,3.2466,64.96,
,1.3907,3.2476,64.98,
,1.3906,3.2486,65,
,1.3903,3.2495,65.02,
,1.3898,3.2505,65.04,
,1.3893,3.2514,65.06,
,1.3885,3.2525,65.08,
,1.3878,3.2536,65.1,
,1.3868,3.2546,65.12,
,1.3853,3.2556,65.14,
,1.3841,3.2566,65.16,
,1.3834,3.2576,65.18,
,1.3831,3.2586,65.2,
,1.3829,3.2596,65.22,
,1.3828,3.2607,65.24,
,1.3824,3.2617,65.26,
,1.3821,3.2628,65.28,
,1.3818,3.2638,65.3,
,1.3813,3.2648,65.32,
,1.3805,3.2657,65.34,
,1.3803,3.2667,65.36,
,1.3804,3.2676,65.38,
,1.3805,3.2686,65.4,
,1.3808,3.2697,65.42,
,1.381,3.2707,65.44,
,1.3806,3.2716,65.46,
,1.3802,3.2726,65.48,
,1.3801,3.2736,65.5,
,1.3802,3.2745,65.52,
,1.38,3.2755,65.54,
,1.3799,3.2765,65.56,
,1.3802,3.2776,65.58,
,1.3804,3.2786,65.6,
,1.3803,3.2796,65.62,
,1.3798,3.2806,65.64,
,1.3792,3.2815,65.66,
,1.3789,3.2825,65.68,
,1.3793,3.2836,65.7,
,1.3797,3.2846,65.72,
,1.3796,3.2856,65.74,
,1.3794,3.2866,65.76,
,1.3794,3.2877,65.78,
,1.3791,3.2887,65.8,
,1.3788,3.2897,65.82,
,1.3786,3.2906,65.84,
,1.3785,3.2916,65.86,
,1.3786,3.2927,65.88,
,1.3791,3.2938,65.9,
,1.3794,3.2948,65.92,
,1.3789,3.2958,65.94,
,1.3783,3.2968,65.96,
,1.3781,3.2977,65.98,
,1.378,3.2987,66,
,1.3781,3.2997,66.02,
,1.3783,3.3007,66.04,
,1.3784,3.3016,66.06,
,1.3784,3.3026,66.08,
,1.3784,3.3037,66.1,
,1.3783,3.3046,66.12,
,1.3778,3.3055,66.14,
,1.3776,3.3065,66.16,
,1.3778,3.3075,66.18,
,1.378,3.3085,66.2,
,1.3782,3.3095,66.22,
,1.3782,3.3106,66.24,
,1.378,3.3115,66.26,
,1.3776,3.3125,66.28,
,1.3774,3.3136,66.3,
,1.3775,3.3145,66.32,
,1.3774,3.3155,66.34,
,1.3773,3.3165,66.36,
,1.3776,3.3176,66.38,
,1.3779,3.3187,66.4,
,1.3779,3.3198,66.42,
,1.3776,3.3207,66.44,
,1.377,3.3217,66.46,
,1.3766,3.3227,66.48,
,1.3769,3.3238,66.5,
,1.3773,3.3248,66.52,
,1.3774,3.3258,66.54,
,1.3773,3.3268,66.56,
,1.3773,3.3278,66.58,
,1.3771,3.3287,66.6,
,1.3768,3.3297,66.62,
,1.3767,3.3306,66.64,
,1.3768,3.3315,66.66,
,1.377,3.3325,66.68,
,1.3774,3.3336,66.7,
,1.3778,3.3346,66.72,
,1.3775,3.3356,66.74,
,1.377,3.3366,66.76,
,1.3769,3.3375,66.78,
,1.3768,3.3385,66.8,
,1.3768,3.3395,66.82,
,1.3771,3.3405,66.84,
,1.3773,3.3415,66.86,
,1.3773,3.3426,66.88,
,1.3773,3.3437,66.9,
,1.3773,3.3446,66.92,
,1.3769,3.3456,66.94,
,1.3766,3.3465,66.96,
,1.3769,3.3475,66.98,
,1.3772,3.3486,67,
,1.3775,3.3497,67.02,
,1.3777,3.3507,67.04,
,1.3775,3.3517,67.06,
,1.3771,3.3527,67.08,
,1.3769,3.3537,67.1,
,1.377,3.3547,67.12,
,1.377,3.3556,67.14,
,1.3769,3.3567,67.16,
,1.3773,3.3577,67.18,
,1.3776,3.3587,67.2,
,1.3776,3.3597,67.22,
,1.3773,3.3607,67.24,
,1.3768,3.3616,67.26,
,1.3767,3.3626,67.28,
,1.3771,3.3636,67.3,
,1.3775,3.3646,67.32,
,1.3776,3.3655,67.34,
,1.3776,3.3666,67.36,
,1.3777,3.3676,67.38,
,1.3776,3.3686,67.4,
,1.3772,3.3696,67.42,
,1.377,3.3705,67.44,
,1.377,3.3715,67.46,
,1.3771,3.3725,67.48,
,1.3774,3.3735,67.5,
,1.378,3.3746,67.52,
,1.378,3.3756,67.54,
,1.3774,3.3766,67.56,
,1.3772,3.3776,67.58,
,1.377,3.3786,67.6,
,1.3771,3.3796,67.62,
,1.3773,3.3807,67.64,
,1.3775,3.3817,67.66,
,1.3775,3.3828,67.68,
,1.3775,3.3838,67.7,
,1.3774,3.3848,67.72,
,1.377,3.3857,67.74,
,1.3767,3.3867,67.76,
,1.3768,3.3876,67.78,
,1.3771,3.3886,67.8,
,1.3774,3.3896,67.82,
,1.3777,3.3906,67.84,
,1.3777,3.3916,67.86,
,1.3773,3.3925,67.88,
,1.3772,3.3935,67.9,
,1.3775,3.3945,67.92,
,1.3774,3.3954,67.94,
,1.3772,3.3964,67.96,
,1.3773,3.3975,67.98,
,1.3777,3.3986,68,
,1.3778,3.3996,68.02,
,1.3774,3.4006,68.04,
,1.377,3.4015,68.06,
,1.3766,3.4025,68.08,
,1.3767,3.4035,68.1,
,1.3772,3.4046,68.12,
,1.3774,3.4055,68.14,
,1.3773,3.4066,68.16,
,1.3774,3.4077,68.18,
,1.3774,3.4087,68.2,
,1.3771,3.4097,68.22,
,1.3768,3.4107,68.24,
,1.3767,3.4116,68.26,
,1.3767,3.4126,68.28,
,1.377,3.4138,68.3,
,1.3775,3.4148,68.32,
,1.3774,3.4158,68.34,
,1.3768,3.4168,68.36,
,1.3765,3.4177,68.38,
,1.3765,3.4187,68.4,
,1.3766,3.4197,68.42,
,1.3768,3.4206,68.44,
,1.3771,3.4216,68.46,
,1.3771,3.4226,68.48,
,1.3771,3.4237,68.5,
,1.3771,3.4247,68.52,
,1.3768,3.4256,68.54,
,1.3764,3.4265,68.56,
,1.3764,3.4275,68.58,
,1.3767,3.4285,68.6,
,1.377,3.4295,68.62,
,1.3772,3.4306,68.64,
,1.3771,3.4316,68.66,
,1.3766,3.4325,68.68,
,1.3764,3.4335,68.7,
,1.3766,3.4345,68.72,
,1.3767,3.4355,68.74,
,1.3765,3.4365,68.76,
,1.3767,3.4376,68.78,
,1.3771,3.4387,68.8,
,1.3772,3.4397,68.82,
,1.3769,3.4407,68.84,
,1.3763,3.4417,68.86,
,1.3758,3.4427,68.88,
,1.3758,3.4437,68.9,
,1.3764,3.4447,68.92,
,1.3767,3.4457,68.94,
,1.3767,3.4468,68.96,
,1.3766,3.4478,68.98,
,1.3765,3.4487,69,
,1.3762,3.4497,69.02,
,1.3759,3.4506,69.04,
,1.376,3.4515,69.06,
,1.3761,3.4525,69.08,
,1.3764,3.4535,69.1,
,1.3769,3.4546,69.12,
,1.377,3.4556,69.14,
,1.3764,3.4566,69.16,
,1.3761,3.4576,69.18,
,1.3761,3.4585,69.2,
,1.3759,3.4595,69.22,
,1.376,3.4605,69.24,
,1.3763,3.4615,69.26,
,1.3764,3.4625,69.28,
,1.3764,3.4636,69.3,
,1.3766,3.4647,69.32,
,1.3764,3.4656,69.34,
,1.3758,3.4665,69.36,
,1.3755,3.4676,69.38,
,1.3757,3.4686,69.4,
,1.3762,3.4696,69.42,
,1.3765,3.4707,69.44,
,1.3764,3.4717,69.46,
,1.3759,3.4727,69.48,
,1.3756,3.4738,69.5,
,1.3757,3.4748,69.52,
,1.3758,3.4757,69.54,
,1.3754,3.4767,69.56,
,1.3755,3.4777,69.58,
,1.3759,3.4788,69.6,
,1.3762,3.4798,69.62,
,1.3761,3.4807,69.64,
,1.3758,3.4816,69.66,
,1.3753,3.4825,69.68,
,1.3753,3.4836,69.7,
,1.3758,3.4846,69.72,
,1.3761,3.4855,69.74,
,1.3759,3.4865,69.76,
,1.3759,3.4876,69.78,
,1.3759,3.4886,69.8,
,1.3756,3.4895,69.82,
,1.3753,3.4905,69.84,
,1.3752,3.4915,69.86,
,1.3753,3.4924,69.88,
,1.3755,3.4935,69.9,
,1.3759,3.4946,69.92,
,1.3761,3.4956,69.94,
,1.3757,3.4966,69.96,
,1.3753,3.4976,69.98,
,1.3753,3.4986,70,
,1.3754,3.4996,70.02,
,1.3755,3.5007,70.04,
,1.3758,3.5017,70.06,
,1.3757,3.5027,70.08,
,1.3757,3.5038,70.1,
,1.3758,3.5049,70.12,
,1.3755,3.5058,70.14,
,1.375,3.5067,70.16,
,1.3751,3.5077,70.18,
,1.3754,3.5087,70.2,
,1.3757,3.5097,70.22,
,1.3759,3.5107,70.24,
,1.3759,3.5117,70.26,
,1.3756,3.5126,70.28,
,1.3753,3.5135,70.3,
,1.3754,3.5145,70.32,
,1.3757,3.5155,70.34,
,1.3757,3.5164,70.36,
,1.3758,3.5174,70.38,
,1.3762,3.5185,70.4,
,1.3765,3.5196,70.42,
,1.3762,3.5206,70.44,
,1.3757,3.5215,70.46,
,1.3754,3.5225,70.48,
,1.3752,3.5234,70.5,
,1.3757,3.5245,70.52,
,1.3763,3.5255,70.54,
,1.3764,3.5265,70.56,
,1.3763,3.5276,70.58,
,1.3764,3.5287,70.6,
,1.3763,3.5296,70.62,
,1.376,3.5306,70.64,
,1.3758,3.5316,70.66,
,1.3759,3.5326,70.68,
,1.3763,3.5336,70.7,
,1.3769,3.5348,70.72,
,1.3773,3.5358,70.74,
,1.3769,3.5368,70.76,
,1.3764,3.5378,70.78,
,1.3761,3.5387,70.8,
,1.3761,3.5397,70.82,
,1.3764,3.5406,70.84,
,1.3769,3.5416,70.86,
,1.3773,3.5426,70.88,
,1.3776,3.5437,70.9,
,1.3778,3.5447,70.92,
,1.3777,3.5457,70.94,
,1.3772,3.5466,70.96,
,1.3768,3.5475,70.98,
,1.3769,3.5485,71,
,1.3775,3.5495,71.02,
,1.3779,3.5506,71.04,
,1.3783,3.5516,71.06,
,1.3782,3.5526,71.08,
,1.3778,3.5536,71.1,
,1.3777,3.5546,71.12,
,1.3778,3.5556,71.14,
,1.3778,3.5565,71.16,
,1.3779,3.5575,71.18,
,1.3784,3.5586,71.2,
,1.3788,3.5597,71.22,
,1.3788,3.5608,71.24,
,1.3786,3.5618,71.26,
,1.3783,3.5627,71.28,
,1.378,3.5637,71.3,
,1.3784,3.5648,71.32,
,1.3788,3.5658,71.34,
,1.3789,3.5667,71.36,
,1.3788,3.5678,71.38,
,1.379,3.5687,71.4,
,1.3791,3.5697,71.42,
,1.3791,3.5706,71.44,
,1.3791,3.5716,71.46,
,1.3792,3.5725,71.48,
,1.3794,3.5735,71.5,
,1.3797,3.5745,71.52,
,1.3803,3.5756,71.54,
,1.3804,3.5765,71.56,
,1.3801,3.5775,71.58,
,1.3799,3.5785,71.6,
,1.3799,3.5795,71.62,
,1.3799,3.5805,71.64,
,1.3802,3.5815,71.66,
,1.3804,3.5825,71.68,
,1.3805,3.5836,71.7,
,1.3806,3.5847,71.72,
,1.3808,3.5857,71.74,
,1.3805,3.5866,71.76,
,1.3802,3.5876,71.78,
,1.3804,3.5886,71.8,
,1.3808,3.5897,71.82,
,1.3811,3.5908,71.84,
,1.3814,3.5918,71.86,
,1.3811,3.5927,71.88,
,1.3807,3.5937,71.9,
,1.3806,3.5948,71.92,
,1.3809,3.5958,71.94,
,1.381,3.5967,71.96,
,1.3808,3.5977,71.98,
,1.3812,3.5988,72,
,1.3814,3.5998,72.02,
,1.3811,3.6008,72.04,
,1.3805,3.6017,72.06,
,1.3799,3.6026,72.08,
,1.3796,3.6036,72.1,
,1.3797,3.6046,72.12,
,1.38,3.6056,72.14,
,1.3799,3.6065,72.16,
,1.3796,3.6076,72.18,
,1.3795,3.6087,72.2,
,1.3789,3.6096,72.22,
,1.3783,3.6105,72.24,
,1.378,3.6115,72.26,
,1.3778,3.6124,72.28,
,1.3779,3.6134,72.3,
,1.3782,3.6145,72.32,
,1.3788,3.6156,72.34,
,1.3788,3.6166,72.36,
,1.3782,3.6176,72.38,
,1.3778,3.6186,72.4,
,1.3775,3.6196,72.42,
,1.3774,3.6206,72.44,
,1.3776,3.6216,72.46,
,1.378,3.6227,72.48,
,1.3781,3.6237,72.5,
,1.3782,3.6249,72.52,
,1.3781,3.6259,72.54,
,1.3775,3.6268,72.56,
,1.3769,3.6277,72.58,
,1.3767,3.6287,72.6,
,1.3772,3.6296,72.62,
,1.3777,3.6307,72.64,
,1.3782,3.6317,72.66,
,1.3783,3.6326,72.68,
,1.3779,3.6336,72.7,
,1.3777,3.6347,72.72,
,1.3778,3.6356,72.74,
,1.3776,3.6365,72.76,
,1.3774,3.6375,72.78,
,1.3776,3.6385,72.8,
,1.3781,3.6396,72.82,
,1.3783,3.6406,72.84,
,1.3781,3.6416,72.86,
,1.3777,3.6426,72.88,
,1.3772,3.6436,72.9,
,1.3773,3.6446,72.92,
,1.3777,3.6456,72.94,
,1.3778,3.6466,72.96,
,1.3778,3.6476,72.98,
,1.3779,3.6487,73,
,1.378,3.6497,73.02,
,1.3778,3.6507,73.04,
,1.3777,3.6517,73.06,
,1.3775,3.6526,73.08,
,1.3774,3.6537,73.1,
,1.3776,3.6547,73.12,
,1.3781,3.6558,73.14,
,1.3782,3.6568,73.16,
,1.3777,3.6578,73.18,
,1.3775,3.6587,73.2,
,1.3774,3.6597,73.22,
,1.3774,3.6607,73.24,
,1.3777,3.6617,73.26,
,1.3779,3.6626,73.28,
,1.3779,3.6636,73.3,
,1.3779,3.6646,73.32,
,1.378,3.6656,73.34,
,1.3779,3.6665,73.36,
,1.3775,3.6675,73.38,
,1.3775,3.6685,73.4,
,1.3778,3.6695,73.42,
,1.3781,3.6705,73.44,
,1.3783,3.6716,73.46,
,1.3781,3.6726,73.48,
,1.3776,3.6735,73.5,
,1.3772,3.6745,73.52,
,1.3774,3.6755,73.54,
,1.3776,3.6765,73.56,
,1.3776,3.6775,73.58,
,1.3779,3.6786,73.6,
,1.3783,3.6797,73.62,
,1.3784,3.6807,73.64,
,1.378,3.6817,73.66,
,1.3774,3.6827,73.68,
,1.3768,3.6836,73.7,
,1.377,3.6847,73.72,
,1.3778,3.6857,73.74,
,1.3783,3.6867,73.76,
,1.3781,3.6878,73.78,
,1.378,3.6888,73.8,
,1.3778,3.6898,73.82,
,1.3774,3.6907,73.84,
,1.3771,3.6916,73.86,
,1.3772,3.6925,73.88,
,1.3775,3.6934,73.9,
,1.3779,3.6945,73.92,
,1.3785,3.6956,73.94,
,1.3789,3.6966,73.96,
,1.3783,3.6976,73.98,
,1.3777,3.6986,74,
,1.3774,3.6995,74.02,
,1.3773,3.7005,74.04,
,1.3775,3.7015,74.06,
,1.3779,3.7025,74.08,
,1.3781,3.7035,74.1,
,1.3783,3.7046,74.12,
,1.3784,3.7057,74.14,
,1.3782,3.7066,74.16,
,1.3775,3.7075,74.18,
,1.3771,3.7085,74.2,
,1.3775,3.7095,74.22,
,1.378,3.7106,74.24,
,1.3783,3.7117,74.26,
,1.3785,3.7127,74.28,
,1.3782,3.7137,74.3,
,1.3777,3.7148,74.32,
,1.3776,3.7158,74.34,
,1.3775,3.7167,74.36,
,1.3773,3.7177,74.38,
,1.3774,3.7187,74.4,
,1.3781,3.7198,74.42,
,1.3784,3.7208,74.44,
,1.3783,3.7218,74.46,
,1.3779,3.7227,74.48,
,1.3775,3.7236,74.5,
,1.3775,3.7246,74.52,
,1.3778,3.7256,74.54,
,1.3781,3.7265,74.56,
,1.3781,3.7275,74.58,
,1.3782,3.7286,74.6,
,1.3784,3.7296,74.62,
,1.3783,3.7306,74.64,
,1.3779,3.7316,74.66,
,1.3778,3.7325,74.68,
,1.3778,3.7335,74.7,
,1.3779,3.7345,74.72,
,1.3782,3.7356,74.74,
,1.3785,3.7366,74.76,
,1.3784,3.7376,74.78,
,1.378,3.7386,74.8,
,1.3779,3.7396,74.82,
,1.3779,3.7406,74.84,
,1.378,3.7417,74.86,
,1.3783,3.7427,74.88,
,1.3783,3.7437,74.9,
,1.3781,3.7448,74.92,
,1.3781,3.7458,74.94,
,1.3781,3.7468,74.96,
,1.3776,3.7477,74.98,
,1.3775,3.7487,75,
,1.3777,3.7497,75.02,
,1.3781,3.7507,75.04,
,1.3786,3.7517,75.06,
,1.3787,3.7527,75.08,
,1.3783,3.7536,75.1,
,1.3778,3.7545,75.12,
,1.3778,3.7555,75.14,
,1.3781,3.7565,75.16,
,1.3782,3.7574,75.18,
,1.3782,3.7585,75.2,
,1.3785,3.7596,75.22,
,1.3788,3.7606,75.24,
,1.3786,3.7616,75.26,
,1.3781,3.7626,75.28,
,1.3777,3.7635,75.3,
,1.3776,3.7645,75.32,
,1.378,3.7656,75.34,
,1.3785,3.7666,75.36,
,1.3786,3.7676,75.38,
,1.3785,3.7687,75.4,
,1.3785,3.7697,75.42,
,1.3783,3.7707,75.44,
,1.3779,3.7717,75.46,
,1.3778,3.7727,75.48,
,1.3778,3.7736,75.5,
,1.378,3.7747,75.52,
,1.3786,3.7758,75.54,
,1.3791,3.7769,75.56,
,1.3787,3.7778,75.58,
,1.3781,3.7788,75.6,
,1.3776,3.7797,75.62,
,1.3775,3.7807,75.64,
,1.3777,3.7816,75.66,
,1.3781,3.7826,75.68,
,1.3785,3.7836,75.7,
,1.3786,3.7846,75.72,
,1.3787,3.7857,75.74,
,1.3787,3.7867,75.76,
,1.3782,3.7876,75.78,
,1.3776,3.7885,75.8,
,1.3776,3.7895,75.82,
,1.3779,3.7905,75.84,
,1.3784,3.7915,75.86,
,1.3787,3.7926,75.88,
,1.3788,3.7936,75.9,
,1.3783,3.7945,75.92,
,1.3781,3.7956,75.94,
,1.3781,3.7966,75.96,
,1.3779,3.7975,75.98,
,1.3777,3.7985,76,
,1.3781,3.7996,76.02,
,1.3787,3.8007,76.04,
,1.3788,3.8018,76.06,
,1.3785,3.8028,76.08,
,1.3781,3.8037,76.1,
,1.3777,3.8047,76.12,
,1.3778,3.8058,76.14,
,1.3783,3.8068,76.16,
,1.3783,3.8077,76.18,
,1.3782,3.8088,76.2,
,1.3784,3.8098,76.22,
,1.3784,3.8107,76.24,
,1.3781,3.8117,76.26,
,1.378,3.8126,76.28,
,1.378,3.8135,76.3,
,1.3781,3.8145,76.32,
,1.3784,3.8156,76.34,
,1.3789,3.8166,76.36,
,1.3788,3.8176,76.38,
,1.3784,3.8186,76.4,
,1.3782,3.8195,76.42,
,1.3782,3.8205,76.44,
,1.3782,3.8215,76.46,
,1.3784,3.8226,76.48,
,1.3785,3.8236,76.5,
,1.3785,3.8246,76.52,
,1.3785,3.8256,76.54,
,1.3785,3.8266,76.56,
,1.3782,3.8276,76.58,
,1.3779,3.8285,76.6,
,1.3781,3.8296,76.62,
,1.3785,3.8306,76.64,
,1.3787,3.8317,76.66,
,1.3789,3.8327,76.68,
,1.3787,3.8337,76.7,
,1.3783,3.8347,76.72,
,1.3781,3.8358,76.74,
,1.3782,3.8367,76.76,
,1.3783,3.8377,76.78,
,1.3783,3.8387,76.8,
,1.3786,3.8398,76.82,
,1.3789,3.8408,76.84,
,1.3789,3.8418,76.86,
,1.3786,3.8427,76.88,
,1.3783,3.8436,76.9,
,1.3781,3.8446,76.92,
,1.3784,3.8456,76.94,
,1.3789,3.8466,76.96,
,1.3792,3.8476,76.98,
,1.3792,3.8486,77,
,1.3794,3.8496,77.02,
,1.3792,3.8506,77.04,
,1.3786,3.8516,77.06,
,1.3783,3.8525,77.08,
,1.3783,3.8535,77.1,
,1.3784,3.8544,77.12,
,1.3789,3.8555,77.14,
,1.3794,3.8566,77.16,
,1.3796,3.8576,77.18,
,1.3792,3.8586,77.2,
,1.3788,3.8596,77.22,
,1.3786,3.8606,77.24,
,1.3786,3.8616,77.26,
,1.3789,3.8627,77.28,
,1.3792,3.8637,77.3,
,1.3792,3.8648,77.32,
,1.3794,3.8659,77.34,
,1.3794,3.8668,77.36,
,1.3789,3.8678,77.38,
,1.3786,3.8687,77.4,
,1.3786,3.8697,77.42,
,1.3787,3.8706,77.44,
,1.3791,3.8717,77.46,
,1.3795,3.8727,77.48,
,1.3797,3.8736,77.5,
,1.3795,3.8746,77.52,
,1.3793,3.8756,77.54,
,1.3793,3.8766,77.56,
,1.3792,3.8775,77.58,
,1.379,3.8784,77.6,
,1.3793,3.8795,77.62,
,1.3798,3.8806,77.64,
,1.38,3.8816,77.66,
,1.38,3.8826,77.68,
,1.3796,3.8836,77.7,
,1.3791,3.8845,77.72,
,1.379,3.8856,77.74,
,1.3795,3.8866,77.76,
,1.3797,3.8876,77.78,
,1.3797,3.8886,77.8,
,1.3799,3.8897,77.82,
,1.3799,3.8907,77.84,
,1.3797,3.8917,77.86,
,1.3795,3.8927,77.88,
,1.3793,3.8936,77.9,
,1.3792,3.8946,77.92,
,1.3795,3.8957,77.94,
,1.3801,3.8968,77.96,
,1.3802,3.8978,77.98,
,1.3798,3.8988,78,
,1.3795,3.8998,78.02,
,1.3793,3.9007,78.04,
,1.3793,3.9017,78.06,
,1.3796,3.9027,78.08,
,1.38,3.9036,78.1,
,1.3801,3.9046,78.12,
,1.3802,3.9057,78.14,
,1.3802,3.9067,78.16,
,1.3801,3.9076,78.18,
,1.3796,3.9085,78.2,
,1.3796,3.9095,78.22,
,1.3799,3.9105,78.24,
,1.3802,3.9116,78.26,
,1.3805,3.9126,78.28,
,1.3805,3.9136,78.3,
,1.3801,3.9146,78.32,
,1.3798,3.9156,78.34,
,1.3798,3.9166,78.36,
,1.3799,3.9175,78.38,
,1.3796,3.9185,78.4,
,1.3799,3.9196,78.42,
,1.3804,3.9206,78.44,
,1.3806,3.9217,78.46,
,1.3804,3.9228,78.48,
,1.3798,3.9237,78.5,
,1.3792,3.9247,78.52,
,1.379,3.9257,78.54,
,1.3794,3.9267,78.56,
,1.3796,3.9277,78.58,
,1.3795,3.9287,78.6,
,1.3795,3.9298,78.62,
,1.3794,3.9307,78.64,
,1.379,3.9317,78.66,
,1.3786,3.9326,78.68,
,1.3783,3.9336,78.7,
,1.3782,3.9345,78.72,
,1.3785,3.9355,78.74,
,1.3789,3.9366,78.76,
,1.3789,3.9376,78.78,
,1.3785,3.9386,78.8,
,1.3779,3.9396,78.82,
,1.3776,3.9405,78.84,
,1.3773,3.9415,78.86,
,1.3773,3.9425,78.88,
,1.3774,3.9436,78.9,
,1.3773,3.9446,78.92,
,1.3773,3.9456,78.94,
,1.3775,3.9467,78.96,
,1.3771,3.9476,78.98,
,1.3766,3.9486,79,
,1.3762,3.9496,79.02,
,1.3763,3.9506,79.04,
,1.3766,3.9516,79.06,
,1.3771,3.9527,79.08,
,1.3772,3.9538,79.1,
,1.3768,3.9547,79.12,
,1.3762,3.9557,79.14,
,1.376,3.9568,79.16,
,1.3761,3.9577,79.18,
,1.376,3.9587,79.2,
,1.3761,3.9597,79.22,
,1.3763,3.9608,79.24,
,1.3765,3.9618,79.26,
,1.3764,3.9628,79.28,
,1.376,3.9637,79.3,
,1.3755,3.9646,79.32,
,1.3755,3.9656,79.34,
,1.3759,3.9666,79.36,
,1.3763,3.9676,79.38,
,1.3763,3.9686,79.4,
,1.3764,3.9696,79.42,
,1.3763,3.9706,79.44,
,1.3761,3.9716,79.46,
,1.3757,3.9725,79.48,
,1.3756,3.9735,79.5,
,1.3757,3.9744,79.52,
,1.3758,3.9755,79.54,
,1.3762,3.9766,79.56,
,1.3765,3.9776,79.58,
,1.3762,3.9786,79.6,
,1.3757,3.9796,79.62,
,1.3754,3.9806,79.64,
,1.3752,3.9816,79.66,
,1.3753,3.9826,79.68,
,1.3756,3.9837,79.7,
,1.3758,3.9847,79.72,
,1.3759,3.9858,79.74,
,1.3759,3.9869,79.76,
,1.3756,3.9878,79.78,
,1.375,3.9887,79.8,
,1.3746,3.9897,79.82,
,1.3748,3.9906,79.84,
,1.3752,3.9916,79.86,
,1.3755,3.9927,79.88,
,1.3758,3.9937,79.9,
,1.3757,3.9946,79.92,
,1.3753,3.9956,79.94,
,1.3751,3.9966,79.96,
,1.3753,3.9975,79.98,
,1.3752,3.9985,80,
,1.375,3.9995,80.02,
,1.3753,4.0006,80.04,
,1.3756,4.0016,80.06,
,1.3755,4.0027,80.08,
,1.3752,4.0036,80.1,
,1.3746,4.0046,80.12,
,1.3742,4.0055,80.14,
,1.3745,4.0066,80.16,
,1.375,4.0076,80.18,
,1.3752,4.0086,80.2,
,1.3751,4.0097,80.22,
,1.3752,4.0107,80.24,
,1.3751,4.0117,80.26,
,1.3749,4.0127,80.28,
,1.3747,4.0137,80.3,
,1.3745,4.0146,80.32,
,1.3744,4.0156,80.34,
,1.3749,4.0168,80.36,
,1.3753,4.0178,80.38,
,1.3751,4.0188,80.4,
,1.3746,4.0198,80.42,
,1.3743,4.0207,80.44,
,1.3741,4.0217,80.46,
,1.3742,4.0226,80.48,
,1.3744,4.0236,80.5,
,1.3746,4.0246,80.52,
,1.3748,4.0256,80.54,
,1.3749,4.0267,80.56,
,1.3749,4.0276,80.58,
,1.3745,4.0285,80.6,
,1.374,4.0295,80.62,
,1.3741,4.0305,80.64,
,1.3743,4.0315,80.66,
,1.3745,4.0326,80.68,
,1.3747,4.0336,80.7,
,1.3747,4.0346,80.72,
,1.3743,4.0356,80.74,
,1.3741,4.0366,80.76,
,1.3742,4.0376,80.78,
,1.3741,4.0385,80.8,
,1.374,4.0395,80.82,
,1.3743,4.0406,80.84,
,1.3746,4.0417,80.86,
,1.3746,4.0428,80.88,
,1.3744,4.0438,80.9,
,1.3739,4.0447,80.92,
,1.3735,4.0457,80.94,
,1.3736,4.0467,80.96,
,1.3741,4.0478,80.98,
,1.3743,4.0487,81,
,1.3743,4.0498,81.02,
,1.3742,4.0508,81.04,
,1.3739,4.0517,81.06,
,1.3736,4.0526,81.08,
,1.3736,4.0536,81.1,
,1.3735,4.0545,81.12,
,1.3735,4.0555,81.14,
,1.3739,4.0565,81.16,
,1.3745,4.0576,81.18,
,1.3746,4.0586,81.2,
,1.3742,4.0595,81.22,
,1.3738,4.0605,81.24,
,1.3736,4.0615,81.26,
,1.3735,4.0625,81.28,
,1.3735,4.0635,81.3,
,1.3738,4.0645,81.32,
,1.3738,4.0656,81.34,
,1.374,4.0667,81.36,
,1.3741,4.0677,81.38,
,1.3736,4.0686,81.4,
,1.3731,4.0696,81.42,
,1.3731,4.0706,81.44,
,1.3733,4.0716,81.46,
,1.3737,4.0726,81.48,
,1.374,4.0737,81.5,
,1.374,4.0747,81.52,
,1.3736,4.0757,81.54,
,1.3732,4.0767,81.56,
,1.3732,4.0777,81.58,
,1.3731,4.0787,81.6,
,1.3731,4.0797,81.62,
,1.3733,4.0807,81.64,
,1.3736,4.0817,81.66,
,1.3738,4.0828,81.68,
,1.3736,4.0837,81.7,
,1.3732,4.0846,81.72,
,1.3727,4.0856,81.74,
,1.3728,4.0866,81.76,
,1.3733,4.0876,81.78,
,1.3736,4.0885,81.8,
,1.3737,4.0896,81.82,
,1.3737,4.0906,81.84,
,1.3737,4.0916,81.86,
,1.3732,4.0926,81.88,
,1.3729,4.0935,81.9,
,1.3728,4.0945,81.92,
,1.3728,4.0954,81.94,
,1.373,4.0965,81.96,
,1.3737,4.0976,81.98,
,1.3738,4.0985,82,
,1.3733,4.0995,82.02,
,1.373,4.1006,82.04,
,1.3729,4.1016,82.06,
,1.3728,4.1026,82.08,
,1.3729,4.1036,82.1,
,1.373,4.1047,82.12,
,1.3731,4.1057,82.14,
,1.3731,4.1068,82.16,
,1.3729,4.1078,82.18,
,1.3725,4.1087,82.2,
,1.3719,4.1097,82.22,
,1.3718,4.1107,82.24,
,1.372,4.1116,82.26,
,1.3724,4.1127,82.28,
,1.3727,4.1137,82.3,
,1.3728,4.1146,82.32,
,1.3725,4.1156,82.34,
,1.3722,4.1166,82.36,
,1.3723,4.1176,82.38,
,1.3721,4.1185,82.4,
,1.3719,4.1195,82.42,
,1.3721,4.1205,82.44,
,1.3725,4.1216,82.46,
,1.3726,4.1226,82.48,
,1.3724,4.1236,82.5,
,1.372,4.1246,82.52,
,1.3714,4.1255,82.54,
,1.3712,4.1265,82.56,
,1.3715,4.1276,82.58,
,1.3718,4.1286,82.6,
,1.3718,4.1296,82.62,
,1.3717,4.1307,82.64,
,1.3716,4.1317,82.66,
,1.3713,4.1327,82.68,
,1.3709,4.1337,82.7,
,1.3707,4.1346,82.72,
,1.3704,4.1356,82.74,
,1.3706,4.1367,82.76,
,1.3711,4.1378,82.78,
,1.3713,4.1388,82.8,
,1.3707,4.1398,82.82,
,1.3702,4.1408,82.84,
,1.3698,4.1417,82.86,
,1.3697,4.1427,82.88,
,1.3699,4.1436,82.9,
,1.3701,4.1446,82.92,
,1.3702,4.1456,82.94,
,1.3704,4.1467,82.96,
,1.3705,4.1477,82.98,
,1.3702,4.1486,83,
,1.3696,4.1495,83.02,
,1.3694,4.1505,83.04,
,1.3695,4.1515,83.06,
,1.3698,4.1525,83.08,
,1.37,4.1536,83.1,
,1.3701,4.1546,83.12,
,1.3698,4.1556,83.14,
,1.3694,4.1566,83.16,
,1.3694,4.1576,83.18,
,1.3694,4.1585,83.2,
,1.3691,4.1595,83.22,
,1.3692,4.1606,83.24,
,1.3697,4.1616,83.26,
,1.37,4.1627,83.28,
,1.3699,4.1638,83.3,
,1.3694,4.1647,83.32,
,1.3688,4.1657,83.34,
,1.3686,4.1667,83.36,
,1.3689,4.1678,83.38,
,1.3694,4.1687,83.4,
,1.3693,4.1698,83.42,
,1.3694,4.1708,83.44,
,1.3692,4.1718,83.46,
,1.3688,4.1727,83.48,
,1.3685,4.1736,83.5,
,1.3685,4.1746,83.52,
,1.3685,4.1755,83.54,
,1.3688,4.1765,83.56,
,1.3693,4.1776,83.58,
,1.3697,4.1786,83.6,
,1.3694,4.1796,83.62,
,1.3689,4.1806,83.64,
,1.3687,4.1815,83.66,
,1.3685,4.1825,83.68,
,1.3684,4.1835,83.7,
,1.3686,4.1845,83.72,
,1.3688,4.1855,83.74,
,1.3688,4.1866,83.76,
,1.369,4.1877,83.78,
,1.3689,4.1886,83.8,
,1.3683,4.1895,83.82,
,1.3679,4.1906,83.84,
,1.368,4.1916,83.86,
,1.3683,4.1926,83.88,
,1.3686,4.1937,83.9,
,1.3687,4.1947,83.92,
,1.3685,4.1957,83.94,
,1.368,4.1967,83.96,
,1.3678,4.1977,83.98,
,1.3678,4.1987,84,
,1.3677,4.1997,84.02,
,1.3677,4.2007,84.04,
,1.368,4.2018,84.06,
,1.3681,4.2028,84.08,
,1.368,4.2038,84.1,
,1.3676,4.2047,84.12,
,1.3671,4.2056,84.14,
,1.3669,4.2066,84.16,
,1.3674,4.2076,84.18,
,1.3679,4.2086,84.2,
,1.3679,4.2096,84.22,
,1.3678,4.2106,84.24,
,1.3679,4.2116,84.26,
,1.3675,4.2126,84.28,
,1.3672,4.2136,84.3,
,1.3669,4.2145,84.32,
,1.3667,4.2154,84.34,
,1.3668,4.2165,84.36,
,1.3673,4.2176,84.38,
,1.3677,4.2186,84.4,
,1.3675,4.2196,84.42,
,1.367,4.2206,84.44,
,1.3666,4.2216,84.46,
,1.3663,4.2226,84.48,
,1.3662,4.2236,84.5,
,1.3664,4.2247,84.52,
,1.3665,4.2257,84.54,
,1.3665,4.2268,84.56,
,1.3665,4.2278,84.58,
,1.3664,4.2288,84.6,
,1.3658,4.2297,84.62,
,1.3652,4.2307,84.64,
,1.3651,4.2316,84.66,
,1.3654,4.2326,84.68,
,1.3657,4.2336,84.7,
,1.3659,4.2347,84.72,
,1.3659,4.2356,84.74,
,1.3655,4.2366,84.76,
,1.3653,4.2376,84.78,
,1.3653,4.2385,84.8,
,1.3651,4.2394,84.82,
,1.3649,4.2405,84.84,
,1.3651,4.2415,84.86,
,1.3655,4.2426,84.88,
,1.3655,4.2436,84.9,
,1.3653,4.2446,84.92,
,1.3647,4.2455,84.94,
,1.3642,4.2465,84.96,
,1.3641,4.2475,84.98,
,1.3646,4.2486,85,
,1.3647,4.2495,85.02,
,1.3646,4.2506,85.04,
,1.3647,4.2517,85.06,
,1.3646,4.2527,85.08,
,1.3642,4.2537,85.1,
,1.3639,4.2547,85.12,
,1.3635,4.2556,85.14,
,1.3635,4.2567,85.16,
,1.3639,4.2578,85.18,
,1.3644,4.2588,85.2,
,1.3643,4.2598,85.22,
,1.3638,4.2608,85.24,
,1.3634,4.2618,85.26,
,1.3631,4.2627,85.28,
,1.363,4.2637,85.3,
,1.3632,4.2647,85.32,
,1.3633,4.2656,85.34,
,1.3634,4.2666,85.36,
,1.3636,4.2677,85.38,
,1.3636,4.2686,85.4,
,1.3632,4.2695,85.42,
,1.3628,4.2705,85.44,
,1.3627,4.2715,85.46,
,1.3628,4.2725,85.48,
,1.3631,4.2735,85.5,
,1.3633,4.2746,85.52,
,1.3633,4.2755,85.54,
,1.3629,4.2765,85.56,
,1.3624,4.2775,85.58,
,1.3624,4.2785,85.6,
,1.3624,4.2795,85.62,
,1.3622,4.2805,85.64,
,1.3623,4.2816,85.66,
,1.3626,4.2826,85.68,
,1.3627,4.2837,85.7,
,1.3626,4.2847,85.72,
,1.362,4.2856,85.74,
,1.3614,4.2866,85.76,
,1.3614,4.2877,85.78,
,1.3617,4.2887,85.8,
,1.3619,4.2897,85.82,
,1.3618,4.2907,85.84,
,1.3617,4.2917,85.86,
,1.3615,4.2927,85.88,
,1.3612,4.2936,85.9,
,1.3608,4.2946,85.92,
,1.3607,4.2955,85.94,
,1.3608,4.2965,85.96,
,1.361,4.2975,85.98,
,1.3615,4.2986,86,
,1.3616,4.2996,86.02,
,1.3612,4.3006,86.04,
,1.3608,4.3016,86.06,
,1.3605,4.3025,86.08,
,1.3603,4.3035,86.1,
,1.3603,4.3046,86.12,
,1.3604,4.3056,86.14,
,1.3603,4.3066,86.16,
,1.3602,4.3077,86.18,
,1.3602,4.3087,86.2,
,1.36,4.3096,86.22,
,1.3594,4.3105,86.24,
,1.3592,4.3116,86.26,
,1.3594,4.3126,86.28,
,1.3598,4.3136,86.3,
,1.36,4.3147,86.32,
,1.36,4.3157,86.34,
,1.3595,4.3167,86.36,
,1.359,4.3178,86.38,
,1.3588,4.3187,86.4,
,1.3586,4.3197,86.42,
,1.3584,4.3207,86.44,
,1.3585,4.3217,86.46,
,1.3589,4.3228,86.48,
,1.3591,4.3238,86.5,
,1.3588,4.3247,86.52,
,1.3582,4.3256,86.54,
,1.3577,4.3266,86.56,
,1.3576,4.3276,86.58,
,1.358,4.3286,86.6,
,1.3582,4.3295,86.62,
,1.3582,4.3306,86.64,
,1.3583,4.3316,86.66,
,1.3583,4.3326,86.68,
,1.3578,4.3335,86.7,
,1.3574,4.3345,86.72,
,1.3571,4.3355,86.74,
,1.3571,4.3364,86.76,
,1.3571,4.3375,86.78,
,1.3575,4.3386,86.8,
,1.3577,4.3396,86.82,
,1.3573,4.3406,86.84,
,1.3568,4.3416,86.86,
,1.3566,4.3426,86.88,
,1.3564,4.3436,86.9,
,1.3565,4.3447,86.92,
,1.3566,4.3457,86.94,
,1.3566,4.3467,86.96,
,1.3566,4.3478,86.98,
,1.3566,4.3488,87,
,1.3561,4.3498,87.02,
,1.3555,4.3507,87.04,
,1.3552,4.3517,87.06,
,1.3552,4.3527,87.08,
,1.3554,4.3537,87.1,
,1.3557,4.3547,87.12,
,1.3557,4.3556,87.14,
,1.3555,4.3566,87.16,
,1.3552,4.3576,87.18,
,1.3552,4.3586,87.2,
,1.3552,4.3595,87.22,
,1.3549,4.3604,87.24,
,1.3548,4.3615,87.26,
,1.3551,4.3626,87.28,
,1.3553,4.3636,87.3,
,1.3551,4.3646,87.32,
,1.3546,4.3656,87.34,
,1.3539,4.3665,87.36,
,1.3535,4.3675,87.38,
,1.3537,4.3686,87.4,
,1.354,4.3695,87.42,
,1.354,4.3706,87.44,
,1.3541,4.3717,87.46,
,1.3541,4.3727,87.48,
,1.3537,4.3736,87.5,
,1.3532,4.3746,87.52,
,1.353,4.3756,87.54,
,1.3528,4.3766,87.56,
,1.3529,4.3777,87.58,
,1.3533,4.3788,87.6,
,1.3534,4.3798,87.62,
,1.3529,4.3807,87.64,
,1.3523,4.3817,87.66,
,1.352,4.3827,87.68,
,1.3519,4.3836,87.7,
,1.3519,4.3846,87.72,
,1.3521,4.3856,87.74,
,1.3523,4.3866,87.76,
,1.3523,4.3877,87.78,
,1.3522,4.3887,87.8,
,1.3519,4.3896,87.82,
,1.3512,4.3905,87.84,
,1.3509,4.3915,87.86,
,1.351,4.3925,87.88,
,1.3512,4.3935,87.9,
,1.3515,4.3946,87.92,
,1.3515,4.3956,87.94,
,1.3511,4.3966,87.96,
,1.3506,4.3976,87.98,
,1.3504,4.3986,88,
,1.3503,4.3995,88.02,
,1.3501,4.4005,88.04,
,1.3501,4.4016,88.06,
,1.3504,4.4027,88.08,
,1.3506,4.4038,88.1,
,1.3503,4.4048,88.12,
,1.3497,4.4057,88.14,
,1.3491,4.4066,88.16,
,1.3486,4.4077,88.18,
,1.3489,4.4087,88.2,
,1.3493,4.4097,88.22,
,1.3493,4.4107,88.24,
,1.3492,4.4118,88.26,
,1.3491,4.4127,88.28,
,1.3486,4.4136,88.3,
,1.3481,4.4146,88.32,
,1.3479,4.4155,88.34,
,1.348,4.4165,88.36,
,1.348,4.4175,88.38,
,1.3483,4.4186,88.4,
,1.3487,4.4196,88.42,
,1.3485,4.4206,88.44,
,1.3478,4.4216,88.46,
,1.3472,4.4225,88.48,
,1.347,4.4235,88.5,
,1.347,4.4245,88.52,
,1.3472,4.4255,88.54,
,1.3473,4.4265,88.56,
,1.3472,4.4276,88.58,
,1.3472,4.4287,88.6,
,1.3469,4.4296,88.62,
,1.3462,4.4305,88.64,
,1.3455,4.4315,88.66,
,1.3455,4.4325,88.68,
,1.3458,4.4336,88.7,
,1.3462,4.4347,88.72,
,1.3464,4.4357,88.74,
,1.3461,4.4367,88.76,
,1.3455,4.4377,88.78,
,1.3452,4.4388,88.8,
,1.345,4.4397,88.82,
,1.3447,4.4407,88.84,
,1.3445,4.4418,88.86,
,1.3446,4.4428,88.88,
,1.3448,4.4438,88.9,
,1.3447,4.4448,88.92,
,1.3443,4.4457,88.94,
,1.3437,4.4466,88.96,
,1.3434,4.4476,88.98,
,1.3434,4.4486,89,
,1.3438,4.4496,89.02,
,1.3438,4.4505,89.04,
,1.3438,4.4516,89.06,
,1.3438,4.4526,89.08,
,1.3435,4.4536,89.1,
,1.3431,4.4546,89.12,
,1.3427,4.4555,89.14,
,1.3424,4.4565,89.16,
,1.3422,4.4575,89.18,
,1.3423,4.4586,89.2,
,1.3426,4.4596,89.22,
,1.3426,4.4606,89.24,
,1.3422,4.4616,89.26,
,1.3418,4.4626,89.28,
,1.3415,4.4636,89.3,
,1.3412,4.4646,89.32,
,1.3413,4.4657,89.34,
,1.3413,4.4667,89.36,
,1.341,4.4677,89.38,
,1.3408,4.4688,89.4,
,1.3408,4.4698,89.42,
,1.3402,4.4707,89.44,
,1.3396,4.4717,89.46,
,1.3396,4.4727,89.48,
,1.3397,4.4737,89.5,
,1.3399,4.4747,89.52,
,1.3399,4.4757,89.54,
,1.3396,4.4766,89.56,
,1.3392,4.4776,89.58,
,1.3392,4.4786,89.6,
,1.3393,4.4795,89.62,
,1.3391,4.4805,89.64,
,1.3388,4.4815,89.66,
,1.3388,4.4826,89.68,
,1.339,4.4837,89.7,
,1.3387,4.4846,89.72,
,1.3381,4.4856,89.74,
,1.3374,4.4865,89.76,
,1.3369,4.4875,89.78,
,1.337,4.4885,89.8,
,1.3375,4.4896,89.82,
,1.3376,4.4906,89.84,
,1.3375,4.4916,89.86,
,1.3374,4.4927,89.88,
,1.337,4.4937,89.9,
,1.3363,4.4947,89.92,
,1.3358,4.4956,89.94,
,1.3354,4.4966,89.96,
,1.3352,4.4976,89.98,
,1.3356,4.4988,90,
,1.336,4.4998,90.02,
,1.336,4.5008,90.04,
,1.3354,4.5018,90.06,
,1.3347,4.5027,90.08,
,1.334,4.5037,90.1,
,1.3338,4.5046,90.12,
,1.3339,4.5056,90.14,
,1.3341,4.5066,90.16,
,1.3342,4.5076,90.18,
,1.3344,4.5087,90.2,
,1.3345,4.5097,90.22,
,1.3339,4.5106,90.24,
,1.3331,4.5115,90.26,
,1.3326,4.5125,90.28,
,1.3325,4.5135,90.3,
,1.3327,4.5145,90.32,
,1.3329,4.5156,90.34,
,1.3329,4.5166,90.36,
,1.3325,4.5176,90.38,
,1.3321,4.5186,90.4,
,1.3318,4.5196,90.42,
,1.3313,4.5205,90.44,
,1.3309,4.5215,90.46,
,1.3308,4.5226,90.48,
,1.3311,4.5236,90.5,
,1.3314,4.5247,90.52,
,1.3311,4.5258,90.54,
,1.3305,4.5267,90.56,
,1.3299,4.5277,90.58,
,1.3295,4.5288,90.6,
,1.3296,4.5298,90.62,
,1.3295,4.5307,90.64,
,1.3292,4.5318,90.66,
,1.3291,4.5328,90.68,
,1.3289,4.5337,90.7,
,1.3286,4.5347,90.72,
,1.3282,4.5356,90.74,
,1.328,4.5366,90.76,
,1.3277,4.5375,90.78,
,1.3277,4.5385,90.8,
,1.3279,4.5396,90.82,
,1.328,4.5406,90.84,
,1.3277,4.5416,90.86,
,1.3273,4.5426,90.88,
,1.3269,4.5435,90.9,
,1.3265,4.5445,90.92,
,1.3263,4.5456,90.94,
,1.3261,4.5466,90.96,
,1.3259,4.5475,90.98,
,1.3257,4.5486,91,
,1.3258,4.5496,91.02,
,1.3255,4.5506,91.04,
,1.3248,4.5515,91.06,
,1.3245,4.5526,91.08,
,1.3245,4.5536,91.1,
,1.3246,4.5547,91.12,
,1.3246,4.5557,91.14,
,1.3242,4.5567,91.16,
,1.3236,4.5577,91.18,
,1.3231,4.5587,91.2,
,1.323,4.5597,91.22,
,1.3228,4.5607,91.24,
,1.3225,4.5617,91.26,
,1.3224,4.5628,91.28,
,1.3225,4.5638,91.3,
,1.3223,4.5648,91.32,
,1.3218,4.5657,91.34,
,1.3211,4.5666,91.36,
,1.3207,4.5675,91.38,
,1.3206,4.5686,91.4,
,1.3208,4.5696,91.42,
,1.321,4.5706,91.44,
,1.3208,4.5716,91.46,
,1.3208,4.5727,91.48,
,1.3204,4.5736,91.5,
,1.3197,4.5746,91.52,
,1.319,4.5755,91.54,
,1.3186,4.5765,91.56,
,1.3185,4.5774,91.58,
,1.3185,4.5785,91.6,
,1.319,4.5796,91.62,
,1.3192,4.5806,91.64,
,1.3187,4.5816,91.66,
,1.3179,4.5826,91.68,
,1.3172,4.5836,91.7,
,1.3167,4.5846,91.72,
,1.3167,4.5857,91.74,
,1.3168,4.5867,91.76,
,1.3166,4.5878,91.78,
,1.3164,4.5889,91.8,
,1.3163,4.5899,91.82,
,1.3156,4.5908,91.84,
,1.3146,4.5917,91.86,
,1.314,4.5926,91.88,
,1.3139,4.5936,91.9,
,1.3141,4.5946,91.92,
,1.3145,4.5957,91.94,
,1.3147,4.5966,91.96,
,1.3142,4.5976,91.98,
,1.3135,4.5986,92,
,1.3133,4.5996,92.02,
,1.313,4.6005,92.04,
,1.3125,4.6014,92.06,
,1.3123,4.6025,92.08,
,1.3125,4.6036,92.1,
,1.3126,4.6046,92.12,
,1.3123,4.6056,92.14,
,1.3117,4.6066,92.16,
,1.3109,4.6075,92.18,
,1.3103,4.6086,92.2,
,1.3101,4.6096,92.22,
,1.31,4.6105,92.24,
,1.3099,4.6116,92.26,
,1.3097,4.6127,92.28,
,1.3096,4.6137,92.3,
,1.3093,4.6147,92.32,
,1.3087,4.6157,92.34,
,1.3083,4.6167,92.36,
,1.3077,4.6176,92.38,
,1.3074,4.6187,92.4,
,1.3076,4.6198,92.42,
,1.3076,4.6208,92.44,
,1.307,4.6218,92.46,
,1.3064,4.6228,92.48,
,1.3059,4.6237,92.5,
,1.3054,4.6247,92.52,
,1.3052,4.6257,92.54,
,1.3051,4.6267,92.56,
,1.305,4.6276,92.58,
,1.3047,4.6287,92.6,
,1.3048,4.6297,92.62,
,1.3045,4.6306,92.64,
,1.3037,4.6315,92.66,
,1.3031,4.6325,92.68,
,1.3031,4.6335,92.7,
,1.3031,4.6346,92.72,
,1.3031,4.6356,92.74,
,1.3029,4.6366,92.76,
,1.3022,4.6376,92.78,
,1.3015,4.6386,92.8,
,1.3012,4.6396,92.82,
,1.301,4.6405,92.84,
,1.3005,4.6415,92.86,
,1.3002,4.6426,92.88,
,1.3003,4.6437,92.9,
,1.3003,4.6447,92.92,
,1.2999,4.6457,92.94,
,1.2992,4.6467,92.96,
,1.2983,4.6476,92.98,
,1.2977,4.6487,93,
,1.2976,4.6497,93.02,
,1.2977,4.6507,93.04,
,1.2974,4.6518,93.06,
,1.2972,4.6528,93.08,
,1.2969,4.6538,93.1,
,1.2962,4.6547,93.12,
,1.2954,4.6556,93.14,
,1.2948,4.6566,93.16,
,1.2947,4.6575,93.18,
,1.2946,4.6585,93.2,
,1.2948,4.6596,93.22,
,1.295,4.6606,93.24,
,1.2946,4.6616,93.26,
,1.2939,4.6626,93.28,
,1.2932,4.6636,93.3,
,1.2923,4.6645,93.32,
,1.2918,4.6656,93.34,
,1.2916,4.6666,93.36,
,1.2916,4.6676,93.38,
,1.2914,4.6686,93.4,
,1.2914,4.6697,93.42,
,1.2909,4.6707,93.44,
,1.29,4.6716,93.46,
,1.2891,4.6726,93.48,
,1.2888,4.6735,93.5,
,1.2888,4.6746,93.52,
,1.2889,4.6757,93.54,
,1.289,4.6767,93.56,
,1.2885,4.6777,93.58,
,1.2877,4.6787,93.6,
,1.2871,4.6798,93.62,
,1.2866,4.6807,93.64,
,1.286,4.6817,93.66,
,1.2854,4.6827,93.68,
,1.2853,4.6837,93.7,
,1.2853,4.6848,93.72,
,1.285,4.6858,93.74,
,1.2845,4.6867,93.76,
,1.2837,4.6876,93.78,
,1.2831,4.6886,93.8,
,1.2828,4.6896,93.82,
,1.2828,4.6906,93.84,
,1.2825,4.6915,93.86,
,1.282,4.6926,93.88,
,1.2819,4.6936,93.9,
,1.2816,4.6946,93.92,
,1.2808,4.6955,93.94,
,1.2801,4.6965,93.96,
,1.2797,4.6975,93.98,
,1.2792,4.6985,94,
,1.2791,4.6996,94.02,
,1.2792,4.7006,94.04,
,1.2788,4.7016,94.06,
,1.2781,4.7026,94.08,
,1.2773,4.7036,94.1,
,1.2766,4.7046,94.12,
,1.2763,4.7056,94.14,
,1.2761,4.7067,94.16,
,1.2759,4.7077,94.18,
,1.2754,4.7088,94.2,
,1.2748,4.7099,94.22,
,1.2743,4.7108,94.24,
,1.2735,4.7117,94.26,
,1.2727,4.7127,94.28,
,1.2724,4.7136,94.3,
,1.2721,4.7146,94.32,
,1.272,4.7157,94.34,
,1.272,4.7167,94.36,
,1.2716,4.7177,94.38,
,1.2707,4.7186,94.4,
,1.2699,4.7196,94.42,
,1.2694,4.7205,94.44,
,1.2691,4.7215,94.46,
,1.2686,4.7225,94.48,
,1.2684,4.7236,94.5,
,1.2684,4.7246,94.52,
,1.2681,4.7257,94.54,
,1.2672,4.7266,94.56,
,1.2661,4.7275,94.58,
,1.265,4.7285,94.6,
,1.2646,4.7295,94.62,
,1.2647,4.7305,94.64,
,1.2647,4.7315,94.66,
,1.2644,4.7326,94.68,
,1.2641,4.7337,94.7,
,1.2636,4.7347,94.72,
,1.2626,4.7357,94.74,
,1.2615,4.7367,94.76,
,1.2607,4.7376,94.78,
,1.2601,4.7386,94.8,
,1.26,4.7398,94.82,
,1.2602,4.7408,94.84,
,1.2598,4.7418,94.86,
,1.2589,4.7428,94.88,
,1.258,4.7437,94.9,
,1.2571,4.7447,94.92,
,1.2565,4.7457,94.94,
,1.2563,4.7467,94.96,
,1.2561,4.7476,94.98,
,1.2558,4.7486,95,
,1.2553,4.7497,95.02,
,1.2551,4.7507,95.04,
,1.2543,4.7516,95.06,
,1.2532,4.7526,95.08,
,1.2525,4.7535,95.1,
,1.2522,4.7545,95.12,
,1.2519,4.7556,95.14,
,1.2517,4.7566,95.16,
,1.2512,4.7576,95.18,
,1.2503,4.7586,95.2,
,1.2495,4.7596,95.22,
,1.249,4.7606,95.24,
,1.2484,4.7615,95.26,
,1.2476,4.7625,95.28,
,1.2472,4.7636,95.3,
,1.2471,4.7647,95.32,
,1.2468,4.7657,95.34,
,1.246,4.7667,95.36,
,1.245,4.7677,95.38,
,1.2439,4.7686,95.4,
,1.2433,4.7697,95.42,
,1.2431,4.7707,95.44,
,1.2426,4.7717,95.46,
,1.2419,4.7728,95.48,
,1.2413,4.7738,95.5,
,1.2408,4.7747,95.52,
,1.2399,4.7756,95.54,
,1.2392,4.7766,95.56,
,1.2386,4.7775,95.58,
,1.238,4.7785,95.6,
,1.2378,4.7796,95.62,
,1.2377,4.7806,95.64,
,1.2371,4.7816,95.66,
,1.2361,4.7826,95.68,
,1.2351,4.7836,95.7,
,1.2343,4.7845,95.72,
,1.2337,4.7855,95.74,
,1.2332,4.7865,95.76,
,1.2329,4.7875,95.78,
,1.2324,4.7886,95.8,
,1.2318,4.7897,95.82,
,1.2311,4.7907,95.84,
,1.23,4.7916,95.86,
,1.2287,4.7926,95.88,
,1.2279,4.7936,95.9,
,1.2276,4.7946,95.92,
,1.2273,4.7957,95.94,
,1.2271,4.7968,95.96,
,1.2265,4.7978,95.98,
,1.2254,4.7987,96,
,1.2242,4.7998,96.02,
,1.2235,4.8008,96.04,
,1.2228,4.8017,96.06,
,1.2219,4.8027,96.08,
,1.2215,4.8037,96.1,
,1.2213,4.8048,96.12,
,1.2207,4.8058,96.14,
,1.2198,4.8068,96.16,
,1.2187,4.8077,96.18,
,1.2175,4.8086,96.2,
,1.2168,4.8096,96.22,
,1.2165,4.8106,96.24,
,1.2161,4.8116,96.26,
,1.2155,4.8126,96.28,
,1.2149,4.8136,96.3,
,1.2143,4.8146,96.32,
,1.2132,4.8155,96.34,
,1.2121,4.8165,96.36,
,1.2112,4.8175,96.38,
,1.2105,4.8184,96.4,
,1.2098,4.8195,96.42,
,1.2096,4.8206,96.44,
,1.2091,4.8216,96.46,
,1.208,4.8226,96.48,
,1.2069,4.8236,96.5,
,1.2059,4.8246,96.52,
,1.2051,4.8256,96.54,
,1.2044,4.8267,96.56,
,1.2038,4.8277,96.58,
,1.203,4.8287,96.6,
,1.2023,4.8298,96.62,
,1.2015,4.8308,96.64,
,1.2004,4.8317,96.66,
,1.199,4.8327,96.68,
,1.1979,4.8337,96.7,
,1.1974,4.8346,96.72,
,1.1969,4.8357,96.74,
,1.1965,4.8367,96.76,
,1.1958,4.8377,96.78,
,1.1947,4.8386,96.8,
,1.1935,4.8396,96.82,
,1.1927,4.8406,96.84,
,1.192,4.8415,96.86,
,1.1911,4.8425,96.88,
,1.1903,4.8435,96.9,
,1.1898,4.8446,96.92,
,1.1891,4.8457,96.94,
,1.188,4.8467,96.96,
,1.1866,4.8476,96.98,
,1.1853,4.8485,97,
,1.1843,4.8495,97.02,
,1.1838,4.8506,97.04,
,1.1833,4.8516,97.06,
,1.1824,4.8526,97.08,
,1.1816,4.8537,97.1,
,1.1806,4.8547,97.12,
,1.1795,4.8557,97.14,
,1.1782,4.8567,97.16,
,1.1772,4.8576,97.18,
,1.1761,4.8586,97.2,
,1.1753,4.8597,97.22,
,1.1748,4.8608,97.24,
,1.1742,4.8618,97.26,
,1.1727,4.8628,97.28,
,1.1712,4.8638,97.3,
,1.17,4.8647,97.32,
,1.1689,4.8656,97.34,
,1.168,4.8666,97.36,
,1.1674,4.8676,97.38,
,1.1668,4.8686,97.4,
,1.1659,4.8697,97.42,
,1.1649,4.8707,97.44,
,1.1636,4.8716,97.46,
,1.1622,4.8725,97.48,
,1.1609,4.8735,97.5,
,1.1601,4.8745,97.52,
,1.1595,4.8755,97.54,
,1.1587,4.8765,97.56,
,1.1579,4.8776,97.58,
,1.1566,4.8786,97.6,
,1.1551,4.8796,97.62,
,1.1539,4.8806,97.64,
,1.1528,4.8816,97.66,
,1.1516,4.8825,97.68,
,1.1506,4.8836,97.7,
,1.1499,4.8847,97.72,
,1.1491,4.8857,97.74,
,1.1477,4.8868,97.76,
,1.146,4.8878,97.78,
,1.1443,4.8887,97.8,
,1.143,4.8897,97.82,
,1.1422,4.8908,97.84,
,1.1415,4.8917,97.86,
,1.1403,4.8927,97.88,
,1.139,4.8938,97.9,
,1.138,4.8947,97.92,
,1.1365,4.8957,97.94,
,1.135,4.8966,97.96,
,1.1339,4.8976,97.98,
,1.1327,4.8985,98,
,1.1317,4.8995,98.02,
,1.1309,4.9006,98.04,
,1.1301,4.9016,98.06,
,1.1286,4.9026,98.08,
,1.1269,4.9036,98.1,
,1.1252,4.9046,98.12,
,1.1238,4.9055,98.14,
,1.1226,4.9065,98.16,
,1.1214,4.9076,98.18,
,1.1202,4.9085,98.2,
,1.119,4.9096,98.22,
,1.1178,4.9107,98.24,
,1.1164,4.9116,98.26,
,1.1146,4.9125,98.28,
,1.1129,4.9135,98.3,
,1.1115,4.9146,98.32,
,1.1105,4.9156,98.34,
,1.1093,4.9167,98.36,
,1.108,4.9177,98.38,
,1.1062,4.9187,98.4,
,1.1042,4.9197,98.42,
,1.1026,4.9208,98.44,
,1.1013,4.9217,98.46,
,1.0998,4.9227,98.48,
,1.0982,4.9237,98.5,
,1.0968,4.9248,98.52,
,1.0953,4.9258,98.54,
,1.0936,4.9268,98.56,
,1.0917,4.9277,98.58,
,1.0897,4.9286,98.6,
,1.088,4.9296,98.62,
,1.0867,4.9306,98.64,
,1.0855,4.9316,98.66,
,1.0839,4.9326,98.68,
,1.082,4.9336,98.7,
,1.0801,4.9347,98.72,
,1.078,4.9356,98.74,
,1.0757,4.9366,98.76,
,1.0736,4.9375,98.78,
,1.0717,4.9385,98.8,
,1.0697,4.9395,98.82,
,1.0679,4.9406,98.84,
,1.0659,4.9416,98.86,
,1.0632,4.9426,98.88,
,1.0599,4.9436,98.9,
,1.0568,4.9446,98.92,
,1.0536,4.9456,98.94,
,1.05,4.9466,98.96,
,1.0453,4.9477,98.98,
,1.0383,4.9487,99,
,0.6019,4.9501,99.02,
,0.506,4.9503,99.023,
4,Force,Displacement,Time,
,(kN),(mm),(s),
,0.0028,0,0,
,0.0028,0.0002,0.02,
,0.0045,0.0007,0.04,
,0.0106,0.0016,0.06,
,0.0222,0.0027,0.08,
,0.0368,0.0037,0.1,
,0.0509,0.0046,0.12,
,0.0639,0.0056,0.14,
,0.0771,0.0066,0.16,
,0.0906,0.0077,0.18,
,0.1046,0.0088,0.2,
,0.1192,0.0099,0.22,
,0.1336,0.0109,0.24,
,0.1468,0.0118,0.26,
,0.1592,0.0128,0.28,
,0.1719,0.0138,0.3,
,0.1842,0.0147,0.32,
,0.1962,0.0158,0.34,
,0.2088,0.0168,0.36,
,0.2216,0.0179,0.38,
,0.2343,0.0189,0.4,
,0.2462,0.0198,0.42,
,0.2571,0.0206,0.44,
,0.2673,0.0215,0.46,
,0.2778,0.0225,0.48,
,0.2891,0.0235,0.5,
,0.3006,0.0245,0.52,
,0.3119,0.0256,0.54,
,0.3236,0.0266,0.56,
,0.3351,0.0276,0.58,
,0.346,0.0286,0.6,
,0.3561,0.0295,0.62,
,0.3658,0.0305,0.64,
,0.3752,0.0314,0.66,
,0.3849,0.0325,0.68,
,0.3956,0.0336,0.7,
,0.4064,0.0346,0.72,
,0.4164,0.0356,0.74,
,0.4257,0.0366,0.76,
,0.4346,0.0376,0.78,
,0.4432,0.0386,0.8,
,0.4521,0.0396,0.82,
,0.4614,0.0406,0.84,
,0.4706,0.0417,0.86,
,0.48,0.0428,0.88,
,0.4894,0.0439,0.9,
,0.498,0.0447,0.92,
,0.5057,0.0457,0.94,
,0.5131,0.0466,0.96,
,0.5209,0.0476,0.98,
,0.5289,0.0486,1,
,0.5372,0.0496,1.02,
,0.5456,0.0506,1.04,
,0.5536,0.0516,1.06,
,0.5613,0.0526,1.08,
,0.5692,0.0536,1.1,
,0.5769,0.0545,1.12,
,0.5838,0.0554,1.14,
,0.591,0.0565,1.16,
,0.599,0.0575,1.18,
,0.6073,0.0586,1.2,
,0.6154,0.0596,1.22,
,0.6233,0.0606,1.24,
,0.6306,0.0615,1.26,
,0.6376,0.0626,1.28,
,0.6451,0.0636,1.3,
,0.6525,0.0645,1.32,
,0.6596,0.0655,1.34,
,0.6669,0.0666,1.36,
,0.6746,0.0676,1.38,
,0.682,0.0686,1.4,
,0.6892,0.0697,1.42,
,0.6962,0.0706,1.44,
,0.703,0.0716,1.46,
,0.7099,0.0727,1.48,
,0.7174,0.0738,1.5,
,0.7247,0.0747,1.52,
,0.7311,0.0757,1.54,
,0.7374,0.0767,1.56,
,0.7438,0.0776,1.58,
,0.7501,0.0786,1.6,
,0.7566,0.0796,1.62,
,0.7632,0.0806,1.64,
,0.7696,0.0816,1.66,
,0.7761,0.0827,1.68,
,0.7826,0.0837,1.7,
,0.7886,0.0846,1.72,
,0.7939,0.0855,1.74,
,0.7994,0.0865,1.76,
,0.8053,0.0875,1.78,
,0.8113,0.0886,1.8,
,0.8174,0.0896,1.82,
,0.8235,0.0906,1.84,
,0.8289,0.0916,1.86,
,0.8341,0.0925,1.88,
,0.8394,0.0936,1.9,
,0.845,0.0945,1.92,
,0.8503,0.0955,1.94,
,0.8558,0.0966,1.96,
,0.862,0.0977,1.98,
,0.8684,0.0987,2,
,0.8742,0.0998,2.02,
,0.8795,0.1007,2.04,
,0.8844,0.1017,2.06,
,0.8891,0.1027,2.08,
,0.8946,0.1038,2.1,
,0.9005,0.1047,2.12,
,0.906,0.1058,2.14,
,0.9115,0.1068,2.16,
,0.9169,0.1078,2.18,
,0.9217,0.1087,2.2,
,0.9264,0.1096,2.22,
,0.9312,0.1105,2.24,
,0.936,0.1114,2.26,
,0.941,0.1125,2.28,
,0.9468,0.1136,2.3,
,0.9529,0.1146,2.32,
,0.9584,0.1156,2.34,
,0.9633,0.1166,2.36,
,0.9681,0.1175,2.38,
,0.9727,0.1185,2.4,
,0.9776,0.1195,2.42,
,0.983,0.1205,2.44,
,0.9885,0.1215,2.46,
,0.9938,0.1226,2.48,
,0.9994,0.1237,2.5,
,1.0049,0.1246,2.52,
,1.0096,0.1256,2.54,
,1.0137,0.1265,2.56,
,1.0183,0.1275,2.58,
,1.0234,0.1286,2.6,
,1.029,0.1297,2.62,
,1.0349,0.1307,2.64,
,1.0402,0.1317,2.66,
,1.0449,0.1327,2.68,
,1.0497,0.1338,2.7,
,1.0546,0.1347,2.72,
,1.0588,0.1356,2.74,
,1.0632,0.1367,2.76,
,1.0684,0.1377,2.78,
,1.0736,0.1387,2.8,
,1.0787,0.1397,2.82,
,1.0834,0.1407,2.84,
,1.0876,0.1416,2.86,
,1.0917,0.1426,2.88,
,1.0962,0.1435,2.9,
,1.1011,0.1445,2.92,
,1.1058,0.1455,2.94,
,1.1106,0.1466,2.96,
,1.1158,0.1476,2.98,
,1.1209,0.1485,3,
,1.1253,0.1495,3.02,
,1.1296,0.1505,3.04,
,1.134,0.1515,3.06,
,1.1384,0.1524,3.08,
,1.1433,0.1535,3.1,
,1.1488,0.1546,3.12,
,1.1537,0.1556,3.14,
,1.1581,0.1566,3.16,
,1.1626,0.1576,3.18,
,1.1671,0.1586,3.2,
,1.1718,0.1596,3.22,
,1.1766,0.1607,3.24,
,1.1812,0.1617,3.26,
,1.1857,0.1627,3.28,
,1.1905,0.1638,3.3,
,1.1955,0.1648,3.32,
,1.1997,0.1657,3.34,
,1.2035,0.1667,3.36,
,1.2076,0.1676,3.38,
,1.2121,0.1686,3.4,
,1.2168,0.1697,3.42,
,1.2216,0.1706,3.44,
,1.2259,0.1716,3.46,
,1.2298,0.1726,3.48,
,1.2342,0.1736,3.5,
,1.2388,0.1746,3.52,
,1.2431,0.1755,3.54,
,1.2471,0.1765,3.56,
,1.2518,0.1776,3.58,
,1.2569,0.1786,3.6,
,1.2618,0.1797,3.62,
,1.2661,0.1806,3.64,
,1.2699,0.1816,3.66,
,1.2736,0.1825,3.68,
,1.2778,0.1836,3.7,
,1.2826,0.1846,3.72,
,1.2874,0.1856,3.74,
,1.2919,0.1866,3.76,
,1.2966,0.1877,3.78,
,1.3011,0.1886,3.8,
,1.3051,0.1896,3.82,
,1.3091,0.1906,3.84,
,1.3134,0.1916,3.86,
,1.3176,0.1926,3.88,
,1.3221,0.1937,3.9,
,1.3272,0.1948,3.92,
,1.332,0.1958,3.94,
,1.336,0.1968,3.96,
,1.3398,0.1977,3.98,
,1.3433,0.1986,4,
,1.3471,0.1996,4.02,
,1.3513,0.2006,4.04,
,1.3559,0.2016,4.06,
,1.3602,0.2026,4.08,
,1.3646,0.2037,4.1,
,1.3693,0.2047,4.12,
,1.3732,0.2056,4.14,
,1.3767,0.2065,4.16,
,1.3805,0.2075,4.18,
,1.3846,0.2085,4.2,
,1.389,0.2095,4.22,
,1.3937,0.2106,4.24,
,1.3984,0.2115,4.26,
,1.4024,0.2125,4.28,
,1.4063,0.2136,4.3,
,1.4106,0.2146,4.32,
,1.4146,0.2155,4.34,
,1.4182,0.2165,4.36,
,1.4223,0.2176,4.38,
,1.4272,0.2187,4.4,
,1.4322,0.2197,4.42,
,1.4368,0.2208,4.44,
,1.4408,0.2217,4.46,
,1.4442,0.2227,4.48,
,1.448,0.2237,4.5,
,1.4525,0.2248,4.52,
,1.4567,0.2257,4.54,
,1.4607,0.2268,4.56,
,1.465,0.2278,4.58,
,1.4691,0.2287,4.6,
,1.4728,0.2297,4.62,
,1.4766,0.2306,4.64,
,1.4804,0.2315,4.66,
,1.4841,0.2325,4.68,
,1.4882,0.2335,4.7,
,1.4927,0.2346,4.72,
,1.4975,0.2356,4.74,
,1.5016,0.2366,4.76,
,1.5054,0.2375,4.78,
,1.5093,0.2385,4.8,
,1.5133,0.2395,4.82,
,1.5174,0.2405,4.84,
,1.5218,0.2415,4.86,
,1.5259,0.2425,4.88,
,1.5302,0.2436,4.9,
,1.5348,0.2446,4.92,
,1.539,0.2455,4.94,
,1.5425,0.2465,4.96,
,1.5461,0.2475,4.98,
,1.5502,0.2485,5,
,1.5547,0.2496,5.02,
,1.5596,0.2507,5.04,
,1.5643,0.2517,5.06,
,1.5682,0.2526,5.08,
,1.5719,0.2537,5.1,
,1.5762,0.2547,5.12,
,1.5803,0.2556,5.14,
,1.5838,0.2566,5.16,
,1.5877,0.2577,5.18,
,1.5922,0.2587,5.2,
,1.5966,0.2597,5.22,
,1.6007,0.2607,5.24,
,1.6045,0.2616,5.26,
,1.6079,0.2625,5.28,
,1.6116,0.2636,5.3,
,1.6159,0.2646,5.32,
,1.6204,0.2655,5.34,
,1.6246,0.2666,5.36,
,1.6291,0.2676,5.38,
,1.6336,0.2686,5.4,
,1.6375,0.2696,5.42,
,1.6412,0.2705,5.44,
,1.645,0.2715,5.46,
,1.6488,0.2724,5.48,
,1.6529,0.2735,5.5,
,1.6579,0.2746,5.52,
,1.663,0.2756,5.54,
,1.6673,0.2766,5.56,
,1.6714,0.2776,5.58,
,1.6755,0.2786,5.6,
,1.6794,0.2796,5.62,
,1.6835,0.2807,5.64,
,1.688,0.2817,5.66,
,1.6923,0.2827,5.68,
,1.6967,0.2838,5.7,
,1.7015,0.2848,5.72,
,1.7056,0.2857,5.74,
,1.7089,0.2867,5.76,
,1.7124,0.2876,5.78,
,1.7162,0.2886,5.8,
,1.7204,0.2896,5.82,
,1.7249,0.2906,5.84,
,1.7294,0.2916,5.86,
,1.7335,0.2926,5.88,
,1.7373,0.2936,5.9,
,1.7414,0.2946,5.92,
,1.7455,0.2955,5.94,
,1.7491,0.2964,5.96,
,1.753,0.2975,5.98,
,1.7577,0.2985,6,
,1.7625,0.2996,6.02,
,1.7671,0.3006,6.04,
,1.7711,0.3016,6.06,
,1.7746,0.3025,6.08,
,1.7782,0.3035,6.1,
,1.7824,0.3046,6.12,
,1.7871,0.3056,6.14,
,1.7913,0.3066,6.16,
,1.7956,0.3077,6.18,
,1.8003,0.3087,6.2,
,1.8046,0.3097,6.22,
,1.8086,0.3107,6.24,
,1.8126,0.3117,6.26,
,1.8165,0.3126,6.28,
,1.8205,0.3137,6.3,
,1.8253,0.3148,6.32,
,1.8302,0.3158,6.34,
,1.8343,0.3168,6.36,
,1.8381,0.3178,6.38,
,1.8419,0.3187,6.4,
,1.8455,0.3197,6.42,
,1.8493,0.3207,6.44,
,1.8536,0.3216,6.46,
,1.858,0.3226,6.48,
,1.8622,0.3237,6.5,
,1.8668,0.3247,6.52,
,1.8711,0.3256,6.54,
,1.8748,0.3265,6.56,
,1.8783,0.3275,6.58,
,1.8823,0.3285,6.6,
,1.8866,0.3295,6.62,
,1.8912,0.3306,6.64,
,1.8958,0.3316,6.66,
,1.9001,0.3325,6.68,
,1.9038,0.3335,6.7,
,1.9078,0.3345,6.72,
,1.9119,0.3355,6.74,
,1.9158,0.3364,6.76,
,1.9199,0.3375,6.78,
,1.9245,0.3386,6.8,
,1.9296,0.3397,6.82,
,1.9345,0.3408,6.84,
,1.9387,0.3417,6.86,
,1.9421,0.3427,6.88,
,1.9455,0.3437,6.9,
,1.9496,0.3447,6.92,
,1.9541,0.3457,6.94,
,1.9581,0.3467,6.96,
,1.9624,0.3478,6.98,
,1.967,0.3487,7,
,1.971,0.3497,7.02,
,1.9746,0.3506,7.04,
,1.9781,0.3516,7.06,
,1.9817,0.3525,7.08,
,1.9856,0.3535,7.1,
,1.9901,0.3546,7.12,
,1.995,0.3556,7.14,
,1.9995,0.3566,7.16,
,2.0035,0.3576,7.18,
,2.0074,0.3586,7.2,
,2.0112,0.3595,7.22,
,2.015,0.3605,7.24,
,2.0191,0.3616,7.26,
,2.0234,0.3625,7.28,
,2.0276,0.3636,7.3,
,2.0321,0.3647,7.32,
,2.0366,0.3656,7.34,
,2.0404,0.3665,7.36,
,2.0438,0.3675,7.38,
,2.0477,0.3685,7.4,
,2.0519,0.3696,7.42,
,2.0565,0.3707,7.44,
,2.0614,0.3717,7.46,
,2.0657,0.3727,7.48,
,2.0695,0.3737,7.5,
,2.0734,0.3747,7.52,
,2.0776,0.3757,7.54,
,2.0814,0.3766,7.56,
,2.0851,0.3777,7.58,
,2.0894,0.3787,7.6,
,2.0939,0.3797,7.62,
,2.0982,0.3807,7.64,
,2.1022,0.3817,7.66,
,2.1057,0.3825,7.68,
,2.1089,0.3835,7.7,
,2.1128,0.3845,7.72,
,2.1173,0.3855,7.74,
,2.1215,0.3865,7.76,
,2.1257,0.3876,7.78,
,2.1303,0.3886,7.8,
,2.1348,0.3896,7.82,
,2.1386,0.3905,7.84,
,2.1423,0.3915,7.86,
,2.146,0.3924,7.88,
,2.1498,0.3934,7.9,
,2.1543,0.3946,7.92,
,2.1595,0.3956,7.94,
,2.1641,0.3966,7.96,
,2.168,0.3976,7.98,
,2.1719,0.3986,8,
,2.1758,0.3996,8.02,
,2.1798,0.4006,8.04,
,2.1841,0.4017,8.06,
,2.1884,0.4027,8.08,
,2.1927,0.4038,8.1,
,2.1973,0.4048,8.12,
,2.2017,0.4058,8.14,
,2.2054,0.4067,8.16,
,2.2087,0.4077,8.18,
,2.2125,0.4086,8.2,
,2.2166,0.4096,8.22,
,2.2209,0.4107,8.24,
,2.2254,0.4117,8.26,
,2.2297,0.4126,8.28,
,2.2334,0.4136,8.3,
,2.2373,0.4146,8.32,
,2.2415,0.4155,8.34,
,2.2455,0.4164,8.36,
,2.2493,0.4174,8.38,
,2.2537,0.4185,8.4,
,2.2585,0.4196,8.42,
,2.2633,0.4206,8.44,
,2.2678,0.4216,8.46,
,2.2716,0.4225,8.48,
,2.2751,0.4235,8.5,
,2.2789,0.4245,8.52,
,2.2834,0.4255,8.54,
,2.288,0.4265,8.56,
,2.2922,0.4276,8.58,
,2.2967,0.4286,8.6,
,2.3013,0.4296,8.62,
,2.3056,0.4306,8.64,
,2.3097,0.4316,8.66,
,2.3135,0.4326,8.68,
,2.3173,0.4336,8.7,
,2.3215,0.4347,8.72,
,2.3265,0.4358,8.74,
,2.3313,0.4367,8.76,
,2.3354,0.4378,8.78,
,2.3394,0.4387,8.8,
,2.3434,0.4397,8.82,
,2.347,0.4407,8.84,
,2.351,0.4416,8.86,
,2.3552,0.4426,8.88,
,2.3594,0.4436,8.9,
,2.3638,0.4447,8.92,
,2.3684,0.4457,8.94,
,2.3725,0.4466,8.96,
,2.3761,0.4475,8.98,
,2.3798,0.4485,9,
,2.3841,0.4495,9.02,
,2.3886,0.4506,9.04,
,2.3933,0.4516,9.06,
,2.3979,0.4526,9.08,
,2.4021,0.4535,9.1,
,2.4061,0.4545,9.12,
,2.4105,0.4556,9.14,
,2.4149,0.4565,9.16,
,2.4188,0.4575,9.18,
,2.4231,0.4586,9.2,
,2.4281,0.4597,9.22,
,2.433,0.4607,9.24,
,2.4377,0.4617,9.26,
,2.4418,0.4627,9.28,
,2.4455,0.4636,9.3,
,2.4492,0.4647,9.32,
,2.4538,0.4657,9.34,
,2.4584,0.4667,9.36,
,2.4627,0.4677,9.38,
,2.4673,0.4688,9.4,
,2.4716,0.4697,9.42,
,2.4755,0.4706,9.44,
,2.4792,0.4716,9.46,
,2.4831,0.4725,9.48,
,2.487,0.4735,9.5,
,2.4913,0.4745,9.52,
,2.4963,0.4756,9.54,
,2.5015,0.4766,9.56,
,2.5059,0.4776,9.58,
,2.51,0.4786,9.6,
,2.5143,0.4795,9.62,
,2.5184,0.4805,9.64,
,2.5225,0.4815,9.66,
,2.5269,0.4825,9.68,
,2.5313,0.4835,9.7,
,2.5359,0.4846,9.72,
,2.541,0.4857,9.74,
,2.5456,0.4866,9.76,
,2.5495,0.4876,9.78,
,2.5536,0.4886,9.8,
,2.5579,0.4896,9.82,
,2.5625,0.4907,9.84,
,2.5675,0.4917,9.86,
,2.5724,0.4927,9.88,
,2.5766,0.4937,9.9,
,2.5807,0.4948,9.92,
,2.5853,0.4958,9.94,
,2.5897,0.4967,9.96,
,2.5937,0.4977,9.98,
,2.5979,0.4987,10,
,2.6028,0.4998,10.02,
,2.6078,0.5008,10.04,
,2.6124,0.5018,10.06,
,2.6163,0.5026,10.08,
,2.6198,0.5036,10.1,
,2.6236,0.5046,10.12,
,2.6282,0.5056,10.14,
,2.633,0.5065,10.16,
,2.6375,0.5075,10.18,
,2.6422,0.5086,10.2,
,2.6472,0.5096,10.22,
,2.6518,0.5106,10.24,
,2.6559,0.5115,10.26,
,2.6599,0.5125,10.28,
,2.6639,0.5134,10.3,
,2.6682,0.5145,10.32,
,2.6732,0.5156,10.34,
,2.6786,0.5166,10.36,
,2.6834,0.5176,10.38,
,2.6879,0.5186,10.4,
,2.6925,0.5196,10.42,
,2.6969,0.5206,10.44,
,2.7013,0.5216,10.46,
,2.706,0.5227,10.48,
,2.7108,0.5237,10.5,
,2.7157,0.5248,10.52,
,2.7208,0.5258,10.54,
,2.7253,0.5267,10.56,
,2.729,0.5277,10.58,
,2.7329,0.5287,10.6,
,2.7372,0.5296,10.62,
,2.7416,0.5306,10.64,
,2.7464,0.5317,10.66,
,2.7514,0.5326,10.68,
,2.7559,0.5336,10.7,
,2.7601,0.5346,10.72,
,2.7647,0.5356,10.74,
,2.7692,0.5365,10.76,
,2.7736,0.5375,10.78,
,2.7781,0.5385,10.8,
,2.783,0.5396,10.82,
,2.7883,0.5406,10.84,
,2.7934,0.5416,10.86,
,2.7981,0.5426,10.88,
,2.8021,0.5435,10.9,
,2.8061,0.5445,10.92,
,2.8109,0.5456,10.94,
,2.8161,0.5466,10.96,
,2.821,0.5476,10.98,
,2.8259,0.5487,11,
,2.831,0.5497,11.02,
,2.8359,0.5507,11.04,
,2.8404,0.5516,11.06,
,2.8448,0.5526,11.08,
,2.849,0.5536,11.1,
,2.8536,0.5547,11.12,
,2.859,0.5558,11.14,
,2.8646,0.5568,11.16,
,2.8695,0.5577,11.18,
,2.874,0.5587,11.2,
,2.8784,0.5597,11.22,
,2.8828,0.5606,11.24,
,2.8871,0.5616,11.26,
,2.892,0.5626,11.28,
,2.8971,0.5636,11.3,
,2.9019,0.5646,11.32,
,2.9071,0.5657,11.34,
,2.9122,0.5666,11.36,
,2.9163,0.5675,11.38,
,2.9205,0.5685,11.4,
,2.9252,0.5694,11.42,
,2.9301,0.5704,11.44,
,2.9354,0.5715,11.46,
,2.9409,0.5725,11.48,
,2.9462,0.5735,11.5,
,2.951,0.5745,11.52,
,2.9558,0.5755,11.54,
,2.9605,0.5765,11.56,
,2.965,0.5774,11.58,
,2.9696,0.5785,11.6,
,2.975,0.5796,11.62,
,2.9808,0.5807,11.64,
,2.9865,0.5817,11.66,
,2.9918,0.5827,11.68,
,2.9963,0.5836,11.7,
,3.0004,0.5847,11.72,
,3.0052,0.5857,11.74,
,3.0104,0.5867,11.76,
,3.0154,0.5877,11.78,
,3.0204,0.5887,11.8,
,3.0257,0.5897,11.82,
,3.0305,0.5907,11.84,
,3.035,0.5916,11.86,
,3.0395,0.5926,11.88,
,3.0438,0.5935,11.9,
,3.0483,0.5945,11.92,
,3.0534,0.5956,11.94,
,3.0591,0.5966,11.96,
,3.0646,0.5975,11.98,
,3.0696,0.5986,12,
,3.0745,0.5995,12.02,
,3.0792,0.6005,12.04,
,3.0838,0.6015,12.06,
,3.0887,0.6025,12.08,
,3.0938,0.6035,12.1,
,3.099,0.6045,12.12,
,3.1044,0.6056,12.14,
,3.11,0.6066,12.16,
,3.1148,0.6075,12.18,
,3.1192,0.6085,12.2,
,3.1241,0.6095,12.22,
,3.1292,0.6106,12.24,
,3.1346,0.6116,12.26,
,3.1402,0.6127,12.28,
,3.1455,0.6137,12.3,
,3.1503,0.6147,12.32,
,3.1553,0.6157,12.34,
,3.1606,0.6167,12.36,
,3.1655,0.6176,12.38,
,3.17,0.6187,12.4,
,3.1753,0.6198,12.42,
,3.1809,0.6208,12.44,
,3.1861,0.6218,12.46,
,3.1908,0.6227,12.48,
,3.1952,0.6236,12.5,
,3.1996,0.6245,12.52,
,3.2044,0.6256,12.54,
,3.2097,0.6266,12.56,
,3.2148,0.6275,12.58,
,3.2201,0.6286,12.6,
,3.2256,0.6296,12.62,
,3.231,0.6306,12.64,
,3.2359,0.6315,12.66,
,3.2407,0.6325,12.68,
,3.2454,0.6334,12.7,
,3.2503,0.6345,12.72,
,3.2556,0.6356,12.74,
,3.2616,0.6366,12.76,
,3.2673,0.6376,12.78,
,3.2724,0.6386,12.8,
,3.2773,0.6396,12.82,
,3.2824,0.6406,12.84,
,3.2874,0.6416,12.86,
,3.2927,0.6426,12.88,
,3.2982,0.6437,12.9,
,3.3036,0.6447,12.92,
,3.3091,0.6458,12.94,
,3.3148,0.6468,12.96,
,3.3195,0.6477,12.98,
,3.3238,0.6486,13,
,3.3283,0.6496,13.02,
,3.3333,0.6506,13.04,
,3.3385,0.6516,13.06,
,3.344,0.6526,13.08,
,3.3495,0.6536,13.1,
,3.3543,0.6545,13.12,
,3.3591,0.6555,13.14,
,3.3643,0.6565,13.16,
,3.3693,0.6574,13.18,
,3.3739,0.6584,13.2,
,3.3792,0.6595,13.22,
,3.3851,0.6605,13.24,
,3.3912,0.6616,13.26,
,3.3969,0.6626,13.28,
,3.4019,0.6635,13.3,
,3.4065,0.6645,13.32,
,3.4112,0.6655,13.34,
,3.4166,0.6666,13.36,
,3.4222,0.6675,13.38,
,3.4274,0.6686,13.4,
,3.4331,0.6697,13.42,
,3.4388,0.6707,13.44,
,3.444,0.6717,13.46,
,3.4489,0.6727,13.48,
,3.4537,0.6736,13.5,
,3.4583,0.6746,13.52,
,3.4635,0.6757,13.54,
,3.4696,0.6768,13.56,
,3.4758,0.6778,13.58,
,3.4811,0.6788,13.6,
,3.486,0.6797,13.62,
,3.4907,0.6807,13.64,
,3.4954,0.6816,13.66,
,3.5004,0.6826,13.68,
,3.5056,0.6836,13.7,
,3.5107,0.6846,13.72,
,3.5163,0.6857,13.74,
,3.5222,0.6867,13.76,
,3.5275,0.6876,13.78,
,3.5321,0.6885,13.8,
,3.5368,0.6895,13.82,
,3.5418,0.6905,13.84,
,3.5472,0.6915,13.86,
,3.5529,0.6926,13.88,
,3.5585,0.6936,13.9,
,3.5638,0.6945,13.92,
,3.5689,0.6955,13.94,
,3.5743,0.6966,13.96,
,3.5796,0.6975,13.98,
,3.5844,0.6985,14,
,3.5895,0.6995,14.02,
,3.5953,0.7006,14.04,
,3.6015,0.7017,14.06,
,3.6075,0.7027,14.08,
,3.6129,0.7037,14.1,
,3.6176,0.7046,14.12,
,3.6225,0.7057,14.14,
,3.6281,0.7067,14.16,
,3.6336,0.7077,14.18,
,3.6387,0.7087,14.2,
,3.644,0.7098,14.22,
,3.6493,0.7107,14.24,
,3.6543,0.7117,14.26,
,3.6591,0.7126,14.28,
,3.6639,0.7135,14.3,
,3.6687,0.7145,14.32,
,3.6738,0.7155,14.34,
,3.6794,0.7166,14.36,
,3.6854,0.7176,14.38,
,3.6908,0.7186,14.4,
,3.6959,0.7196,14.42,
,3.701,0.7205,14.44,
,3.7063,0.7215,14.46,
,3.7115,0.7225,14.48,
,3.7169,0.7235,14.5,
,3.7222,0.7245,14.52,
,3.7276,0.7256,14.54,
,3.7333,0.7266,14.56,
,3.7388,0.7276,14.58,
,3.7436,0.7285,14.6,
,3.7485,0.7295,14.62,
,3.7537,0.7306,14.64,
,3.7593,0.7316,14.66,
,3.7652,0.7327,14.68,
,3.7711,0.7337,14.7,
,3.7762,0.7347,14.72,
,3.7812,0.7357,14.74,
,3.7866,0.7367,14.76,
,3.7921,0.7377,14.78,
,3.7969,0.7387,14.8,
,3.8021,0.7397,14.82,
,3.8079,0.7408,14.84,
,3.8135,0.7418,14.86,
,3.8184,0.7427,14.88,
,3.8231,0.7436,14.9,
,3.8275,0.7445,14.92,
,3.832,0.7455,14.94,
,3.8371,0.7466,14.96,
,3.8427,0.7475,14.98,
,3.8481,0.7485,15,
,3.8537,0.7496,15.02,
,3.8594,0.7506,15.04,
,3.8645,0.7516,15.06,
,3.8693,0.7525,15.08,
,3.8739,0.7535,15.1,
,3.8785,0.7544,15.12,
,3.8834,0.7554,15.14,
,3.8889,0.7565,15.16,
,3.895,0.7576,15.18,
,3.9006,0.7586,15.2,
,3.9059,0.7596,15.22,
,3.9111,0.7606,15.24,
,3.9161,0.7616,15.26,
,3.9209,0.7626,15.28,
,3.9261,0.7636,15.3,
,3.9315,0.7647,15.32,
,3.9371,0.7658,15.34,
,3.9429,0.7669,15.36,
,3.9484,0.7678,15.38,
,3.9529,0.7687,15.4,
,3.9572,0.7697,15.42,
,3.9616,0.7707,15.44,
,3.9663,0.7716,15.46,
,3.9713,0.7727,15.48,
,3.9766,0.7737,15.5,
,3.9815,0.7746,15.52,
,3.9862,0.7756,15.54,
,3.9911,0.7766,15.56,
,3.996,0.7775,15.58,
,4.0004,0.7784,15.6,
,4.0047,0.7795,15.62,
,4.0098,0.7805,15.64,
,4.0154,0.7816,15.66,
,4.0209,0.7826,15.68,
,4.0261,0.7836,15.7,
,4.0308,0.7845,15.72,
,4.0352,0.7855,15.74,
,4.04,0.7866,15.76,
,4.0451,0.7875,15.78,
,4.0499,0.7885,15.8,
,4.0547,0.7896,15.82,
,4.06,0.7906,15.84,
,4.0649,0.7917,15.86,
,4.0697,0.7927,15.88,
,4.0745,0.7936,15.9,
,4.0789,0.7946,15.92,
,4.0832,0.7957,15.94,
,4.0882,0.7968,15.96,
,4.0935,0.7978,15.98,
,4.0983,0.7987,16,
,4.1026,0.7997,16.02,
,4.1071,0.8007,16.04,
,4.1114,0.8017,16.06,
,4.1157,0.8027,16.08,
,4.1201,0.8037,16.1,
,4.1247,0.8046,16.12,
,4.1293,0.8057,16.14,
,4.1339,0.8067,16.16,
,4.1385,0.8076,16.18,
,4.1425,0.8085,16.2,
,4.1464,0.8095,16.22,
,4.1509,0.8105,16.24,
,4.1557,0.8116,16.26,
,4.1606,0.8126,16.28,
,4.1655,0.8136,16.3,
,4.1698,0.8145,16.32,
,4.1737,0.8155,16.34,
,4.1777,0.8165,16.36,
,4.1822,0.8175,16.38,
,4.1864,0.8184,16.4,
,4.1905,0.8195,16.42,
,4.1954,0.8206,16.44,
,4.2005,0.8217,16.46,
,4.2055,0.8227,16.48,
,4.2099,0.8237,16.5,
,4.2136,0.8246,16.52,
,4.2172,0.8256,16.54,
,4.2212,0.8267,16.56,
,4.2258,0.8277,16.58,
,4.2303,0.8287,16.6,
,4.2347,0.8298,16.62,
,4.2392,0.8308,16.64,
,4.2432,0.8317,16.66,
,4.2466,0.8326,16.68,
,4.2499,0.8335,16.7,
,4.2535,0.8345,16.72,
,4.2573,0.8355,16.74,
,4.2616,0.8366,16.76,
,4.2666,0.8376,16.78,
,4.2713,0.8386,16.8,
,4.2753,0.8396,16.82,
,4.2791,0.8405,16.84,
,4.2827,0.8415,16.86,
,4.2863,0.8425,16.88,
,4.2902,0.8435,16.9,
,4.2944,0.8445,16.92,
,4.2987,0.8456,16.94,
,4.3034,0.8467,16.96,
,4.308,0.8477,16.98,
,4.3117,0.8486,17,
,4.3148,0.8496,17.02,
,4.3183,0.8506,17.04,
,4.3222,0.8516,17.06,
,4.3262,0.8527,17.08,
,4.3308,0.8537,17.1,
,4.3353,0.8547,17.12,
,4.3391,0.8557,17.14,
,4.3431,0.8568,17.16,
,4.3471,0.8578,17.18,
,4.3504,0.8587,17.2,
,4.3534,0.8597,17.22,
,4.3571,0.8607,17.24,
,4.3613,0.8618,17.26,
,4.3655,0.8628,17.28,
,4.3691,0.8637,17.3,
,4.3724,0.8646,17.32,
,4.3755,0.8656,17.34,
,4.3789,0.8666,17.36,
,4.3827,0.8676,17.38,
,4.3863,0.8685,17.4,
,4.3897,0.8695,17.42,
,4.3937,0.8706,17.44,
,4.3977,0.8716,17.46,
,4.4014,0.8725,17.48,
,4.4047,0.8735,17.5,
,4.408,0.8745,17.52,
,4.4114,0.8754,17.54,
,4.415,0.8765,17.56,
,4.4192,0.8776,17.58,
,4.4231,0.8785,17.6,
,4.4266,0.8795,17.62,
,4.4301,0.8806,17.64,
,4.4338,0.8816,17.66,
,4.4375,0.8826,17.68,
,4.4413,0.8837,17.7,
,4.4452,0.8847,17.72,
,4.4486,0.8857,17.74,
,4.4521,0.8868,17.76,
,4.4558,0.8878,17.78,
,4.459,0.8887,17.8,
,4.4617,0.8897,17.82,
,4.4647,0.8907,17.84,
,4.4681,0.8917,17.86,
,4.4717,0.8927,17.88,
,4.4753,0.8937,17.9,
,4.4787,0.8946,17.92,
,4.4816,0.8956,17.94,
,4.4842,0.8966,17.96,
,4.4876,0.8976,17.98,
,4.4908,0.8985,18,
,4.4938,0.8995,18.02,
,4.4974,0.9006,18.04,
,4.5013,0.9017,18.06,
,4.5052,0.9027,18.08,
,4.5085,0.9036,18.1,
,4.5112,0.9046,18.12,
,4.5137,0.9055,18.14,
,4.5166,0.9065,18.16,
,4.52,0.9076,18.18,
,4.5236,0.9086,18.2,
,4.5271,0.9097,18.22,
,4.5307,0.9107,18.24,
,4.5342,0.9117,18.26,
,4.5369,0.9127,18.28,
,4.5394,0.9136,18.3,
,4.5421,0.9146,18.32,
,4.545,0.9156,18.34,
,4.548,0.9167,18.36,
,4.5519,0.9178,18.38,
,4.5558,0.9188,18.4,
,4.5588,0.9198,18.42,
,4.5616,0.9208,18.44,
,4.5641,0.9217,18.46,
,4.5664,0.9226,18.48,
,4.5691,0.9236,18.5,
,4.572,0.9246,18.52,
,4.5748,0.9256,18.54,
,4.578,0.9267,18.56,
,4.5814,0.9277,18.58,
,4.5844,0.9286,18.6,
,4.5866,0.9295,18.62,
,4.5887,0.9305,18.64,
,4.5913,0.9315,18.66,
,4.5944,0.9325,18.68,
,4.5976,0.9336,18.7,
,4.6008,0.9346,18.72,
,4.6036,0.9355,18.74,
,4.6063,0.9366,18.76,
,4.6092,0.9376,18.78,
,4.612,0.9385,18.8,
,4.614,0.9395,18.82,
,4.6165,0.9405,18.84,
,4.6197,0.9416,18.86,
,4.6231,0.9427,18.88,
,4.6263,0.9437,18.9,
,4.6291,0.9447,18.92,
,4.6313,0.9457,18.94,
,4.6337,0.9467,18.96,
,4.6364,0.9478,18.98,
,4.6392,0.9487,19,
,4.6416,0.9497,19.02,
,4.6441,0.9508,19.04,
,4.6468,0.9517,19.06,
,4.6491,0.9527,19.08,
,4.6512,0.9536,19.1,
,4.6534,0.9546,19.12,
,4.6555,0.9555,19.14,
,4.6578,0.9565,19.16,
,4.6604,0.9576,19.18,
,4.6634,0.9586,19.2,
,4.666,0.9596,19.22,
,4.6685,0.9606,19.24,
,4.6709,0.9615,19.26,
,4.6732,0.9625,19.28,
,4.6755,0.9636,19.3,
,4.6781,0.9646,19.32,
,4.6806,0.9655,19.34,
,4.6828,0.9666,19.36,
,4.6855,0.9676,19.38,
,4.688,0.9686,19.4,
,4.6899,0.9695,19.42,
,4.6919,0.9705,19.44,
,4.6944,0.9716,19.46,
,4.6969,0.9726,19.48,
,4.6997,0.9737,19.5,
,4.7024,0.9747,19.52,
,4.7045,0.9757,19.54,
,4.7063,0.9767,19.56,
,4.7086,0.9778,19.58,
,4.7109,0.9787,19.6,
,4.7128,0.9797,19.62,
,4.7148,0.9807,19.64,
,4.7173,0.9818,19.66,
,4.7199,0.9828,19.68,
,4.7219,0.9837,19.7,
,4.7234,0.9846,19.72,
,4.7248,0.9856,19.74,
,4.7264,0.9866,19.76,
,4.7285,0.9876,19.78,
,4.731,0.9886,19.8,
,4.7332,0.9896,19.82,
,4.7356,0.9907,19.84,
,4.7382,0.9916,19.86,
,4.7403,0.9926,19.88,
,4.7417,0.9935,19.9,
,4.7432,0.9945,19.92,
,4.7449,0.9954,19.94,
,4.7467,0.9964,19.96,
,4.749,0.9975,19.98,
,4.7519,0.9986,20,
,4.7543,0.9996,20.02,
,4.7562,1.0006,20.04,
,4.758,1.0016,20.06,
,4.7595,1.0025,20.08,
,4.7614,1.0036,20.1,
,4.7637,1.0047,20.12,
,4.7659,1.0057,20.14,
,4.768,1.0068,20.16,
,4.7706,1.0079,20.18,
,4.7727,1.0088,20.2,
,4.7739,1.0097,20.22,
,4.7748,1.0107,20.24,
,4.776,1.0116,20.26,
,4.7777,1.0127,20.28,
,4.7796,1.0137,20.3,
,4.7816,1.0147,20.32,
,4.7834,1.0156,20.34,
,4.785,1.0166,20.36,
,4.7867,1.0176,20.38,
,4.7886,1.0185,20.4,
,4.7899,1.0194,20.42,
,4.7912,1.0205,20.44,
,4.7933,1.0215,20.46,
,4.7958,1.0226,20.48,
,4.798,1.0236,20.5,
,4.7999,1.0246,20.52,
,4.8012,1.0255,20.54,
,4.8023,1.0265,20.56,
,4.804,1.0276,20.58,
,4.806,1.0286,20.6,
,4.8076,1.0296,20.62,
,4.8094,1.0307,20.64,
,4.8116,1.0317,20.66,
,4.8134,1.0327,20.68,
,4.8149,1.0337,20.7,
,4.8163,1.0347,20.72,
,4.8177,1.0356,20.74,
,4.819,1.0367,20.76,
,4.8209,1.0378,20.78,
,4.8232,1.0388,20.8,
,4.8248,1.0398,20.82,
,4.826,1.0408,20.84,
,4.8271,1.0417,20.86,
,4.8283,1.0427,20.88,
,4.8296,1.0437,20.9,
,4.8312,1.0447,20.92,
,4.8328,1.0456,20.94,
,4.8342,1.0467,20.96,
,4.8359,1.0477,20.98,
,4.8377,1.0486,21,
,4.8388,1.0495,21.02,
,4.8397,1.0505,21.04,
,4.841,1.0515,21.06,
,4.8427,1.0525,21.08,
,4.8445,1.0536,21.1,
,4.8464,1.0546,21.12,
,4.8481,1.0555,21.14,
,4.8491,1.0565,21.16,
,4.8504,1.0576,21.18,
,4.8519,1.0585,21.2,
,4.853,1.0595,21.22,
,4.8542,1.0605,21.24,
,4.856,1.0616,21.26,
,4.8584,1.0627,21.28,
,4.8604,1.0638,21.3,
,4.8618,1.0647,21.32,
,4.8625,1.0657,21.34,
,4.8632,1.0667,21.36,
,4.8645,1.0677,21.38,
,4.8663,1.0687,21.4,
,4.8678,1.0697,21.42,
,4.8691,1.0708,21.44,
,4.8707,1.0718,21.46,
,4.872,1.0727,21.48,
,4.8728,1.0736,21.5,
,4.8735,1.0746,21.52,
,4.8744,1.0755,21.54,
,4.8754,1.0765,21.56,
,4.8768,1.0776,21.58,
,4.8789,1.0786,21.6,
,4.8807,1.0796,21.62,
,4.8818,1.0806,21.64,
,4.883,1.0816,21.66,
,4.884,1.0825,21.68,
,4.885,1.0835,21.7,
,4.8862,1.0845,21.72,
,4.8878,1.0855,21.74,
,4.8892,1.0866,21.76,
,4.8907,1.0877,21.78,
,4.8925,1.0887,21.8,
,4.8937,1.0896,21.82,
,4.8943,1.0906,21.84,
,4.8951,1.0916,21.86,
,4.8964,1.0926,21.88,
,4.8979,1.0937,21.9,
,4.8997,1.0947,21.92,
,4.9013,1.0957,21.94,
,4.9023,1.0967,21.96,
,4.9032,1.0978,21.98,
,4.9045,1.0988,22,
,4.9054,1.0997,22.02,
,4.9061,1.1007,22.04,
,4.9073,1.1018,22.06,
,4.9089,1.1028,22.08,
,4.9102,1.1038,22.1,
,4.9112,1.1047,22.12,
,4.9117,1.1056,22.14,
,4.9121,1.1066,22.16,
,4.9129,1.1076,22.18,
,4.9143,1.1086,22.2,
,4.9156,1.1095,22.22,
,4.9167,1.1106,22.24,
,4.9182,1.1116,22.26,
,4.9197,1.1126,22.28,
,4.9206,1.1136,22.3,
,4.9212,1.1145,22.32,
,4.9221,1.1155,22.34,
,4.9229,1.1164,22.36,
,4.9242,1.1175,22.38,
,4.926,1.1186,22.4,
,4.9276,1.1196,22.42,
,4.9288,1.1206,22.44,
,4.9298,1.1216,22.46,
,4.9308,1.1226,22.48,
,4.9317,1.1236,22.5,
,4.9328,1.1247,22.52,
,4.9341,1.1257,22.54,
,4.9352,1.1267,22.56,
,4.9363,1.1278,22.58,
,4.9377,1.1288,22.6,
,4.9385,1.1297,22.62,
,4.9387,1.1306,22.64,
,4.9392,1.1316,22.66,
,4.94,1.1326,22.68,
,4.9411,1.1336,22.7,
,4.9423,1.1347,22.72,
,4.9435,1.1356,22.74,
,4.9442,1.1365,22.76,
,4.9448,1.1376,22.78,
,4.9459,1.1385,22.8,
,4.947,1.1395,22.82,
,4.9476,1.1404,22.84,
,4.9485,1.1415,22.86,
,4.9501,1.1426,22.88,
,4.9518,1.1436,22.9,
,4.9531,1.1446,22.92,
,4.9537,1.1455,22.94,
,4.9541,1.1465,22.96,
,4.9546,1.1475,22.98,
,4.9557,1.1485,23,
,4.957,1.1495,23.02,
,4.958,1.1506,23.04,
,4.9594,1.1517,23.06,
,4.9609,1.1527,23.08,
,4.9618,1.1537,23.1,
,4.9624,1.1547,23.12,
,4.963,1.1556,23.14,
,4.9635,1.1566,23.16,
,4.9642,1.1577,23.18,
,4.9658,1.1588,23.2,
,4.9674,1.1598,23.22,
,4.9681,1.1608,23.24,
,4.9687,1.1618,23.26,
,4.9692,1.1627,23.28,
,4.9695,1.1637,23.3,
,4.9701,1.1647,23.32,
,4.971,1.1656,23.34,
,4.9717,1.1666,23.36,
,4.9727,1.1677,23.38,
,4.9739,1.1687,23.4,
,4.9748,1.1696,23.42,
,4.9752,1.1706,23.44,
,4.9757,1.1715,23.46,
,4.9764,1.1725,23.48,
,4.9774,1.1735,23.5,
,4.9786,1.1746,23.52,
,4.9799,1.1756,23.54,
,4.9807,1.1765,23.56,
,4.9812,1.1775,23.58,
,4.9819,1.1785,23.6,
,4.9829,1.1795,23.62,
,4.9835,1.1805,23.64,
,4.9843,1.1815,23.66,
,4.9857,1.1826,23.68,
,4.9871,1.1837,23.7,
,4.9883,1.1847,23.72,
,4.9892,1.1857,23.74,
,4.9894,1.1866,23.76,
,4.9897,1.1877,23.78,
,4.9907,1.1887,23.8,
,4.9917,1.1897,23.82,
,4.9923,1.1907,23.84,
,4.993,1.1918,23.86,
,4.9939,1.1927,23.88,
,4.9944,1.1937,23.9,
,4.9947,1.1946,23.92,
,4.995,1.1955,23.94,
,4.9953,1.1965,23.96,
,4.996,1.1975,23.98,
,4.9973,1.1986,24,
,4.9988,1.1996,24.02,
,4.9995,1.2006,24.04,
,5.0001,1.2016,24.06,
,5.0008,1.2026,24.08,
,5.0013,1.2035,24.1,
,5.002,1.2045,24.12,
,5.0029,1.2056,24.14,
,5.0038,1.2066,24.16,
,5.0046,1.2076,24.18,
,5.0057,1.2087,24.2,
,5.0065,1.2096,24.22,
,5.0067,1.2106,24.24,
,5.0069,1.2116,24.26,
,5.0074,1.2125,24.28,
,5.0082,1.2136,24.3,
,5.0093,1.2147,24.32,
,5.0107,1.2157,24.34,
,5.0117,1.2167,24.36,
,5.0122,1.2177,24.38,
,5.0127,1.2188,24.4,
,5.0133,1.2197,24.42,
,5.0135,1.2206,24.44,
,5.0138,1.2217,24.46,
,5.0148,1.2228,24.48,
,5.016,1.2238,24.5,
,5.0168,1.2248,24.52,
,5.0171,1.2257,24.54,
,5.0171,1.2266,24.56,
,5.017,1.2276,24.58,
,5.0176,1.2286,24.6,
,5.0185,1.2296,24.62,
,5.0191,1.2306,24.64,
,5.0199,1.2316,24.66,
,5.021,1.2326,24.68,
,5.0218,1.2336,24.7,
,5.0222,1.2346,24.72,
,5.0224,1.2355,24.74,
,5.0226,1.2364,24.76,
,5.0231,1.2375,24.78,
,5.0242,1.2386,24.8,
,5.0256,1.2396,24.82,
,5.0265,1.2406,24.84,
,5.027,1.2416,24.86,
,5.0277,1.2426,24.88,
,5.0282,1.2436,24.9,
,5.0288,1.2447,24.92,
,5.0294,1.2457,24.94,
,5.0301,1.2467,24.96,
,5.0309,1.2478,24.98,
,5.0319,1.2489,25,
,5.0326,1.2498,25.02,
,5.0324,1.2507,25.04,
,5.0323,1.2517,25.06,
,5.0327,1.2527,25.08,
,5.0332,1.2537,25.1,
,5.0336,1.2547,25.12,
,5.0344,1.2557,25.14,
,5.0349,1.2566,25.16,
,5.035,1.2576,25.18,
,5.0353,1.2586,25.2,
,5.0359,1.2595,25.22,
,5.0363,1.2604,25.24,
,5.0367,1.2615,25.26,
,5.0378,1.2626,25.28,
,5.039,1.2636,25.3,
,5.0399,1.2646,25.32,
,5.0405,1.2656,25.34,
,5.0406,1.2665,25.36,
,5.0405,1.2675,25.38,
,5.0409,1.2686,25.4,
,5.0419,1.2696,25.42,
,5.0427,1.2706,25.44,
,5.0434,1.2717,25.46,
,5.0443,1.2727,25.48,
,5.0448,1.2737,25.5,
,5.0451,1.2747,25.52,
,5.0452,1.2756,25.54,
,5.0453,1.2766,25.56,
,5.0455,1.2777,25.58,
,5.0465,1.2788,25.6,
,5.0479,1.2798,25.62,
,5.0486,1.2808,25.64,
,5.0484,1.2818,25.66,
,5.0483,1.2827,25.68,
,5.0481,1.2836,25.7,
,5.0481,1.2846,25.72,
,5.0485,1.2856,25.74,
,5.0492,1.2866,25.76,
,5.05,1.2877,25.78,
,5.0509,1.2887,25.8,
,5.0517,1.2897,25.82,
,5.0517,1.2905,25.84,
,5.0514,1.2915,25.86,
,5.0515,1.2925,25.88,
,5.0521,1.2935,25.9,
,5.0529,1.2945,25.92,
,5.054,1.2956,25.94,
,5.0548,1.2966,25.96,
,5.0552,1.2976,25.98,
,5.0553,1.2986,26,
,5.0558,1.2996,26.02,
,5.0559,1.3005,26.04,
,5.0558,1.3015,26.06,
,5.0566,1.3026,26.08,
,5.0577,1.3037,26.1,
,5.0588,1.3048,26.12,
,5.0595,1.3058,26.14,
,5.0595,1.3067,26.16,
,5.0591,1.3077,26.18,
,5.0591,1.3087,26.2,
,5.0597,1.3097,26.22,
,5.0602,1.3107,26.24,
,5.0605,1.3117,26.26,
,5.0611,1.3128,26.28,
,5.0615,1.3137,26.3,
,5.0615,1.3146,26.32,
,5.0614,1.3156,26.34,
,5.0612,1.3165,26.36,
,5.0612,1.3175,26.38,
,5.0615,1.3186,26.4,
,5.0626,1.3196,26.42,
,5.0636,1.3206,26.44,
,5.0638,1.3216,26.46,
,5.0641,1.3226,26.48,
,5.0644,1.3235,26.5,
,5.0644,1.3245,26.52,
,5.0646,1.3255,26.54,
,5.0652,1.3265,26.56,
,5.0656,1.3275,26.58,
,5.0662,1.3286,26.6,
,5.0671,1.3296,26.62,
,5.0673,1.3305,26.64,
,5.0671,1.3315,26.66,
,5.0672,1.3326,26.68,
,5.0676,1.3336,26.7,
,5.0682,1.3346,26.72,
,5.0691,1.3357,26.74,
,5.0697,1.3367,26.76,
,5.0697,1.3377,26.78,
,5.0698,1.3387,26.8,
,5.0702,1.3397,26.82,
,5.0703,1.3407,26.84,
,5.0703,1.3417,26.86,
,5.0705,1.3428,26.88,
,5.0712,1.3438,26.9,
,5.0717,1.3448,26.92,
,5.0718,1.3457,26.94,
,5.0715,1.3466,26.96,
,5.0709,1.3476,26.98,
,5.0706,1.3486,27,
,5.0713,1.3496,27.02,
,5.0718,1.3506,27.04,
,5.0722,1.3516,27.06,
,5.0728,1.3526,27.08,
,5.0733,1.3536,27.1,
,5.0735,1.3546,27.12,
,5.0735,1.3555,27.14,
,5.0734,1.3565,27.16,
,5.0733,1.3574,27.18,
,5.0736,1.3585,27.2,
,5.0747,1.3596,27.22,
,5.0756,1.3606,27.24,
,5.0759,1.3616,27.26,
,5.076,1.3626,27.28,
,5.0761,1.3636,27.3,
,5.0761,1.3646,27.32,
,5.0763,1.3656,27.34,
,5.0767,1.3667,27.36,
,5.0771,1.3677,27.38,
,5.0777,1.3688,27.4,
,5.0783,1.3698,27.42,
,5.0782,1.3707,27.44,
,5.0775,1.3717,27.46,
,5.077,1.3726,27.48,
,5.077,1.3736,27.5,
,5.0771,1.3746,27.52,
,5.0776,1.3757,27.54,
,5.0781,1.3767,27.56,
,5.0781,1.3776,27.58,
,5.078,1.3786,27.6,
,5.0781,1.3796,27.62,
,5.0783,1.3805,27.64,
,5.0781,1.3815,27.66,
,5.0783,1.3825,27.68,
,5.079,1.3836,27.7,
,5.0799,1.3846,27.72,
,5.0803,1.3857,27.74,
,5.0804,1.3866,27.76,
,5.08,1.3875,27.78,
,5.0795,1.3885,27.8,
,5.0797,1.3895,27.82,
,5.0802,1.3905,27.84,
,5.0805,1.3915,27.86,
,5.0809,1.3926,27.88,
,5.0817,1.3937,27.9,
,5.082,1.3947,27.92,
,5.082,1.3957,27.94,
,5.0818,1.3966,27.96,
,5.0815,1.3976,27.98,
,5.0815,1.3987,28,
,5.0822,1.3998,28.02,
,5.083,1.4008,28.04,
,5.083,1.4018,28.06,
,5.0828,1.4028,28.08,
,5.0826,1.4037,28.1,
,5.0822,1.4047,28.12,
,5.0818,1.4057,28.14,
,5.0819,1.4066,28.16,
,5.082,1.4076,28.18,
,5.082,1.4087,28.2,
,5.0825,1.4097,28.22,
,5.0828,1.4106,28.24,
,5.0824,1.4115,28.26,
,5.082,1.4125,28.28,
,5.0821,1.4135,28.3,
,5.0824,1.4145,28.32,
,5.0828,1.4155,28.34,
,5.0832,1.4166,28.36,
,5.0834,1.4175,28.38,
,5.0832,1.4185,28.4,
,5.0833,1.4195,28.42,
,5.0836,1.4205,28.44,
,5.0835,1.4215,28.46,
,5.0834,1.4226,28.48,
,5.0839,1.4236,28.5,
,5.0847,1.4247,28.52,
,5.0854,1.4258,28.54,
,5.0854,1.4267,28.56,
,5.0848,1.4277,28.58,
,5.0841,1.4287,28.6,
,5.0842,1.4298,28.62,
,5.0846,1.4308,28.64,
,5.0846,1.4318,28.66,
,5.0845,1.4328,28.68,
,5.0846,1.4338,28.7,
,5.0846,1.4347,28.72,
,5.0841,1.4356,28.74,
,5.0834,1.4366,28.76,
,5.0829,1.4375,28.78,
,5.0828,1.4385,28.8,
,5.0833,1.4396,28.82,
,5.0842,1.4406,28.84,
,5.0843,1.4416,28.86,
,5.0839,1.4426,28.88,
,5.0838,1.4435,28.9,
,5.0837,1.4445,28.92,
,5.0837,1.4455,28.94,
,5.0838,1.4465,28.96,
,5.084,1.4475,28.98,
,5.0842,1.4486,29,
,5.0847,1.4497,29.02,
,5.0849,1.4506,29.04,
,5.0844,1.4516,29.06,
,5.0839,1.4526,29.08,
,5.0838,1.4536,29.1,
,5.0839,1.4546,29.12,
,5.0842,1.4557,29.14,
,5.0848,1.4567,29.16,
,5.085,1.4577,29.18,
,5.0846,1.4587,29.2,
,5.0844,1.4598,29.22,
,5.0842,1.4607,29.24,
,5.0837,1.4616,29.26,
,5.0832,1.4627,29.28,
,5.0834,1.4637,29.3,
,5.0839,1.4648,29.32,
,5.0841,1.4658,29.34,
,5.0838,1.4667,29.36,
,5.0829,1.4676,29.38,
,5.0819,1.4686,29.4,
,5.0816,1.4696,29.42,
,5.082,1.4706,29.44,
,5.0821,1.4715,29.46,
,5.0823,1.4726,29.48,
,5.0826,1.4736,29.5,
,5.0828,1.4746,29.52,
,5.0824,1.4755,29.54,
,5.0819,1.4765,29.56,
,5.0815,1.4774,29.58,
,5.0812,1.4784,29.6,
,5.0814,1.4795,29.62,
,5.0822,1.4806,29.64,
,5.0824,1.4815,29.66,
,5.0822,1.4826,29.68,
,5.0822,1.4836,29.7,
,5.0822,1.4846,29.72,
,5.082,1.4856,29.74,
,5.082,1.4867,29.76,
,5.082,1.4877,29.78,
,5.0818,1.4888,29.8,
,5.0822,1.4898,29.82,
,5.0823,1.4908,29.84,
,5.0815,1.4917,29.86,
,5.0807,1.4927,29.88,
,5.0801,1.4937,29.9,
,5.0797,1.4947,29.92,
,5.0797,1.4957,29.94,
,5.0799,1.4967,29.96,
,5.0797,1.4976,29.98,
,5.079,1.4986,30,
,5.0786,1.4996,30.02,
,5.0785,1.5005,30.04,
,5.0782,1.5014,30.06,
,5.0776,1.5025,30.08,
,5.0779,1.5036,30.1,
,5.0785,1.5046,30.12,
,5.0788,1.5056,30.14,
,5.0788,1.5066,30.16,
,5.0783,1.5075,30.18,
,5.0774,1.5085,30.2,
,5.077,1.5096,30.22,
,5.0772,1.5106,30.24,
,5.0771,1.5116,30.26,
,5.0771,1.5127,30.28,
,5.0774,1.5137,30.3,
,5.0775,1.5147,30.32,
,5.0771,1.5157,30.34,
,5.0765,1.5167,30.36,
,5.0759,1.5176,30.38,
,5.0753,1.5187,30.4,
,5.0755,1.5198,30.42,
,5.0761,1.5208,30.44,
,5.076,1.5218,30.46,
,5.0754,1.5228,30.48,
,5.0747,1.5237,30.5,
,5.074,1.5247,30.52,
,5.0734,1.5256,30.54,
,5.073,1.5267,30.56,
,5.0729,1.5276,30.58,
,5.0727,1.5287,30.6,
,5.0726,1.5297,30.62,
,5.0727,1.5307,30.64,
,5.072,1.5316,30.66,
,5.0711,1.5325,30.68,
,5.0706,1.5335,30.7,
,5.0706,1.5345,30.72,
,5.0706,1.5356,30.74,
,5.0709,1.5366,30.76,
,5.071,1.5376,30.78,
,5.0705,1.5385,30.8,
,5.07,1.5396,30.82,
,5.0698,1.5405,30.84,
,5.0691,1.5414,30.86,
,5.0684,1.5425,30.88,
,5.0684,1.5436,30.9,
,5.069,1.5447,30.92,
,5.0696,1.5457,30.94,
,5.0697,1.5467,30.96,
,5.0689,1.5477,30.98,
,5.0677,1.5487,31,
,5.0671,1.5497,31.02,
,5.0671,1.5507,31.04,
,5.0668,1.5517,31.06,
,5.0664,1.5528,31.08,
,5.0662,1.5538,31.1,
,5.0658,1.5547,31.12,
,5.0648,1.5557,31.14,
,5.0637,1.5566,31.16,
,5.0627,1.5575,31.18,
,5.0618,1.5585,31.2,
,5.0616,1.5596,31.22,
,5.0621,1.5606,31.24,
,5.0624,1.5616,31.26,
,5.062,1.5626,31.28,
,5.0617,1.5636,31.3,
,5.0612,1.5645,31.32,
,5.0604,1.5655,31.34,
,5.0599,1.5665,31.36,
,5.0598,1.5675,31.38,
,5.0595,1.5685,31.4,
,5.0594,1.5696,31.42,
,5.0596,1.5707,31.44,
,5.0592,1.5716,31.46,
,5.0582,1.5726,31.48,
,5.0574,1.5736,31.5,
,5.0568,1.5746,31.52,
,5.0565,1.5756,31.54,
,5.0567,1.5767,31.56,
,5.0569,1.5777,31.58,
,5.0562,1.5787,31.6,
,5.0553,1.5798,31.62,
,5.0549,1.5808,31.64,
,5.0541,1.5817,31.66,
,5.053,1.5827,31.68,
,5.0523,1.5838,31.7,
,5.0521,1.5848,31.72,
,5.0517,1.5858,31.74,
,5.051,1.5867,31.76,
,5.05,1.5876,31.78,
,5.0486,1.5885,31.8,
,5.0478,1.5896,31.82,
,5.0474,1.5906,31.84,
,5.0471,1.5915,31.86,
,5.0466,1.5925,31.88,
,5.0464,1.5936,31.9,
,5.0462,1.5946,31.92,
,5.0456,1.5955,31.94,
,5.0447,1.5965,31.96,
,5.0439,1.5974,31.98,
,5.0431,1.5984,32,
,5.0426,1.5995,32.02,
,5.0427,1.6006,32.04,
,5.0428,1.6016,32.06,
,5.0423,1.6026,32.08,
,5.0416,1.6036,32.1,
,5.0409,1.6046,32.12,
,5.04,1.6056,32.14,
,5.0393,1.6067,32.16,
,5.039,1.6077,32.18,
,5.0385,1.6087,32.2,
,5.0378,1.6098,32.22,
,5.0373,1.6108,32.24,
,5.0362,1.6117,32.26,
,5.0344,1.6126,32.28,
,5.0329,1.6136,32.3,
,5.0321,1.6146,32.32,
,5.0315,1.6156,32.34,
,5.0311,1.6167,32.36,
,5.0308,1.6177,32.38,
,5.0299,1.6186,32.4,
,5.0287,1.6196,32.42,
,5.0277,1.6206,32.44,
,5.0267,1.6215,32.46,
,5.0255,1.6224,32.48,
,5.0247,1.6235,32.5,
,5.0247,1.6246,32.52,
,5.0248,1.6257,32.54,
,5.0244,1.6267,32.56,
,5.0233,1.6276,32.58,
,5.0216,1.6285,32.6,
,5.0198,1.6295,32.62,
,5.0189,1.6305,32.64,
,5.0185,1.6315,32.66,
,5.0179,1.6325,32.68,
,5.0174,1.6337,32.7,
,5.0172,1.6347,32.72,
,5.0166,1.6357,32.74,
,5.0153,1.6367,32.76,
,5.0138,1.6376,32.78,
,5.0121,1.6386,32.8,
,5.0107,1.6397,32.82,
,5.0103,1.6408,32.84,
,5.0101,1.6418,32.86,
,5.0091,1.6428,32.88,
,5.0077,1.6438,32.9,
,5.0061,1.6447,32.92,
,5.0043,1.6457,32.94,
,5.0027,1.6467,32.96,
,5.0015,1.6477,32.98,
,5.0003,1.6486,33,
,4.9994,1.6497,33.02,
,4.9989,1.6507,33.04,
,4.9981,1.6516,33.06,
,4.9963,1.6526,33.08,
,4.9946,1.6535,33.1,
,4.9932,1.6545,33.12,
,4.9923,1.6555,33.14,
,4.9915,1.6566,33.16,
,4.9907,1.6576,33.18,
,4.9898,1.6585,33.2,
,4.9885,1.6596,33.22,
,4.9874,1.6606,33.24,
,4.9863,1.6615,33.26,
,4.9847,1.6625,33.28,
,4.9831,1.6635,33.3,
,4.9822,1.6646,33.32,
,4.9819,1.6657,33.34,
,4.9812,1.6667,33.36,
,4.9801,1.6677,33.38,
,4.9783,1.6687,33.4,
,4.9763,1.6697,33.42,
,4.9749,1.6708,33.44,
,4.9736,1.6717,33.46,
,4.9721,1.6727,33.48,
,4.9705,1.6737,33.5,
,4.969,1.6747,33.52,
,4.9674,1.6757,33.54,
,4.9656,1.6766,33.56,
,4.9638,1.6776,33.58,
,4.9621,1.6785,33.6,
,4.9605,1.6795,33.62,
,4.9596,1.6806,33.64,
,4.9589,1.6816,33.66,
,4.9576,1.6825,33.68,
,4.9559,1.6835,33.7,
,4.9544,1.6845,33.72,
,4.9532,1.6855,33.74,
,4.952,1.6865,33.76,
,4.9508,1.6876,33.78,
,4.9497,1.6886,33.8,
,4.9486,1.6897,33.82,
,4.9475,1.6907,33.84,
,4.946,1.6916,33.86,
,4.9437,1.6926,33.88,
,4.9414,1.6936,33.9,
,4.9397,1.6946,33.92,
,4.9384,1.6956,33.94,
,4.9372,1.6968,33.96,
,4.9363,1.6978,33.98,
,4.9347,1.6987,34,
,4.9325,1.6997,34.02,
,4.9306,1.7008,34.04,
,4.9289,1.7017,34.06,
,4.9269,1.7026,34.08,
,4.925,1.7037,34.1,
,4.9238,1.7048,34.12,
,4.9228,1.7058,34.14,
,4.9213,1.7068,34.16,
,4.9192,1.7077,34.18,
,4.9168,1.7086,34.2,
,4.9144,1.7096,34.22,
,4.9127,1.7106,34.24,
,4.9114,1.7116,34.26,
,4.9101,1.7126,34.28,
,4.9088,1.7137,34.3,
,4.9078,1.7147,34.32,
,4.9063,1.7156,34.34,
,4.9041,1.7165,34.36,
,4.9019,1.7175,34.38,
,4.8998,1.7184,34.4,
,4.898,1.7194,34.42,
,4.8967,1.7205,34.44,
,4.8961,1.7216,34.46,
,4.8952,1.7226,34.48,
,4.8936,1.7236,34.5,
,4.8916,1.7246,34.52,
,4.8894,1.7256,34.54,
,4.8874,1.7266,34.56,
,4.8859,1.7277,34.58,
,4.8845,1.7287,34.6,
,4.883,1.7298,34.62,
,4.8816,1.7309,34.64,
,4.8802,1.7318,34.66,
,4.8776,1.7327,34.68,
,4.8746,1.7337,34.7,
,4.8719,1.7346,34.72,
,4.8697,1.7356,34.74,
,4.868,1.7367,34.76,
,4.8665,1.7377,34.78,
,4.865,1.7386,34.8,
,4.8631,1.7396,34.82,
,4.8613,1.7406,34.84,
,4.8597,1.7416,34.86,
,4.8576,1.7425,34.88,
,4.8552,1.7435,34.9,
,4.8536,1.7445,34.92,
,4.8526,1.7456,34.94,
,4.8514,1.7466,34.96,
,4.8499,1.7476,34.98,
,4.848,1.7486,35,
,4.8454,1.7495,35.02,
,4.8431,1.7506,35.04,
,4.8414,1.7515,35.06,
,4.8395,1.7525,35.08,
,4.8377,1.7536,35.1,
,4.8364,1.7547,35.12,
,4.8349,1.7557,35.14,
,4.8329,1.7567,35.16,
,4.8308,1.7577,35.18,
,4.8286,1.7586,35.2,
,4.8262,1.7597,35.22,
,4.8243,1.7608,35.24,
,4.823,1.7618,35.26,
,4.8211,1.7628,35.28,
,4.8185,1.7638,35.3,
,4.8161,1.7647,35.32,
,4.8135,1.7657,35.34,
,4.811,1.7667,35.36,
,4.809,1.7677,35.38,
,4.807,1.7686,35.4,
,4.8049,1.7696,35.42,
,4.8031,1.7707,35.44,
,4.8016,1.7717,35.46,
,4.7994,1.7726,35.48,
,4.7968,1.7735,35.5,
,4.7947,1.7745,35.52,
,4.793,1.7756,35.54,
,4.7913,1.7766,35.56,
,4.7898,1.7776,35.58,
,4.7879,1.7786,35.6,
,4.7854,1.7795,35.62,
,4.7831,1.7806,35.64,
,4.7813,1.7816,35.66,
,4.7791,1.7825,35.68,
,4.7766,1.7835,35.7,
,4.7747,1.7846,35.72,
,4.7734,1.7857,35.74,
,4.7719,1.7868,35.76,
,4.7696,1.7877,35.78,
,4.7667,1.7887,35.8,
,4.7634,1.7896,35.82,
,4.7606,1.7907,35.84,
,4.7588,1.7918,35.86,
,4.7566,1.7927,35.88,
,4.7542,1.7938,35.9,
,4.7519,1.7948,35.92,
,4.7492,1.7957,35.94,
,4.7458,1.7966,35.96,
,4.7423,1.7976,35.98,
,4.7393,1.7985,36,
,4.7365,1.7995,36.02,
,4.7342,1.8006,36.04,
,4.7327,1.8016,36.06,
,4.7312,1.8026,36.08,
,4.7286,1.8036,36.1,
,4.7257,1.8046,36.12,
,4.7224,1.8055,36.14,
,4.7189,1.8065,36.16,
,4.7157,1.8075,36.18,
,4.7126,1.8085,36.2,
,4.7092,1.8096,36.22,
,4.7055,1.8107,36.24,
,4.7018,1.8117,36.26,
,4.6966,1.8126,36.28,
,4.689,1.8136,36.3,
,4.6789,1.8146,36.32,
,4.3004,1.8159,36.34,
,2.2331,1.8182,36.356,